filename,filepath,label,writer_id,generator,generation_type,reference_used,reference_based,generation_batch,split
1-01.tif,..\processed_dataset\genuine\1.0\1-01.png,0,1.0,Human,genuine,No,0,,train
1-02.tif,..\processed_dataset\genuine\1.0\1-02.png,0,1.0,Human,genuine,No,0,,train
1-03.tif,..\processed_dataset\genuine\1.0\1-03.png,0,1.0,Human,genuine,No,0,,train
1-04.tif,..\processed_dataset\genuine\1.0\1-04.png,0,1.0,Human,genuine,No,0,,train
1-05.tif,..\processed_dataset\genuine\1.0\1-05.png,0,1.0,Human,genuine,No,0,,train
1-06.tif,..\processed_dataset\genuine\1.0\1-06.png,0,1.0,Human,genuine,No,0,,train
1-07.tif,..\processed_dataset\genuine\1.0\1-07.png,0,1.0,Human,genuine,No,0,,train
1-08.tif,..\processed_dataset\genuine\1.0\1-08.png,0,1.0,Human,genuine,No,0,,train
1-09.tif,..\processed_dataset\genuine\1.0\1-09.png,0,1.0,Human,genuine,No,0,,train
1-10.tif,..\processed_dataset\genuine\1.0\1-10.png,0,1.0,Human,genuine,No,0,,train
10-01.tif,..\processed_dataset\genuine\10.0\10-01.png,0,10.0,Human,genuine,No,0,,val
10-02.tif,..\processed_dataset\genuine\10.0\10-02.png,0,10.0,Human,genuine,No,0,,val
10-03.tif,..\processed_dataset\genuine\10.0\10-03.png,0,10.0,Human,genuine,No,0,,val
10-04.tif,..\processed_dataset\genuine\10.0\10-04.png,0,10.0,Human,genuine,No,0,,val
10-05.tif,..\processed_dataset\genuine\10.0\10-05.png,0,10.0,Human,genuine,No,0,,val
10-06.tif,..\processed_dataset\genuine\10.0\10-06.png,0,10.0,Human,genuine,No,0,,val
10-07.tif,..\processed_dataset\genuine\10.0\10-07.png,0,10.0,Human,genuine,No,0,,val
10-08.tif,..\processed_dataset\genuine\10.0\10-08.png,0,10.0,Human,genuine,No,0,,val
10-09.tif,..\processed_dataset\genuine\10.0\10-09.png,0,10.0,Human,genuine,No,0,,val
10-10.tif,..\processed_dataset\genuine\10.0\10-10.png,0,10.0,Human,genuine,No,0,,val
100-01.tif,..\processed_dataset\genuine\100.0\100-01.png,0,100.0,Human,genuine,No,0,,test
100-02.tif,..\processed_dataset\genuine\100.0\100-02.png,0,100.0,Human,genuine,No,0,,test
100-03.tif,..\processed_dataset\genuine\100.0\100-03.png,0,100.0,Human,genuine,No,0,,test
100-04.tif,..\processed_dataset\genuine\100.0\100-04.png,0,100.0,Human,genuine,No,0,,test
100-05.tif,..\processed_dataset\genuine\100.0\100-05.png,0,100.0,Human,genuine,No,0,,test
100-06.tif,..\processed_dataset\genuine\100.0\100-06.png,0,100.0,Human,genuine,No,0,,test
100-07.tif,..\processed_dataset\genuine\100.0\100-07.png,0,100.0,Human,genuine,No,0,,test
100-08.tif,..\processed_dataset\genuine\100.0\100-08.png,0,100.0,Human,genuine,No,0,,test
100-09.tif,..\processed_dataset\genuine\100.0\100-09.png,0,100.0,Human,genuine,No,0,,test
100-10.tif,..\processed_dataset\genuine\100.0\100-10.png,0,100.0,Human,genuine,No,0,,test
11-01.tif,..\processed_dataset\genuine\11.0\11-01.png,0,11.0,Human,genuine,No,0,,train
11-02.tif,..\processed_dataset\genuine\11.0\11-02.png,0,11.0,Human,genuine,No,0,,train
11-03.tif,..\processed_dataset\genuine\11.0\11-03.png,0,11.0,Human,genuine,No,0,,train
11-04.tif,..\processed_dataset\genuine\11.0\11-04.png,0,11.0,Human,genuine,No,0,,train
11-05.tif,..\processed_dataset\genuine\11.0\11-05.png,0,11.0,Human,genuine,No,0,,train
11-06.tif,..\processed_dataset\genuine\11.0\11-06.png,0,11.0,Human,genuine,No,0,,train
11-07.tif,..\processed_dataset\genuine\11.0\11-07.png,0,11.0,Human,genuine,No,0,,train
11-08.tif,..\processed_dataset\genuine\11.0\11-08.png,0,11.0,Human,genuine,No,0,,train
11-09.tif,..\processed_dataset\genuine\11.0\11-09.png,0,11.0,Human,genuine,No,0,,train
11-10.tif,..\processed_dataset\genuine\11.0\11-10.png,0,11.0,Human,genuine,No,0,,train
12-01.tif,..\processed_dataset\genuine\12.0\12-01.png,0,12.0,Human,genuine,No,0,,train
12-02.tif,..\processed_dataset\genuine\12.0\12-02.png,0,12.0,Human,genuine,No,0,,train
12-03.tif,..\processed_dataset\genuine\12.0\12-03.png,0,12.0,Human,genuine,No,0,,train
12-04.tif,..\processed_dataset\genuine\12.0\12-04.png,0,12.0,Human,genuine,No,0,,train
12-05.tif,..\processed_dataset\genuine\12.0\12-05.png,0,12.0,Human,genuine,No,0,,train
12-06.tif,..\processed_dataset\genuine\12.0\12-06.png,0,12.0,Human,genuine,No,0,,train
12-07.tif,..\processed_dataset\genuine\12.0\12-07.png,0,12.0,Human,genuine,No,0,,train
12-08.tif,..\processed_dataset\genuine\12.0\12-08.png,0,12.0,Human,genuine,No,0,,train
12-09.tif,..\processed_dataset\genuine\12.0\12-09.png,0,12.0,Human,genuine,No,0,,train
12-10.tif,..\processed_dataset\genuine\12.0\12-10.png,0,12.0,Human,genuine,No,0,,train
13-01.tif,..\processed_dataset\genuine\13.0\13-01.png,0,13.0,Human,genuine,No,0,,train
13-02.tif,..\processed_dataset\genuine\13.0\13-02.png,0,13.0,Human,genuine,No,0,,train
13-03.tif,..\processed_dataset\genuine\13.0\13-03.png,0,13.0,Human,genuine,No,0,,train
13-04.tif,..\processed_dataset\genuine\13.0\13-04.png,0,13.0,Human,genuine,No,0,,train
13-05.tif,..\processed_dataset\genuine\13.0\13-05.png,0,13.0,Human,genuine,No,0,,train
13-06.tif,..\processed_dataset\genuine\13.0\13-06.png,0,13.0,Human,genuine,No,0,,train
13-07.tif,..\processed_dataset\genuine\13.0\13-07.png,0,13.0,Human,genuine,No,0,,train
13-08.tif,..\processed_dataset\genuine\13.0\13-08.png,0,13.0,Human,genuine,No,0,,train
13-09.tif,..\processed_dataset\genuine\13.0\13-09.png,0,13.0,Human,genuine,No,0,,train
13-10.tif,..\processed_dataset\genuine\13.0\13-10.png,0,13.0,Human,genuine,No,0,,train
14-01.tif,..\processed_dataset\genuine\14.0\14-01.png,0,14.0,Human,genuine,No,0,,train
14-02.tif,..\processed_dataset\genuine\14.0\14-02.png,0,14.0,Human,genuine,No,0,,train
14-03.tif,..\processed_dataset\genuine\14.0\14-03.png,0,14.0,Human,genuine,No,0,,train
14-04.tif,..\processed_dataset\genuine\14.0\14-04.png,0,14.0,Human,genuine,No,0,,train
14-05.tif,..\processed_dataset\genuine\14.0\14-05.png,0,14.0,Human,genuine,No,0,,train
14-06.tif,..\processed_dataset\genuine\14.0\14-06.png,0,14.0,Human,genuine,No,0,,train
14-07.tif,..\processed_dataset\genuine\14.0\14-07.png,0,14.0,Human,genuine,No,0,,train
14-08.tif,..\processed_dataset\genuine\14.0\14-08.png,0,14.0,Human,genuine,No,0,,train
14-09.tif,..\processed_dataset\genuine\14.0\14-09.png,0,14.0,Human,genuine,No,0,,train
14-10.tif,..\processed_dataset\genuine\14.0\14-10.png,0,14.0,Human,genuine,No,0,,train
15-01.tif,..\processed_dataset\genuine\15.0\15-01.png,0,15.0,Human,genuine,No,0,,train
15-02.tif,..\processed_dataset\genuine\15.0\15-02.png,0,15.0,Human,genuine,No,0,,train
15-03.tif,..\processed_dataset\genuine\15.0\15-03.png,0,15.0,Human,genuine,No,0,,train
15-04.tif,..\processed_dataset\genuine\15.0\15-04.png,0,15.0,Human,genuine,No,0,,train
15-05.tif,..\processed_dataset\genuine\15.0\15-05.png,0,15.0,Human,genuine,No,0,,train
15-06.tif,..\processed_dataset\genuine\15.0\15-06.png,0,15.0,Human,genuine,No,0,,train
15-07.tif,..\processed_dataset\genuine\15.0\15-07.png,0,15.0,Human,genuine,No,0,,train
15-08.tif,..\processed_dataset\genuine\15.0\15-08.png,0,15.0,Human,genuine,No,0,,train
15-09.tif,..\processed_dataset\genuine\15.0\15-09.png,0,15.0,Human,genuine,No,0,,train
16-01.tif,..\processed_dataset\genuine\16.0\16-01.png,0,16.0,Human,genuine,No,0,,train
16-02.tif,..\processed_dataset\genuine\16.0\16-02.png,0,16.0,Human,genuine,No,0,,train
16-03.tif,..\processed_dataset\genuine\16.0\16-03.png,0,16.0,Human,genuine,No,0,,train
16-04.tif,..\processed_dataset\genuine\16.0\16-04.png,0,16.0,Human,genuine,No,0,,train
16-05.tif,..\processed_dataset\genuine\16.0\16-05.png,0,16.0,Human,genuine,No,0,,train
16-06.tif,..\processed_dataset\genuine\16.0\16-06.png,0,16.0,Human,genuine,No,0,,train
16-07.tif,..\processed_dataset\genuine\16.0\16-07.png,0,16.0,Human,genuine,No,0,,train
16-08.tif,..\processed_dataset\genuine\16.0\16-08.png,0,16.0,Human,genuine,No,0,,train
16-09.tif,..\processed_dataset\genuine\16.0\16-09.png,0,16.0,Human,genuine,No,0,,train
16-10.tif,..\processed_dataset\genuine\16.0\16-10.png,0,16.0,Human,genuine,No,0,,train
17-01.tif,..\processed_dataset\genuine\17.0\17-01.png,0,17.0,Human,genuine,No,0,,train
17-02.tif,..\processed_dataset\genuine\17.0\17-02.png,0,17.0,Human,genuine,No,0,,train
17-03.tif,..\processed_dataset\genuine\17.0\17-03.png,0,17.0,Human,genuine,No,0,,train
17-04.tif,..\processed_dataset\genuine\17.0\17-04.png,0,17.0,Human,genuine,No,0,,train
17-05.tif,..\processed_dataset\genuine\17.0\17-05.png,0,17.0,Human,genuine,No,0,,train
17-06.tif,..\processed_dataset\genuine\17.0\17-06.png,0,17.0,Human,genuine,No,0,,train
17-07.tif,..\processed_dataset\genuine\17.0\17-07.png,0,17.0,Human,genuine,No,0,,train
17-08.tif,..\processed_dataset\genuine\17.0\17-08.png,0,17.0,Human,genuine,No,0,,train
17-09.tif,..\processed_dataset\genuine\17.0\17-09.png,0,17.0,Human,genuine,No,0,,train
17-10.tif,..\processed_dataset\genuine\17.0\17-10.png,0,17.0,Human,genuine,No,0,,train
18-01.tif,..\processed_dataset\genuine\18.0\18-01.png,0,18.0,Human,genuine,No,0,,train
18-02.tif,..\processed_dataset\genuine\18.0\18-02.png,0,18.0,Human,genuine,No,0,,train
18-03.tif,..\processed_dataset\genuine\18.0\18-03.png,0,18.0,Human,genuine,No,0,,train
18-04.tif,..\processed_dataset\genuine\18.0\18-04.png,0,18.0,Human,genuine,No,0,,train
18-05.tif,..\processed_dataset\genuine\18.0\18-05.png,0,18.0,Human,genuine,No,0,,train
18-06.tif,..\processed_dataset\genuine\18.0\18-06.png,0,18.0,Human,genuine,No,0,,train
18-07.tif,..\processed_dataset\genuine\18.0\18-07.png,0,18.0,Human,genuine,No,0,,train
18-08.tif,..\processed_dataset\genuine\18.0\18-08.png,0,18.0,Human,genuine,No,0,,train
18-09.tif,..\processed_dataset\genuine\18.0\18-09.png,0,18.0,Human,genuine,No,0,,train
18-10.tif,..\processed_dataset\genuine\18.0\18-10.png,0,18.0,Human,genuine,No,0,,train
19-01.tif,..\processed_dataset\genuine\19.0\19-01.png,0,19.0,Human,genuine,No,0,,train
19-02.tif,..\processed_dataset\genuine\19.0\19-02.png,0,19.0,Human,genuine,No,0,,train
19-03.tif,..\processed_dataset\genuine\19.0\19-03.png,0,19.0,Human,genuine,No,0,,train
19-04.tif,..\processed_dataset\genuine\19.0\19-04.png,0,19.0,Human,genuine,No,0,,train
19-05.tif,..\processed_dataset\genuine\19.0\19-05.png,0,19.0,Human,genuine,No,0,,train
19-06.tif,..\processed_dataset\genuine\19.0\19-06.png,0,19.0,Human,genuine,No,0,,train
19-07.tif,..\processed_dataset\genuine\19.0\19-07.png,0,19.0,Human,genuine,No,0,,train
19-08.tif,..\processed_dataset\genuine\19.0\19-08.png,0,19.0,Human,genuine,No,0,,train
19-09.tif,..\processed_dataset\genuine\19.0\19-09.png,0,19.0,Human,genuine,No,0,,train
19-10.tif,..\processed_dataset\genuine\19.0\19-10.png,0,19.0,Human,genuine,No,0,,train
2-01.tif,..\processed_dataset\genuine\2.0\2-01.png,0,2.0,Human,genuine,No,0,,train
2-02.tif,..\processed_dataset\genuine\2.0\2-02.png,0,2.0,Human,genuine,No,0,,train
2-03.tif,..\processed_dataset\genuine\2.0\2-03.png,0,2.0,Human,genuine,No,0,,train
2-04.tif,..\processed_dataset\genuine\2.0\2-04.png,0,2.0,Human,genuine,No,0,,train
2-05.tif,..\processed_dataset\genuine\2.0\2-05.png,0,2.0,Human,genuine,No,0,,train
2-06.tif,..\processed_dataset\genuine\2.0\2-06.png,0,2.0,Human,genuine,No,0,,train
2-07.tif,..\processed_dataset\genuine\2.0\2-07.png,0,2.0,Human,genuine,No,0,,train
2-08.tif,..\processed_dataset\genuine\2.0\2-08.png,0,2.0,Human,genuine,No,0,,train
2-09.tif,..\processed_dataset\genuine\2.0\2-09.png,0,2.0,Human,genuine,No,0,,train
2-10.tif,..\processed_dataset\genuine\2.0\2-10.png,0,2.0,Human,genuine,No,0,,train
20-01.tif,..\processed_dataset\genuine\20.0\20-01.png,0,20.0,Human,genuine,No,0,,train
20-02.tif,..\processed_dataset\genuine\20.0\20-02.png,0,20.0,Human,genuine,No,0,,train
20-03.tif,..\processed_dataset\genuine\20.0\20-03.png,0,20.0,Human,genuine,No,0,,train
20-04.tif,..\processed_dataset\genuine\20.0\20-04.png,0,20.0,Human,genuine,No,0,,train
20-05.tif,..\processed_dataset\genuine\20.0\20-05.png,0,20.0,Human,genuine,No,0,,train
20-06.tif,..\processed_dataset\genuine\20.0\20-06.png,0,20.0,Human,genuine,No,0,,train
21-01.tif,..\processed_dataset\genuine\21.0\21-01.png,0,21.0,Human,genuine,No,0,,test
21-02.tif,..\processed_dataset\genuine\21.0\21-02.png,0,21.0,Human,genuine,No,0,,test
21-03.tif,..\processed_dataset\genuine\21.0\21-03.png,0,21.0,Human,genuine,No,0,,test
21-04.tif,..\processed_dataset\genuine\21.0\21-04.png,0,21.0,Human,genuine,No,0,,test
21-05.tif,..\processed_dataset\genuine\21.0\21-05.png,0,21.0,Human,genuine,No,0,,test
21-06.tif,..\processed_dataset\genuine\21.0\21-06.png,0,21.0,Human,genuine,No,0,,test
21-07.tif,..\processed_dataset\genuine\21.0\21-07.png,0,21.0,Human,genuine,No,0,,test
21-08.tif,..\processed_dataset\genuine\21.0\21-08.png,0,21.0,Human,genuine,No,0,,test
21-09.tif,..\processed_dataset\genuine\21.0\21-09.png,0,21.0,Human,genuine,No,0,,test
21-10.tif,..\processed_dataset\genuine\21.0\21-10.png,0,21.0,Human,genuine,No,0,,test
22-01.tif,..\processed_dataset\genuine\22.0\22-01.png,0,22.0,Human,genuine,No,0,,train
22-02.tif,..\processed_dataset\genuine\22.0\22-02.png,0,22.0,Human,genuine,No,0,,train
22-03.tif,..\processed_dataset\genuine\22.0\22-03.png,0,22.0,Human,genuine,No,0,,train
22-04.tif,..\processed_dataset\genuine\22.0\22-04.png,0,22.0,Human,genuine,No,0,,train
22-05.tif,..\processed_dataset\genuine\22.0\22-05.png,0,22.0,Human,genuine,No,0,,train
22-06.tif,..\processed_dataset\genuine\22.0\22-06.png,0,22.0,Human,genuine,No,0,,train
22-07.tif,..\processed_dataset\genuine\22.0\22-07.png,0,22.0,Human,genuine,No,0,,train
22-08.tif,..\processed_dataset\genuine\22.0\22-08.png,0,22.0,Human,genuine,No,0,,train
22-09.tif,..\processed_dataset\genuine\22.0\22-09.png,0,22.0,Human,genuine,No,0,,train
22-10.tif,..\processed_dataset\genuine\22.0\22-10.png,0,22.0,Human,genuine,No,0,,train
23-01.tif,..\processed_dataset\genuine\23.0\23-01.png,0,23.0,Human,genuine,No,0,,train
23-02.tif,..\processed_dataset\genuine\23.0\23-02.png,0,23.0,Human,genuine,No,0,,train
23-03.tif,..\processed_dataset\genuine\23.0\23-03.png,0,23.0,Human,genuine,No,0,,train
23-04.tif,..\processed_dataset\genuine\23.0\23-04.png,0,23.0,Human,genuine,No,0,,train
23-05.tif,..\processed_dataset\genuine\23.0\23-05.png,0,23.0,Human,genuine,No,0,,train
23-06.tif,..\processed_dataset\genuine\23.0\23-06.png,0,23.0,Human,genuine,No,0,,train
23-07.tif,..\processed_dataset\genuine\23.0\23-07.png,0,23.0,Human,genuine,No,0,,train
23-08.tif,..\processed_dataset\genuine\23.0\23-08.png,0,23.0,Human,genuine,No,0,,train
23-09.tif,..\processed_dataset\genuine\23.0\23-09.png,0,23.0,Human,genuine,No,0,,train
23-10.tif,..\processed_dataset\genuine\23.0\23-10.png,0,23.0,Human,genuine,No,0,,train
25-01.tif,..\processed_dataset\genuine\24.0\25-01.png,0,24.0,Human,genuine,No,0,,train
25-02.tif,..\processed_dataset\genuine\24.0\25-02.png,0,24.0,Human,genuine,No,0,,train
25-03.tif,..\processed_dataset\genuine\24.0\25-03.png,0,24.0,Human,genuine,No,0,,train
25-04.tif,..\processed_dataset\genuine\24.0\25-04.png,0,24.0,Human,genuine,No,0,,train
25-05.tif,..\processed_dataset\genuine\24.0\25-05.png,0,24.0,Human,genuine,No,0,,train
25-06.tif,..\processed_dataset\genuine\24.0\25-06.png,0,24.0,Human,genuine,No,0,,train
25-07.tif,..\processed_dataset\genuine\24.0\25-07.png,0,24.0,Human,genuine,No,0,,train
25-08.tif,..\processed_dataset\genuine\24.0\25-08.png,0,24.0,Human,genuine,No,0,,train
25-09.tif,..\processed_dataset\genuine\24.0\25-09.png,0,24.0,Human,genuine,No,0,,train
25-10.tif,..\processed_dataset\genuine\24.0\25-10.png,0,24.0,Human,genuine,No,0,,train
26-01.tif,..\processed_dataset\genuine\25.0\26-01.png,0,25.0,Human,genuine,No,0,,train
26-02.tif,..\processed_dataset\genuine\25.0\26-02.png,0,25.0,Human,genuine,No,0,,train
26-03.tif,..\processed_dataset\genuine\25.0\26-03.png,0,25.0,Human,genuine,No,0,,train
26-04.tif,..\processed_dataset\genuine\25.0\26-04.png,0,25.0,Human,genuine,No,0,,train
26-05.tif,..\processed_dataset\genuine\25.0\26-05.png,0,25.0,Human,genuine,No,0,,train
26-06.tif,..\processed_dataset\genuine\25.0\26-06.png,0,25.0,Human,genuine,No,0,,train
26-07.tif,..\processed_dataset\genuine\25.0\26-07.png,0,25.0,Human,genuine,No,0,,train
26-08.tif,..\processed_dataset\genuine\25.0\26-08.png,0,25.0,Human,genuine,No,0,,train
26-09.tif,..\processed_dataset\genuine\25.0\26-09.png,0,25.0,Human,genuine,No,0,,train
26-10.tif,..\processed_dataset\genuine\25.0\26-10.png,0,25.0,Human,genuine,No,0,,train
27-01.tif,..\processed_dataset\genuine\26.0\27-01.png,0,26.0,Human,genuine,No,0,,train
27-02.tif,..\processed_dataset\genuine\26.0\27-02.png,0,26.0,Human,genuine,No,0,,train
27-03.tif,..\processed_dataset\genuine\26.0\27-03.png,0,26.0,Human,genuine,No,0,,train
27-04.tif,..\processed_dataset\genuine\26.0\27-04.png,0,26.0,Human,genuine,No,0,,train
27-05.tif,..\processed_dataset\genuine\26.0\27-05.png,0,26.0,Human,genuine,No,0,,train
27-06.tif,..\processed_dataset\genuine\26.0\27-06.png,0,26.0,Human,genuine,No,0,,train
27-07.tif,..\processed_dataset\genuine\26.0\27-07.png,0,26.0,Human,genuine,No,0,,train
27-08.tif,..\processed_dataset\genuine\26.0\27-08.png,0,26.0,Human,genuine,No,0,,train
27-09.tif,..\processed_dataset\genuine\26.0\27-09.png,0,26.0,Human,genuine,No,0,,train
27-10.tif,..\processed_dataset\genuine\26.0\27-10.png,0,26.0,Human,genuine,No,0,,train
28-01.tif,..\processed_dataset\genuine\27.0\28-01.png,0,27.0,Human,genuine,No,0,,test
28-02.tif,..\processed_dataset\genuine\27.0\28-02.png,0,27.0,Human,genuine,No,0,,test
28-03.tif,..\processed_dataset\genuine\27.0\28-03.png,0,27.0,Human,genuine,No,0,,test
28-04.tif,..\processed_dataset\genuine\27.0\28-04.png,0,27.0,Human,genuine,No,0,,test
28-05.tif,..\processed_dataset\genuine\27.0\28-05.png,0,27.0,Human,genuine,No,0,,test
28-06.tif,..\processed_dataset\genuine\27.0\28-06.png,0,27.0,Human,genuine,No,0,,test
28-07.tif,..\processed_dataset\genuine\27.0\28-07.png,0,27.0,Human,genuine,No,0,,test
28-08.tif,..\processed_dataset\genuine\27.0\28-08.png,0,27.0,Human,genuine,No,0,,test
28-09.tif,..\processed_dataset\genuine\27.0\28-09.png,0,27.0,Human,genuine,No,0,,test
28-10.tif,..\processed_dataset\genuine\27.0\28-10.png,0,27.0,Human,genuine,No,0,,test
29-01.tif,..\processed_dataset\genuine\28.0\29-01.png,0,28.0,Human,genuine,No,0,,test
29-02.tif,..\processed_dataset\genuine\28.0\29-02.png,0,28.0,Human,genuine,No,0,,test
29-03.tif,..\processed_dataset\genuine\28.0\29-03.png,0,28.0,Human,genuine,No,0,,test
29-04.tif,..\processed_dataset\genuine\28.0\29-04.png,0,28.0,Human,genuine,No,0,,test
29-05.tif,..\processed_dataset\genuine\28.0\29-05.png,0,28.0,Human,genuine,No,0,,test
29-06.tif,..\processed_dataset\genuine\28.0\29-06.png,0,28.0,Human,genuine,No,0,,test
29-07.tif,..\processed_dataset\genuine\28.0\29-07.png,0,28.0,Human,genuine,No,0,,test
29-08.tif,..\processed_dataset\genuine\28.0\29-08.png,0,28.0,Human,genuine,No,0,,test
29-09.tif,..\processed_dataset\genuine\28.0\29-09.png,0,28.0,Human,genuine,No,0,,test
29-10.tif,..\processed_dataset\genuine\28.0\29-10.png,0,28.0,Human,genuine,No,0,,test
30-01.tif,..\processed_dataset\genuine\29.0\30-01.png,0,29.0,Human,genuine,No,0,,train
30-02.tif,..\processed_dataset\genuine\29.0\30-02.png,0,29.0,Human,genuine,No,0,,train
30-03.tif,..\processed_dataset\genuine\29.0\30-03.png,0,29.0,Human,genuine,No,0,,train
30-04.tif,..\processed_dataset\genuine\29.0\30-04.png,0,29.0,Human,genuine,No,0,,train
30-05.tif,..\processed_dataset\genuine\29.0\30-05.png,0,29.0,Human,genuine,No,0,,train
30-06.tif,..\processed_dataset\genuine\29.0\30-06.png,0,29.0,Human,genuine,No,0,,train
30-07.tif,..\processed_dataset\genuine\29.0\30-07.png,0,29.0,Human,genuine,No,0,,train
30-08.tif,..\processed_dataset\genuine\29.0\30-08.png,0,29.0,Human,genuine,No,0,,train
30-09.tif,..\processed_dataset\genuine\29.0\30-09.png,0,29.0,Human,genuine,No,0,,train
30-10.tif,..\processed_dataset\genuine\29.0\30-10.png,0,29.0,Human,genuine,No,0,,train
3-01.tif,..\processed_dataset\genuine\3.0\3-01.png,0,3.0,Human,genuine,No,0,,test
3-02.tif,..\processed_dataset\genuine\3.0\3-02.png,0,3.0,Human,genuine,No,0,,test
3-03.tif,..\processed_dataset\genuine\3.0\3-03.png,0,3.0,Human,genuine,No,0,,test
3-04.tif,..\processed_dataset\genuine\3.0\3-04.png,0,3.0,Human,genuine,No,0,,test
3-05.tif,..\processed_dataset\genuine\3.0\3-05.png,0,3.0,Human,genuine,No,0,,test
3-06.tif,..\processed_dataset\genuine\3.0\3-06.png,0,3.0,Human,genuine,No,0,,test
3-07.tif,..\processed_dataset\genuine\3.0\3-07.png,0,3.0,Human,genuine,No,0,,test
3-08.tif,..\processed_dataset\genuine\3.0\3-08.png,0,3.0,Human,genuine,No,0,,test
3-09.tif,..\processed_dataset\genuine\3.0\3-09.png,0,3.0,Human,genuine,No,0,,test
3-10.tif,..\processed_dataset\genuine\3.0\3-10.png,0,3.0,Human,genuine,No,0,,test
30-01.tif,..\processed_dataset\genuine\30.0\30-01.png,0,30.0,Human,genuine,No,0,,train
30-02.tif,..\processed_dataset\genuine\30.0\30-02.png,0,30.0,Human,genuine,No,0,,train
30-03.tif,..\processed_dataset\genuine\30.0\30-03.png,0,30.0,Human,genuine,No,0,,train
30-04.tif,..\processed_dataset\genuine\30.0\30-04.png,0,30.0,Human,genuine,No,0,,train
30-05.tif,..\processed_dataset\genuine\30.0\30-05.png,0,30.0,Human,genuine,No,0,,train
30-06.tif,..\processed_dataset\genuine\30.0\30-06.png,0,30.0,Human,genuine,No,0,,train
30-07.tif,..\processed_dataset\genuine\30.0\30-07.png,0,30.0,Human,genuine,No,0,,train
30-08.tif,..\processed_dataset\genuine\30.0\30-08.png,0,30.0,Human,genuine,No,0,,train
30-09.tif,..\processed_dataset\genuine\30.0\30-09.png,0,30.0,Human,genuine,No,0,,train
30-10.tif,..\processed_dataset\genuine\30.0\30-10.png,0,30.0,Human,genuine,No,0,,train
31-01.tif,..\processed_dataset\genuine\31.0\31-01.png,0,31.0,Human,genuine,No,0,,train
31-02.tif,..\processed_dataset\genuine\31.0\31-02.png,0,31.0,Human,genuine,No,0,,train
31-03.tif,..\processed_dataset\genuine\31.0\31-03.png,0,31.0,Human,genuine,No,0,,train
31-04.tif,..\processed_dataset\genuine\31.0\31-04.png,0,31.0,Human,genuine,No,0,,train
31-05.tif,..\processed_dataset\genuine\31.0\31-05.png,0,31.0,Human,genuine,No,0,,train
31-06.tif,..\processed_dataset\genuine\31.0\31-06.png,0,31.0,Human,genuine,No,0,,train
31-07.tif,..\processed_dataset\genuine\31.0\31-07.png,0,31.0,Human,genuine,No,0,,train
31-08.tif,..\processed_dataset\genuine\31.0\31-08.png,0,31.0,Human,genuine,No,0,,train
31-09.tif,..\processed_dataset\genuine\31.0\31-09.png,0,31.0,Human,genuine,No,0,,train
31-10.tif,..\processed_dataset\genuine\31.0\31-10.png,0,31.0,Human,genuine,No,0,,train
32-01.tif,..\processed_dataset\genuine\32.0\32-01.png,0,32.0,Human,genuine,No,0,,train
32-02.tif,..\processed_dataset\genuine\32.0\32-02.png,0,32.0,Human,genuine,No,0,,train
32-03.tif,..\processed_dataset\genuine\32.0\32-03.png,0,32.0,Human,genuine,No,0,,train
32-04.tif,..\processed_dataset\genuine\32.0\32-04.png,0,32.0,Human,genuine,No,0,,train
32-05.tif,..\processed_dataset\genuine\32.0\32-05.png,0,32.0,Human,genuine,No,0,,train
32-06.tif,..\processed_dataset\genuine\32.0\32-06.png,0,32.0,Human,genuine,No,0,,train
32-07.tif,..\processed_dataset\genuine\32.0\32-07.png,0,32.0,Human,genuine,No,0,,train
32-08.tif,..\processed_dataset\genuine\32.0\32-08.png,0,32.0,Human,genuine,No,0,,train
32-09.tif,..\processed_dataset\genuine\32.0\32-09.png,0,32.0,Human,genuine,No,0,,train
32-10.tif,..\processed_dataset\genuine\32.0\32-10.png,0,32.0,Human,genuine,No,0,,train
33-01.tif,..\processed_dataset\genuine\33.0\33-01.png,0,33.0,Human,genuine,No,0,,train
33-02.tif,..\processed_dataset\genuine\33.0\33-02.png,0,33.0,Human,genuine,No,0,,train
33-03.tif,..\processed_dataset\genuine\33.0\33-03.png,0,33.0,Human,genuine,No,0,,train
33-04.tif,..\processed_dataset\genuine\33.0\33-04.png,0,33.0,Human,genuine,No,0,,train
33-05.tif,..\processed_dataset\genuine\33.0\33-05.png,0,33.0,Human,genuine,No,0,,train
33-06.tif,..\processed_dataset\genuine\33.0\33-06.png,0,33.0,Human,genuine,No,0,,train
33-07.tif,..\processed_dataset\genuine\33.0\33-07.png,0,33.0,Human,genuine,No,0,,train
33-08.tif,..\processed_dataset\genuine\33.0\33-08.png,0,33.0,Human,genuine,No,0,,train
33-09.tif,..\processed_dataset\genuine\33.0\33-09.png,0,33.0,Human,genuine,No,0,,train
33-10.tif,..\processed_dataset\genuine\33.0\33-10.png,0,33.0,Human,genuine,No,0,,train
34-01.tif,..\processed_dataset\genuine\34.0\34-01.png,0,34.0,Human,genuine,No,0,,train
34-02.tif,..\processed_dataset\genuine\34.0\34-02.png,0,34.0,Human,genuine,No,0,,train
34-03.tif,..\processed_dataset\genuine\34.0\34-03.png,0,34.0,Human,genuine,No,0,,train
34-04.tif,..\processed_dataset\genuine\34.0\34-04.png,0,34.0,Human,genuine,No,0,,train
34-05.tif,..\processed_dataset\genuine\34.0\34-05.png,0,34.0,Human,genuine,No,0,,train
34-06.tif,..\processed_dataset\genuine\34.0\34-06.png,0,34.0,Human,genuine,No,0,,train
34-07.tif,..\processed_dataset\genuine\34.0\34-07.png,0,34.0,Human,genuine,No,0,,train
34-08.tif,..\processed_dataset\genuine\34.0\34-08.png,0,34.0,Human,genuine,No,0,,train
34-09.tif,..\processed_dataset\genuine\34.0\34-09.png,0,34.0,Human,genuine,No,0,,train
34-10.tif,..\processed_dataset\genuine\34.0\34-10.png,0,34.0,Human,genuine,No,0,,train
35-01.tif,..\processed_dataset\genuine\35.0\35-01.png,0,35.0,Human,genuine,No,0,,val
35-02.tif,..\processed_dataset\genuine\35.0\35-02.png,0,35.0,Human,genuine,No,0,,val
35-03.tif,..\processed_dataset\genuine\35.0\35-03.png,0,35.0,Human,genuine,No,0,,val
35-04.tif,..\processed_dataset\genuine\35.0\35-04.png,0,35.0,Human,genuine,No,0,,val
35-05.tif,..\processed_dataset\genuine\35.0\35-05.png,0,35.0,Human,genuine,No,0,,val
35-06.tif,..\processed_dataset\genuine\35.0\35-06.png,0,35.0,Human,genuine,No,0,,val
35-07.tif,..\processed_dataset\genuine\35.0\35-07.png,0,35.0,Human,genuine,No,0,,val
35-08.tif,..\processed_dataset\genuine\35.0\35-08.png,0,35.0,Human,genuine,No,0,,val
35-09.tif,..\processed_dataset\genuine\35.0\35-09.png,0,35.0,Human,genuine,No,0,,val
35-10.tif,..\processed_dataset\genuine\35.0\35-10.png,0,35.0,Human,genuine,No,0,,val
36-01.tif,..\processed_dataset\genuine\36.0\36-01.png,0,36.0,Human,genuine,No,0,,train
36-02.tif,..\processed_dataset\genuine\36.0\36-02.png,0,36.0,Human,genuine,No,0,,train
36-03.tif,..\processed_dataset\genuine\36.0\36-03.png,0,36.0,Human,genuine,No,0,,train
36-04.tif,..\processed_dataset\genuine\36.0\36-04.png,0,36.0,Human,genuine,No,0,,train
36-05.tif,..\processed_dataset\genuine\36.0\36-05.png,0,36.0,Human,genuine,No,0,,train
36-06.tif,..\processed_dataset\genuine\36.0\36-06.png,0,36.0,Human,genuine,No,0,,train
36-07.tif,..\processed_dataset\genuine\36.0\36-07.png,0,36.0,Human,genuine,No,0,,train
36-08.tif,..\processed_dataset\genuine\36.0\36-08.png,0,36.0,Human,genuine,No,0,,train
36-09.tif,..\processed_dataset\genuine\36.0\36-09.png,0,36.0,Human,genuine,No,0,,train
36-10.tif,..\processed_dataset\genuine\36.0\36-10.png,0,36.0,Human,genuine,No,0,,train
37-01.tif,..\processed_dataset\genuine\37.0\37-01.png,0,37.0,Human,genuine,No,0,,train
37-02.tif,..\processed_dataset\genuine\37.0\37-02.png,0,37.0,Human,genuine,No,0,,train
37-03.tif,..\processed_dataset\genuine\37.0\37-03.png,0,37.0,Human,genuine,No,0,,train
37-04.tif,..\processed_dataset\genuine\37.0\37-04.png,0,37.0,Human,genuine,No,0,,train
37-05.tif,..\processed_dataset\genuine\37.0\37-05.png,0,37.0,Human,genuine,No,0,,train
37-06.tif,..\processed_dataset\genuine\37.0\37-06.png,0,37.0,Human,genuine,No,0,,train
37-07.tif,..\processed_dataset\genuine\37.0\37-07.png,0,37.0,Human,genuine,No,0,,train
37-08.tif,..\processed_dataset\genuine\37.0\37-08.png,0,37.0,Human,genuine,No,0,,train
37-09.tif,..\processed_dataset\genuine\37.0\37-09.png,0,37.0,Human,genuine,No,0,,train
37-10.tif,..\processed_dataset\genuine\37.0\37-10.png,0,37.0,Human,genuine,No,0,,train
38-01.tif,..\processed_dataset\genuine\38.0\38-01.png,0,38.0,Human,genuine,No,0,,val
38-02.tif,..\processed_dataset\genuine\38.0\38-02.png,0,38.0,Human,genuine,No,0,,val
38-03.tif,..\processed_dataset\genuine\38.0\38-03.png,0,38.0,Human,genuine,No,0,,val
38-04.tif,..\processed_dataset\genuine\38.0\38-04.png,0,38.0,Human,genuine,No,0,,val
38-05.tif,..\processed_dataset\genuine\38.0\38-05.png,0,38.0,Human,genuine,No,0,,val
38-06.tif,..\processed_dataset\genuine\38.0\38-06.png,0,38.0,Human,genuine,No,0,,val
38-07.tif,..\processed_dataset\genuine\38.0\38-07.png,0,38.0,Human,genuine,No,0,,val
38-08.tif,..\processed_dataset\genuine\38.0\38-08.png,0,38.0,Human,genuine,No,0,,val
38-09.tif,..\processed_dataset\genuine\38.0\38-09.png,0,38.0,Human,genuine,No,0,,val
38-10.tif,..\processed_dataset\genuine\38.0\38-10.png,0,38.0,Human,genuine,No,0,,val
39-01.tif,..\processed_dataset\genuine\39.0\39-01.png,0,39.0,Human,genuine,No,0,,train
39-02.tif,..\processed_dataset\genuine\39.0\39-02.png,0,39.0,Human,genuine,No,0,,train
39-03.tif,..\processed_dataset\genuine\39.0\39-03.png,0,39.0,Human,genuine,No,0,,train
39-04.tif,..\processed_dataset\genuine\39.0\39-04.png,0,39.0,Human,genuine,No,0,,train
39-05.tif,..\processed_dataset\genuine\39.0\39-05.png,0,39.0,Human,genuine,No,0,,train
39-06.tif,..\processed_dataset\genuine\39.0\39-06.png,0,39.0,Human,genuine,No,0,,train
39-07.tif,..\processed_dataset\genuine\39.0\39-07.png,0,39.0,Human,genuine,No,0,,train
39-08.tif,..\processed_dataset\genuine\39.0\39-08.png,0,39.0,Human,genuine,No,0,,train
39-09.tif,..\processed_dataset\genuine\39.0\39-09.png,0,39.0,Human,genuine,No,0,,train
39-10.tif,..\processed_dataset\genuine\39.0\39-10.png,0,39.0,Human,genuine,No,0,,train
4-01.tif,..\processed_dataset\genuine\4.0\4-01.png,0,4.0,Human,genuine,No,0,,train
4-02.tif,..\processed_dataset\genuine\4.0\4-02.png,0,4.0,Human,genuine,No,0,,train
4-03.tif,..\processed_dataset\genuine\4.0\4-03.png,0,4.0,Human,genuine,No,0,,train
4-04.tif,..\processed_dataset\genuine\4.0\4-04.png,0,4.0,Human,genuine,No,0,,train
4-05.tif,..\processed_dataset\genuine\4.0\4-05.png,0,4.0,Human,genuine,No,0,,train
4-06.tif,..\processed_dataset\genuine\4.0\4-06.png,0,4.0,Human,genuine,No,0,,train
4-07.tif,..\processed_dataset\genuine\4.0\4-07.png,0,4.0,Human,genuine,No,0,,train
4-08.tif,..\processed_dataset\genuine\4.0\4-08.png,0,4.0,Human,genuine,No,0,,train
4-09.tif,..\processed_dataset\genuine\4.0\4-09.png,0,4.0,Human,genuine,No,0,,train
4-10.tif,..\processed_dataset\genuine\4.0\4-10.png,0,4.0,Human,genuine,No,0,,train
40-01.tif,..\processed_dataset\genuine\40.0\40-01.png,0,40.0,Human,genuine,No,0,,train
40-02.tif,..\processed_dataset\genuine\40.0\40-02.png,0,40.0,Human,genuine,No,0,,train
40-03.tif,..\processed_dataset\genuine\40.0\40-03.png,0,40.0,Human,genuine,No,0,,train
40-04.tif,..\processed_dataset\genuine\40.0\40-04.png,0,40.0,Human,genuine,No,0,,train
40-05.tif,..\processed_dataset\genuine\40.0\40-05.png,0,40.0,Human,genuine,No,0,,train
40-06.tif,..\processed_dataset\genuine\40.0\40-06.png,0,40.0,Human,genuine,No,0,,train
40-07.tif,..\processed_dataset\genuine\40.0\40-07.png,0,40.0,Human,genuine,No,0,,train
40-08.tif,..\processed_dataset\genuine\40.0\40-08.png,0,40.0,Human,genuine,No,0,,train
40-09.tif,..\processed_dataset\genuine\40.0\40-09.png,0,40.0,Human,genuine,No,0,,train
40-10.tif,..\processed_dataset\genuine\40.0\40-10.png,0,40.0,Human,genuine,No,0,,train
41-01.tif,..\processed_dataset\genuine\41.0\41-01.png,0,41.0,Human,genuine,No,0,,train
41-02.tif,..\processed_dataset\genuine\41.0\41-02.png,0,41.0,Human,genuine,No,0,,train
41-03.tif,..\processed_dataset\genuine\41.0\41-03.png,0,41.0,Human,genuine,No,0,,train
41-04.tif,..\processed_dataset\genuine\41.0\41-04.png,0,41.0,Human,genuine,No,0,,train
41-05.tif,..\processed_dataset\genuine\41.0\41-05.png,0,41.0,Human,genuine,No,0,,train
41-06.tif,..\processed_dataset\genuine\41.0\41-06.png,0,41.0,Human,genuine,No,0,,train
41-07.tif,..\processed_dataset\genuine\41.0\41-07.png,0,41.0,Human,genuine,No,0,,train
41-08.tif,..\processed_dataset\genuine\41.0\41-08.png,0,41.0,Human,genuine,No,0,,train
41-09.tif,..\processed_dataset\genuine\41.0\41-09.png,0,41.0,Human,genuine,No,0,,train
41-10.tif,..\processed_dataset\genuine\41.0\41-10.png,0,41.0,Human,genuine,No,0,,train
42-01.tif,..\processed_dataset\genuine\42.0\42-01.png,0,42.0,Human,genuine,No,0,,val
42-02.tif,..\processed_dataset\genuine\42.0\42-02.png,0,42.0,Human,genuine,No,0,,val
42-03.tif,..\processed_dataset\genuine\42.0\42-03.png,0,42.0,Human,genuine,No,0,,val
42-04.tif,..\processed_dataset\genuine\42.0\42-04.png,0,42.0,Human,genuine,No,0,,val
42-05.tif,..\processed_dataset\genuine\42.0\42-05.png,0,42.0,Human,genuine,No,0,,val
42-06.tif,..\processed_dataset\genuine\42.0\42-06.png,0,42.0,Human,genuine,No,0,,val
42-07.tif,..\processed_dataset\genuine\42.0\42-07.png,0,42.0,Human,genuine,No,0,,val
42-08.tif,..\processed_dataset\genuine\42.0\42-08.png,0,42.0,Human,genuine,No,0,,val
42-09.tif,..\processed_dataset\genuine\42.0\42-09.png,0,42.0,Human,genuine,No,0,,val
42-10.tif,..\processed_dataset\genuine\42.0\42-10.png,0,42.0,Human,genuine,No,0,,val
43-01.tif,..\processed_dataset\genuine\43.0\43-01.png,0,43.0,Human,genuine,No,0,,train
43-02.tif,..\processed_dataset\genuine\43.0\43-02.png,0,43.0,Human,genuine,No,0,,train
43-03.tif,..\processed_dataset\genuine\43.0\43-03.png,0,43.0,Human,genuine,No,0,,train
43-04.tif,..\processed_dataset\genuine\43.0\43-04.png,0,43.0,Human,genuine,No,0,,train
43-05.tif,..\processed_dataset\genuine\43.0\43-05.png,0,43.0,Human,genuine,No,0,,train
43-06.tif,..\processed_dataset\genuine\43.0\43-06.png,0,43.0,Human,genuine,No,0,,train
43-07.tif,..\processed_dataset\genuine\43.0\43-07.png,0,43.0,Human,genuine,No,0,,train
43-08.tif,..\processed_dataset\genuine\43.0\43-08.png,0,43.0,Human,genuine,No,0,,train
43-09.tif,..\processed_dataset\genuine\43.0\43-09.png,0,43.0,Human,genuine,No,0,,train
43-10.tif,..\processed_dataset\genuine\43.0\43-10.png,0,43.0,Human,genuine,No,0,,train
44-01.tif,..\processed_dataset\genuine\44.0\44-01.png,0,44.0,Human,genuine,No,0,,train
44-02.tif,..\processed_dataset\genuine\44.0\44-02.png,0,44.0,Human,genuine,No,0,,train
44-03.tif,..\processed_dataset\genuine\44.0\44-03.png,0,44.0,Human,genuine,No,0,,train
44-04.tif,..\processed_dataset\genuine\44.0\44-04.png,0,44.0,Human,genuine,No,0,,train
44-05.tif,..\processed_dataset\genuine\44.0\44-05.png,0,44.0,Human,genuine,No,0,,train
44-06.tif,..\processed_dataset\genuine\44.0\44-06.png,0,44.0,Human,genuine,No,0,,train
44-07.tif,..\processed_dataset\genuine\44.0\44-07.png,0,44.0,Human,genuine,No,0,,train
44-08.tif,..\processed_dataset\genuine\44.0\44-08.png,0,44.0,Human,genuine,No,0,,train
44-09.tif,..\processed_dataset\genuine\44.0\44-09.png,0,44.0,Human,genuine,No,0,,train
44-10.tif,..\processed_dataset\genuine\44.0\44-10.png,0,44.0,Human,genuine,No,0,,train
45-01.tif,..\processed_dataset\genuine\45.0\45-01.png,0,45.0,Human,genuine,No,0,,train
45-02.tif,..\processed_dataset\genuine\45.0\45-02.png,0,45.0,Human,genuine,No,0,,train
45-03.tif,..\processed_dataset\genuine\45.0\45-03.png,0,45.0,Human,genuine,No,0,,train
45-04.tif,..\processed_dataset\genuine\45.0\45-04.png,0,45.0,Human,genuine,No,0,,train
45-05.tif,..\processed_dataset\genuine\45.0\45-05.png,0,45.0,Human,genuine,No,0,,train
45-06.tif,..\processed_dataset\genuine\45.0\45-06.png,0,45.0,Human,genuine,No,0,,train
45-07.tif,..\processed_dataset\genuine\45.0\45-07.png,0,45.0,Human,genuine,No,0,,train
45-08.tif,..\processed_dataset\genuine\45.0\45-08.png,0,45.0,Human,genuine,No,0,,train
45-09.tif,..\processed_dataset\genuine\45.0\45-09.png,0,45.0,Human,genuine,No,0,,train
45-10.tif,..\processed_dataset\genuine\45.0\45-10.png,0,45.0,Human,genuine,No,0,,train
46-01.tif,..\processed_dataset\genuine\46.0\46-01.png,0,46.0,Human,genuine,No,0,,val
46-02.tif,..\processed_dataset\genuine\46.0\46-02.png,0,46.0,Human,genuine,No,0,,val
46-03.tif,..\processed_dataset\genuine\46.0\46-03.png,0,46.0,Human,genuine,No,0,,val
46-04.tif,..\processed_dataset\genuine\46.0\46-04.png,0,46.0,Human,genuine,No,0,,val
46-05.tif,..\processed_dataset\genuine\46.0\46-05.png,0,46.0,Human,genuine,No,0,,val
46-06.tif,..\processed_dataset\genuine\46.0\46-06.png,0,46.0,Human,genuine,No,0,,val
46-07.tif,..\processed_dataset\genuine\46.0\46-07.png,0,46.0,Human,genuine,No,0,,val
46-08.tif,..\processed_dataset\genuine\46.0\46-08.png,0,46.0,Human,genuine,No,0,,val
46-09.tif,..\processed_dataset\genuine\46.0\46-09.png,0,46.0,Human,genuine,No,0,,val
46-10.tif,..\processed_dataset\genuine\46.0\46-10.png,0,46.0,Human,genuine,No,0,,val
47-01.tif,..\processed_dataset\genuine\47.0\47-01.png,0,47.0,Human,genuine,No,0,,train
47-02.tif,..\processed_dataset\genuine\47.0\47-02.png,0,47.0,Human,genuine,No,0,,train
47-03.tif,..\processed_dataset\genuine\47.0\47-03.png,0,47.0,Human,genuine,No,0,,train
47-04.tif,..\processed_dataset\genuine\47.0\47-04.png,0,47.0,Human,genuine,No,0,,train
47-05.tif,..\processed_dataset\genuine\47.0\47-05.png,0,47.0,Human,genuine,No,0,,train
47-06.tif,..\processed_dataset\genuine\47.0\47-06.png,0,47.0,Human,genuine,No,0,,train
47-07.tif,..\processed_dataset\genuine\47.0\47-07.png,0,47.0,Human,genuine,No,0,,train
47-08.tif,..\processed_dataset\genuine\47.0\47-08.png,0,47.0,Human,genuine,No,0,,train
47-09.tif,..\processed_dataset\genuine\47.0\47-09.png,0,47.0,Human,genuine,No,0,,train
47-10.tif,..\processed_dataset\genuine\47.0\47-10.png,0,47.0,Human,genuine,No,0,,train
48-01.tif,..\processed_dataset\genuine\48.0\48-01.png,0,48.0,Human,genuine,No,0,,train
48-02.tif,..\processed_dataset\genuine\48.0\48-02.png,0,48.0,Human,genuine,No,0,,train
48-03.tif,..\processed_dataset\genuine\48.0\48-03.png,0,48.0,Human,genuine,No,0,,train
48-04.tif,..\processed_dataset\genuine\48.0\48-04.png,0,48.0,Human,genuine,No,0,,train
48-05.tif,..\processed_dataset\genuine\48.0\48-05.png,0,48.0,Human,genuine,No,0,,train
48-06.tif,..\processed_dataset\genuine\48.0\48-06.png,0,48.0,Human,genuine,No,0,,train
48-07.tif,..\processed_dataset\genuine\48.0\48-07.png,0,48.0,Human,genuine,No,0,,train
48-08.tif,..\processed_dataset\genuine\48.0\48-08.png,0,48.0,Human,genuine,No,0,,train
48-09.tif,..\processed_dataset\genuine\48.0\48-09.png,0,48.0,Human,genuine,No,0,,train
48-10.tif,..\processed_dataset\genuine\48.0\48-10.png,0,48.0,Human,genuine,No,0,,train
49-01.tif,..\processed_dataset\genuine\49.0\49-01.png,0,49.0,Human,genuine,No,0,,train
49-02.tif,..\processed_dataset\genuine\49.0\49-02.png,0,49.0,Human,genuine,No,0,,train
49-03.tif,..\processed_dataset\genuine\49.0\49-03.png,0,49.0,Human,genuine,No,0,,train
49-04.tif,..\processed_dataset\genuine\49.0\49-04.png,0,49.0,Human,genuine,No,0,,train
49-05.tif,..\processed_dataset\genuine\49.0\49-05.png,0,49.0,Human,genuine,No,0,,train
49-06.tif,..\processed_dataset\genuine\49.0\49-06.png,0,49.0,Human,genuine,No,0,,train
49-07.tif,..\processed_dataset\genuine\49.0\49-07.png,0,49.0,Human,genuine,No,0,,train
49-08.tif,..\processed_dataset\genuine\49.0\49-08.png,0,49.0,Human,genuine,No,0,,train
49-09.tif,..\processed_dataset\genuine\49.0\49-09.png,0,49.0,Human,genuine,No,0,,train
49-10.tif,..\processed_dataset\genuine\49.0\49-10.png,0,49.0,Human,genuine,No,0,,train
5-01.tif,..\processed_dataset\genuine\5.0\5-01.png,0,5.0,Human,genuine,No,0,,train
5-02.tif,..\processed_dataset\genuine\5.0\5-02.png,0,5.0,Human,genuine,No,0,,train
5-03.tif,..\processed_dataset\genuine\5.0\5-03.png,0,5.0,Human,genuine,No,0,,train
5-04.tif,..\processed_dataset\genuine\5.0\5-04.png,0,5.0,Human,genuine,No,0,,train
5-05.tif,..\processed_dataset\genuine\5.0\5-05.png,0,5.0,Human,genuine,No,0,,train
5-06.tif,..\processed_dataset\genuine\5.0\5-06.png,0,5.0,Human,genuine,No,0,,train
5-07.tif,..\processed_dataset\genuine\5.0\5-07.png,0,5.0,Human,genuine,No,0,,train
5-08.tif,..\processed_dataset\genuine\5.0\5-08.png,0,5.0,Human,genuine,No,0,,train
5-09.tif,..\processed_dataset\genuine\5.0\5-09.png,0,5.0,Human,genuine,No,0,,train
5-10.tif,..\processed_dataset\genuine\5.0\5-10.png,0,5.0,Human,genuine,No,0,,train
50-01.tif,..\processed_dataset\genuine\50.0\50-01.png,0,50.0,Human,genuine,No,0,,train
50-02.tif,..\processed_dataset\genuine\50.0\50-02.png,0,50.0,Human,genuine,No,0,,train
50-03.tif,..\processed_dataset\genuine\50.0\50-03.png,0,50.0,Human,genuine,No,0,,train
50-04.tif,..\processed_dataset\genuine\50.0\50-04.png,0,50.0,Human,genuine,No,0,,train
50-05.tif,..\processed_dataset\genuine\50.0\50-05.png,0,50.0,Human,genuine,No,0,,train
50-06.tif,..\processed_dataset\genuine\50.0\50-06.png,0,50.0,Human,genuine,No,0,,train
50-07.tif,..\processed_dataset\genuine\50.0\50-07.png,0,50.0,Human,genuine,No,0,,train
50-08.tif,..\processed_dataset\genuine\50.0\50-08.png,0,50.0,Human,genuine,No,0,,train
50-09.tif,..\processed_dataset\genuine\50.0\50-09.png,0,50.0,Human,genuine,No,0,,train
50-10.tif,..\processed_dataset\genuine\50.0\50-10.png,0,50.0,Human,genuine,No,0,,train
51-01.tif,..\processed_dataset\genuine\51.0\51-01.png,0,51.0,Human,genuine,No,0,,train
51-02.tif,..\processed_dataset\genuine\51.0\51-02.png,0,51.0,Human,genuine,No,0,,train
51-03.tif,..\processed_dataset\genuine\51.0\51-03.png,0,51.0,Human,genuine,No,0,,train
51-04.tif,..\processed_dataset\genuine\51.0\51-04.png,0,51.0,Human,genuine,No,0,,train
51-05.tif,..\processed_dataset\genuine\51.0\51-05.png,0,51.0,Human,genuine,No,0,,train
51-06.tif,..\processed_dataset\genuine\51.0\51-06.png,0,51.0,Human,genuine,No,0,,train
51-07.tif,..\processed_dataset\genuine\51.0\51-07.png,0,51.0,Human,genuine,No,0,,train
51-08.tif,..\processed_dataset\genuine\51.0\51-08.png,0,51.0,Human,genuine,No,0,,train
51-09.tif,..\processed_dataset\genuine\51.0\51-09.png,0,51.0,Human,genuine,No,0,,train
51-10.tif,..\processed_dataset\genuine\51.0\51-10.png,0,51.0,Human,genuine,No,0,,train
52-01.tif,..\processed_dataset\genuine\52.0\52-01.png,0,52.0,Human,genuine,No,0,,val
52-02.tif,..\processed_dataset\genuine\52.0\52-02.png,0,52.0,Human,genuine,No,0,,val
52-03.tif,..\processed_dataset\genuine\52.0\52-03.png,0,52.0,Human,genuine,No,0,,val
52-04.tif,..\processed_dataset\genuine\52.0\52-04.png,0,52.0,Human,genuine,No,0,,val
52-05.tif,..\processed_dataset\genuine\52.0\52-05.png,0,52.0,Human,genuine,No,0,,val
52-06.tif,..\processed_dataset\genuine\52.0\52-06.png,0,52.0,Human,genuine,No,0,,val
52-07.tif,..\processed_dataset\genuine\52.0\52-07.png,0,52.0,Human,genuine,No,0,,val
52-08.tif,..\processed_dataset\genuine\52.0\52-08.png,0,52.0,Human,genuine,No,0,,val
52-09.tif,..\processed_dataset\genuine\52.0\52-09.png,0,52.0,Human,genuine,No,0,,val
52-10.tif,..\processed_dataset\genuine\52.0\52-10.png,0,52.0,Human,genuine,No,0,,val
53-01.tif,..\processed_dataset\genuine\53.0\53-01.png,0,53.0,Human,genuine,No,0,,train
53-02.tif,..\processed_dataset\genuine\53.0\53-02.png,0,53.0,Human,genuine,No,0,,train
53-03.tif,..\processed_dataset\genuine\53.0\53-03.png,0,53.0,Human,genuine,No,0,,train
53-04.tif,..\processed_dataset\genuine\53.0\53-04.png,0,53.0,Human,genuine,No,0,,train
53-05.tif,..\processed_dataset\genuine\53.0\53-05.png,0,53.0,Human,genuine,No,0,,train
53-06.tif,..\processed_dataset\genuine\53.0\53-06.png,0,53.0,Human,genuine,No,0,,train
53-07.tif,..\processed_dataset\genuine\53.0\53-07.png,0,53.0,Human,genuine,No,0,,train
53-08.tif,..\processed_dataset\genuine\53.0\53-08.png,0,53.0,Human,genuine,No,0,,train
53-09.tif,..\processed_dataset\genuine\53.0\53-09.png,0,53.0,Human,genuine,No,0,,train
53-10.tif,..\processed_dataset\genuine\53.0\53-10.png,0,53.0,Human,genuine,No,0,,train
54-01.tif,..\processed_dataset\genuine\54.0\54-01.png,0,54.0,Human,genuine,No,0,,train
54-02.tif,..\processed_dataset\genuine\54.0\54-02.png,0,54.0,Human,genuine,No,0,,train
54-03.tif,..\processed_dataset\genuine\54.0\54-03.png,0,54.0,Human,genuine,No,0,,train
54-04.tif,..\processed_dataset\genuine\54.0\54-04.png,0,54.0,Human,genuine,No,0,,train
54-05.tif,..\processed_dataset\genuine\54.0\54-05.png,0,54.0,Human,genuine,No,0,,train
54-06.tif,..\processed_dataset\genuine\54.0\54-06.png,0,54.0,Human,genuine,No,0,,train
54-07.tif,..\processed_dataset\genuine\54.0\54-07.png,0,54.0,Human,genuine,No,0,,train
54-08.tif,..\processed_dataset\genuine\54.0\54-08.png,0,54.0,Human,genuine,No,0,,train
54-09.tif,..\processed_dataset\genuine\54.0\54-09.png,0,54.0,Human,genuine,No,0,,train
54-10.tif,..\processed_dataset\genuine\54.0\54-10.png,0,54.0,Human,genuine,No,0,,train
55-01.tif,..\processed_dataset\genuine\55.0\55-01.png,0,55.0,Human,genuine,No,0,,test
55-02.tif,..\processed_dataset\genuine\55.0\55-02.png,0,55.0,Human,genuine,No,0,,test
55-03.tif,..\processed_dataset\genuine\55.0\55-03.png,0,55.0,Human,genuine,No,0,,test
55-04.tif,..\processed_dataset\genuine\55.0\55-04.png,0,55.0,Human,genuine,No,0,,test
55-05.tif,..\processed_dataset\genuine\55.0\55-05.png,0,55.0,Human,genuine,No,0,,test
55-06.tif,..\processed_dataset\genuine\55.0\55-06.png,0,55.0,Human,genuine,No,0,,test
55-07.tif,..\processed_dataset\genuine\55.0\55-07.png,0,55.0,Human,genuine,No,0,,test
55-08.tif,..\processed_dataset\genuine\55.0\55-08.png,0,55.0,Human,genuine,No,0,,test
55-09.tif,..\processed_dataset\genuine\55.0\55-09.png,0,55.0,Human,genuine,No,0,,test
55-10.tif,..\processed_dataset\genuine\55.0\55-10.png,0,55.0,Human,genuine,No,0,,test
56-01.tif,..\processed_dataset\genuine\56.0\56-01.png,0,56.0,Human,genuine,No,0,,test
56-02.tif,..\processed_dataset\genuine\56.0\56-02.png,0,56.0,Human,genuine,No,0,,test
56-03.tif,..\processed_dataset\genuine\56.0\56-03.png,0,56.0,Human,genuine,No,0,,test
56-04.tif,..\processed_dataset\genuine\56.0\56-04.png,0,56.0,Human,genuine,No,0,,test
56-05.tif,..\processed_dataset\genuine\56.0\56-05.png,0,56.0,Human,genuine,No,0,,test
56-06.tif,..\processed_dataset\genuine\56.0\56-06.png,0,56.0,Human,genuine,No,0,,test
56-07.tif,..\processed_dataset\genuine\56.0\56-07.png,0,56.0,Human,genuine,No,0,,test
56-08.tif,..\processed_dataset\genuine\56.0\56-08.png,0,56.0,Human,genuine,No,0,,test
56-09.tif,..\processed_dataset\genuine\56.0\56-09.png,0,56.0,Human,genuine,No,0,,test
56-10.tif,..\processed_dataset\genuine\56.0\56-10.png,0,56.0,Human,genuine,No,0,,test
57-01.tif,..\processed_dataset\genuine\57.0\57-01.png,0,57.0,Human,genuine,No,0,,train
57-02.tif,..\processed_dataset\genuine\57.0\57-02.png,0,57.0,Human,genuine,No,0,,train
57-03.tif,..\processed_dataset\genuine\57.0\57-03.png,0,57.0,Human,genuine,No,0,,train
57-04.tif,..\processed_dataset\genuine\57.0\57-04.png,0,57.0,Human,genuine,No,0,,train
57-05.tif,..\processed_dataset\genuine\57.0\57-05.png,0,57.0,Human,genuine,No,0,,train
57-06.tif,..\processed_dataset\genuine\57.0\57-06.png,0,57.0,Human,genuine,No,0,,train
57-07.tif,..\processed_dataset\genuine\57.0\57-07.png,0,57.0,Human,genuine,No,0,,train
57-08.tif,..\processed_dataset\genuine\57.0\57-08.png,0,57.0,Human,genuine,No,0,,train
57-09.tif,..\processed_dataset\genuine\57.0\57-09.png,0,57.0,Human,genuine,No,0,,train
57-10.tif,..\processed_dataset\genuine\57.0\57-10.png,0,57.0,Human,genuine,No,0,,train
58-01.tif,..\processed_dataset\genuine\58.0\58-01.png,0,58.0,Human,genuine,No,0,,train
58-02.tif,..\processed_dataset\genuine\58.0\58-02.png,0,58.0,Human,genuine,No,0,,train
58-03.tif,..\processed_dataset\genuine\58.0\58-03.png,0,58.0,Human,genuine,No,0,,train
58-04.tif,..\processed_dataset\genuine\58.0\58-04.png,0,58.0,Human,genuine,No,0,,train
58-05.tif,..\processed_dataset\genuine\58.0\58-05.png,0,58.0,Human,genuine,No,0,,train
58-06.tif,..\processed_dataset\genuine\58.0\58-06.png,0,58.0,Human,genuine,No,0,,train
58-07.tif,..\processed_dataset\genuine\58.0\58-07.png,0,58.0,Human,genuine,No,0,,train
58-08.tif,..\processed_dataset\genuine\58.0\58-08.png,0,58.0,Human,genuine,No,0,,train
58-09.tif,..\processed_dataset\genuine\58.0\58-09.png,0,58.0,Human,genuine,No,0,,train
58-10.tif,..\processed_dataset\genuine\58.0\58-10.png,0,58.0,Human,genuine,No,0,,train
59-01.tif,..\processed_dataset\genuine\59.0\59-01.png,0,59.0,Human,genuine,No,0,,train
59-02.tif,..\processed_dataset\genuine\59.0\59-02.png,0,59.0,Human,genuine,No,0,,train
59-03.tif,..\processed_dataset\genuine\59.0\59-03.png,0,59.0,Human,genuine,No,0,,train
59-04.tif,..\processed_dataset\genuine\59.0\59-04.png,0,59.0,Human,genuine,No,0,,train
59-05.tif,..\processed_dataset\genuine\59.0\59-05.png,0,59.0,Human,genuine,No,0,,train
59-06.tif,..\processed_dataset\genuine\59.0\59-06.png,0,59.0,Human,genuine,No,0,,train
59-07.tif,..\processed_dataset\genuine\59.0\59-07.png,0,59.0,Human,genuine,No,0,,train
59-08.tif,..\processed_dataset\genuine\59.0\59-08.png,0,59.0,Human,genuine,No,0,,train
59-09.tif,..\processed_dataset\genuine\59.0\59-09.png,0,59.0,Human,genuine,No,0,,train
59-10.tif,..\processed_dataset\genuine\59.0\59-10.png,0,59.0,Human,genuine,No,0,,train
6-01.tif,..\processed_dataset\genuine\6.0\6-01.png,0,6.0,Human,genuine,No,0,,train
6-02.tif,..\processed_dataset\genuine\6.0\6-02.png,0,6.0,Human,genuine,No,0,,train
6-03.tif,..\processed_dataset\genuine\6.0\6-03.png,0,6.0,Human,genuine,No,0,,train
6-04.tif,..\processed_dataset\genuine\6.0\6-04.png,0,6.0,Human,genuine,No,0,,train
6-05.tif,..\processed_dataset\genuine\6.0\6-05.png,0,6.0,Human,genuine,No,0,,train
6-06.tif,..\processed_dataset\genuine\6.0\6-06.png,0,6.0,Human,genuine,No,0,,train
6-07.tif,..\processed_dataset\genuine\6.0\6-07.png,0,6.0,Human,genuine,No,0,,train
6-08.tif,..\processed_dataset\genuine\6.0\6-08.png,0,6.0,Human,genuine,No,0,,train
6-09.tif,..\processed_dataset\genuine\6.0\6-09.png,0,6.0,Human,genuine,No,0,,train
6-10.tif,..\processed_dataset\genuine\6.0\6-10.png,0,6.0,Human,genuine,No,0,,train
60-01.tif,..\processed_dataset\genuine\60.0\60-01.png,0,60.0,Human,genuine,No,0,,val
60-02.tif,..\processed_dataset\genuine\60.0\60-02.png,0,60.0,Human,genuine,No,0,,val
60-03.tif,..\processed_dataset\genuine\60.0\60-03.png,0,60.0,Human,genuine,No,0,,val
60-04.tif,..\processed_dataset\genuine\60.0\60-04.png,0,60.0,Human,genuine,No,0,,val
60-05.tif,..\processed_dataset\genuine\60.0\60-05.png,0,60.0,Human,genuine,No,0,,val
60-06.tif,..\processed_dataset\genuine\60.0\60-06.png,0,60.0,Human,genuine,No,0,,val
60-07.tif,..\processed_dataset\genuine\60.0\60-07.png,0,60.0,Human,genuine,No,0,,val
60-08.tif,..\processed_dataset\genuine\60.0\60-08.png,0,60.0,Human,genuine,No,0,,val
60-09.tif,..\processed_dataset\genuine\60.0\60-09.png,0,60.0,Human,genuine,No,0,,val
60-10.tif,..\processed_dataset\genuine\60.0\60-10.png,0,60.0,Human,genuine,No,0,,val
61-01.tif,..\processed_dataset\genuine\61.0\61-01.png,0,61.0,Human,genuine,No,0,,val
61-02.tif,..\processed_dataset\genuine\61.0\61-02.png,0,61.0,Human,genuine,No,0,,val
61-03.tif,..\processed_dataset\genuine\61.0\61-03.png,0,61.0,Human,genuine,No,0,,val
61-04.tif,..\processed_dataset\genuine\61.0\61-04.png,0,61.0,Human,genuine,No,0,,val
61-05.tif,..\processed_dataset\genuine\61.0\61-05.png,0,61.0,Human,genuine,No,0,,val
61-06.tif,..\processed_dataset\genuine\61.0\61-06.png,0,61.0,Human,genuine,No,0,,val
61-07.tif,..\processed_dataset\genuine\61.0\61-07.png,0,61.0,Human,genuine,No,0,,val
61-08.tif,..\processed_dataset\genuine\61.0\61-08.png,0,61.0,Human,genuine,No,0,,val
61-09.tif,..\processed_dataset\genuine\61.0\61-09.png,0,61.0,Human,genuine,No,0,,val
61-10.tif,..\processed_dataset\genuine\61.0\61-10.png,0,61.0,Human,genuine,No,0,,val
62-01.tif,..\processed_dataset\genuine\62.0\62-01.png,0,62.0,Human,genuine,No,0,,val
62-02.tif,..\processed_dataset\genuine\62.0\62-02.png,0,62.0,Human,genuine,No,0,,val
62-03.tif,..\processed_dataset\genuine\62.0\62-03.png,0,62.0,Human,genuine,No,0,,val
62-04.tif,..\processed_dataset\genuine\62.0\62-04.png,0,62.0,Human,genuine,No,0,,val
62-05.tif,..\processed_dataset\genuine\62.0\62-05.png,0,62.0,Human,genuine,No,0,,val
62-06.tif,..\processed_dataset\genuine\62.0\62-06.png,0,62.0,Human,genuine,No,0,,val
62-07.tif,..\processed_dataset\genuine\62.0\62-07.png,0,62.0,Human,genuine,No,0,,val
62-08.tif,..\processed_dataset\genuine\62.0\62-08.png,0,62.0,Human,genuine,No,0,,val
62-09.tif,..\processed_dataset\genuine\62.0\62-09.png,0,62.0,Human,genuine,No,0,,val
62-10.tif,..\processed_dataset\genuine\62.0\62-10.png,0,62.0,Human,genuine,No,0,,val
63-01.tif,..\processed_dataset\genuine\63.0\63-01.png,0,63.0,Human,genuine,No,0,,test
63-02.tif,..\processed_dataset\genuine\63.0\63-02.png,0,63.0,Human,genuine,No,0,,test
63-03.tif,..\processed_dataset\genuine\63.0\63-03.png,0,63.0,Human,genuine,No,0,,test
63-04.tif,..\processed_dataset\genuine\63.0\63-04.png,0,63.0,Human,genuine,No,0,,test
63-05.tif,..\processed_dataset\genuine\63.0\63-05.png,0,63.0,Human,genuine,No,0,,test
63-06.tif,..\processed_dataset\genuine\63.0\63-06.png,0,63.0,Human,genuine,No,0,,test
63-07.tif,..\processed_dataset\genuine\63.0\63-07.png,0,63.0,Human,genuine,No,0,,test
63-08.tif,..\processed_dataset\genuine\63.0\63-08.png,0,63.0,Human,genuine,No,0,,test
63-09.tif,..\processed_dataset\genuine\63.0\63-09.png,0,63.0,Human,genuine,No,0,,test
63-10.tif,..\processed_dataset\genuine\63.0\63-10.png,0,63.0,Human,genuine,No,0,,test
64-01.tif,..\processed_dataset\genuine\64.0\64-01.png,0,64.0,Human,genuine,No,0,,train
64-02.tif,..\processed_dataset\genuine\64.0\64-02.png,0,64.0,Human,genuine,No,0,,train
64-03.tif,..\processed_dataset\genuine\64.0\64-03.png,0,64.0,Human,genuine,No,0,,train
64-04.tif,..\processed_dataset\genuine\64.0\64-04.png,0,64.0,Human,genuine,No,0,,train
64-05.tif,..\processed_dataset\genuine\64.0\64-05.png,0,64.0,Human,genuine,No,0,,train
64-06.tif,..\processed_dataset\genuine\64.0\64-06.png,0,64.0,Human,genuine,No,0,,train
64-07.tif,..\processed_dataset\genuine\64.0\64-07.png,0,64.0,Human,genuine,No,0,,train
64-08.tif,..\processed_dataset\genuine\64.0\64-08.png,0,64.0,Human,genuine,No,0,,train
64-09.tif,..\processed_dataset\genuine\64.0\64-09.png,0,64.0,Human,genuine,No,0,,train
64-10.tif,..\processed_dataset\genuine\64.0\64-10.png,0,64.0,Human,genuine,No,0,,train
65-01.tif,..\processed_dataset\genuine\65.0\65-01.png,0,65.0,Human,genuine,No,0,,train
65-02.tif,..\processed_dataset\genuine\65.0\65-02.png,0,65.0,Human,genuine,No,0,,train
65-03.tif,..\processed_dataset\genuine\65.0\65-03.png,0,65.0,Human,genuine,No,0,,train
65-04.tif,..\processed_dataset\genuine\65.0\65-04.png,0,65.0,Human,genuine,No,0,,train
65-05.tif,..\processed_dataset\genuine\65.0\65-05.png,0,65.0,Human,genuine,No,0,,train
65-06.tif,..\processed_dataset\genuine\65.0\65-06.png,0,65.0,Human,genuine,No,0,,train
65-07.tif,..\processed_dataset\genuine\65.0\65-07.png,0,65.0,Human,genuine,No,0,,train
65-08.tif,..\processed_dataset\genuine\65.0\65-08.png,0,65.0,Human,genuine,No,0,,train
65-09.tif,..\processed_dataset\genuine\65.0\65-09.png,0,65.0,Human,genuine,No,0,,train
65-10.tif,..\processed_dataset\genuine\65.0\65-10.png,0,65.0,Human,genuine,No,0,,train
66-01.tif,..\processed_dataset\genuine\66.0\66-01.png,0,66.0,Human,genuine,No,0,,val
66-02.tif,..\processed_dataset\genuine\66.0\66-02.png,0,66.0,Human,genuine,No,0,,val
66-03.tif,..\processed_dataset\genuine\66.0\66-03.png,0,66.0,Human,genuine,No,0,,val
66-04.tif,..\processed_dataset\genuine\66.0\66-04.png,0,66.0,Human,genuine,No,0,,val
66-05.tif,..\processed_dataset\genuine\66.0\66-05.png,0,66.0,Human,genuine,No,0,,val
66-06.tif,..\processed_dataset\genuine\66.0\66-06.png,0,66.0,Human,genuine,No,0,,val
66-07.tif,..\processed_dataset\genuine\66.0\66-07.png,0,66.0,Human,genuine,No,0,,val
66-08.tif,..\processed_dataset\genuine\66.0\66-08.png,0,66.0,Human,genuine,No,0,,val
66-09.tif,..\processed_dataset\genuine\66.0\66-09.png,0,66.0,Human,genuine,No,0,,val
66-10.tif,..\processed_dataset\genuine\66.0\66-10.png,0,66.0,Human,genuine,No,0,,val
67-01.tif,..\processed_dataset\genuine\67.0\67-01.png,0,67.0,Human,genuine,No,0,,train
67-02.tif,..\processed_dataset\genuine\67.0\67-02.png,0,67.0,Human,genuine,No,0,,train
67-03.tif,..\processed_dataset\genuine\67.0\67-03.png,0,67.0,Human,genuine,No,0,,train
67-04.tif,..\processed_dataset\genuine\67.0\67-04.png,0,67.0,Human,genuine,No,0,,train
67-05.tif,..\processed_dataset\genuine\67.0\67-05.png,0,67.0,Human,genuine,No,0,,train
67-06.tif,..\processed_dataset\genuine\67.0\67-06.png,0,67.0,Human,genuine,No,0,,train
67-07.tif,..\processed_dataset\genuine\67.0\67-07.png,0,67.0,Human,genuine,No,0,,train
67-08.tif,..\processed_dataset\genuine\67.0\67-08.png,0,67.0,Human,genuine,No,0,,train
67-09.tif,..\processed_dataset\genuine\67.0\67-09.png,0,67.0,Human,genuine,No,0,,train
67-10.tif,..\processed_dataset\genuine\67.0\67-10.png,0,67.0,Human,genuine,No,0,,train
68-01.tif,..\processed_dataset\genuine\68.0\68-01.png,0,68.0,Human,genuine,No,0,,train
68-02.tif,..\processed_dataset\genuine\68.0\68-02.png,0,68.0,Human,genuine,No,0,,train
68-03.tif,..\processed_dataset\genuine\68.0\68-03.png,0,68.0,Human,genuine,No,0,,train
68-04.tif,..\processed_dataset\genuine\68.0\68-04.png,0,68.0,Human,genuine,No,0,,train
68-05.tif,..\processed_dataset\genuine\68.0\68-05.png,0,68.0,Human,genuine,No,0,,train
68-06.tif,..\processed_dataset\genuine\68.0\68-06.png,0,68.0,Human,genuine,No,0,,train
68-07.tif,..\processed_dataset\genuine\68.0\68-07.png,0,68.0,Human,genuine,No,0,,train
68-08.tif,..\processed_dataset\genuine\68.0\68-08.png,0,68.0,Human,genuine,No,0,,train
68-09.tif,..\processed_dataset\genuine\68.0\68-09.png,0,68.0,Human,genuine,No,0,,train
68-10.tif,..\processed_dataset\genuine\68.0\68-10.png,0,68.0,Human,genuine,No,0,,train
69-01.tif,..\processed_dataset\genuine\69.0\69-01.png,0,69.0,Human,genuine,No,0,,train
69-02.tif,..\processed_dataset\genuine\69.0\69-02.png,0,69.0,Human,genuine,No,0,,train
69-03.tif,..\processed_dataset\genuine\69.0\69-03.png,0,69.0,Human,genuine,No,0,,train
69-04.tif,..\processed_dataset\genuine\69.0\69-04.png,0,69.0,Human,genuine,No,0,,train
69-05.tif,..\processed_dataset\genuine\69.0\69-05.png,0,69.0,Human,genuine,No,0,,train
69-06.tif,..\processed_dataset\genuine\69.0\69-06.png,0,69.0,Human,genuine,No,0,,train
69-07.tif,..\processed_dataset\genuine\69.0\69-07.png,0,69.0,Human,genuine,No,0,,train
69-08.tif,..\processed_dataset\genuine\69.0\69-08.png,0,69.0,Human,genuine,No,0,,train
69-09.tif,..\processed_dataset\genuine\69.0\69-09.png,0,69.0,Human,genuine,No,0,,train
69-10.tif,..\processed_dataset\genuine\69.0\69-10.png,0,69.0,Human,genuine,No,0,,train
7-01.tif,..\processed_dataset\genuine\7.0\7-01.png,0,7.0,Human,genuine,No,0,,train
7-02.tif,..\processed_dataset\genuine\7.0\7-02.png,0,7.0,Human,genuine,No,0,,train
7-03.tif,..\processed_dataset\genuine\7.0\7-03.png,0,7.0,Human,genuine,No,0,,train
7-04.tif,..\processed_dataset\genuine\7.0\7-04.png,0,7.0,Human,genuine,No,0,,train
7-05.tif,..\processed_dataset\genuine\7.0\7-05.png,0,7.0,Human,genuine,No,0,,train
7-06.tif,..\processed_dataset\genuine\7.0\7-06.png,0,7.0,Human,genuine,No,0,,train
7-07.tif,..\processed_dataset\genuine\7.0\7-07.png,0,7.0,Human,genuine,No,0,,train
7-08.tif,..\processed_dataset\genuine\7.0\7-08.png,0,7.0,Human,genuine,No,0,,train
7-09.tif,..\processed_dataset\genuine\7.0\7-09.png,0,7.0,Human,genuine,No,0,,train
7-10.tif,..\processed_dataset\genuine\7.0\7-10.png,0,7.0,Human,genuine,No,0,,train
70-01.tif,..\processed_dataset\genuine\70.0\70-01.png,0,70.0,Human,genuine,No,0,,train
70-02.tif,..\processed_dataset\genuine\70.0\70-02.png,0,70.0,Human,genuine,No,0,,train
70-03.tif,..\processed_dataset\genuine\70.0\70-03.png,0,70.0,Human,genuine,No,0,,train
70-04.tif,..\processed_dataset\genuine\70.0\70-04.png,0,70.0,Human,genuine,No,0,,train
70-05.tif,..\processed_dataset\genuine\70.0\70-05.png,0,70.0,Human,genuine,No,0,,train
70-06.tif,..\processed_dataset\genuine\70.0\70-06.png,0,70.0,Human,genuine,No,0,,train
70-07.tif,..\processed_dataset\genuine\70.0\70-07.png,0,70.0,Human,genuine,No,0,,train
70-08.tif,..\processed_dataset\genuine\70.0\70-08.png,0,70.0,Human,genuine,No,0,,train
70-09.tif,..\processed_dataset\genuine\70.0\70-09.png,0,70.0,Human,genuine,No,0,,train
70-10.tif,..\processed_dataset\genuine\70.0\70-10.png,0,70.0,Human,genuine,No,0,,train
71-01.tif,..\processed_dataset\genuine\71.0\71-01.png,0,71.0,Human,genuine,No,0,,train
71-02.tif,..\processed_dataset\genuine\71.0\71-02.png,0,71.0,Human,genuine,No,0,,train
71-03.tif,..\processed_dataset\genuine\71.0\71-03.png,0,71.0,Human,genuine,No,0,,train
71-04.tif,..\processed_dataset\genuine\71.0\71-04.png,0,71.0,Human,genuine,No,0,,train
71-05.tif,..\processed_dataset\genuine\71.0\71-05.png,0,71.0,Human,genuine,No,0,,train
71-06.tif,..\processed_dataset\genuine\71.0\71-06.png,0,71.0,Human,genuine,No,0,,train
71-07.tif,..\processed_dataset\genuine\71.0\71-07.png,0,71.0,Human,genuine,No,0,,train
71-08.tif,..\processed_dataset\genuine\71.0\71-08.png,0,71.0,Human,genuine,No,0,,train
71-09.tif,..\processed_dataset\genuine\71.0\71-09.png,0,71.0,Human,genuine,No,0,,train
71-10.tif,..\processed_dataset\genuine\71.0\71-10.png,0,71.0,Human,genuine,No,0,,train
72-01.tif,..\processed_dataset\genuine\72.0\72-01.png,0,72.0,Human,genuine,No,0,,train
72-02.tif,..\processed_dataset\genuine\72.0\72-02.png,0,72.0,Human,genuine,No,0,,train
72-03.tif,..\processed_dataset\genuine\72.0\72-03.png,0,72.0,Human,genuine,No,0,,train
72-04.tif,..\processed_dataset\genuine\72.0\72-04.png,0,72.0,Human,genuine,No,0,,train
72-05.tif,..\processed_dataset\genuine\72.0\72-05.png,0,72.0,Human,genuine,No,0,,train
72-06.tif,..\processed_dataset\genuine\72.0\72-06.png,0,72.0,Human,genuine,No,0,,train
72-07.tif,..\processed_dataset\genuine\72.0\72-07.png,0,72.0,Human,genuine,No,0,,train
72-08.tif,..\processed_dataset\genuine\72.0\72-08.png,0,72.0,Human,genuine,No,0,,train
72-09.tif,..\processed_dataset\genuine\72.0\72-09.png,0,72.0,Human,genuine,No,0,,train
72-10.tif,..\processed_dataset\genuine\72.0\72-10.png,0,72.0,Human,genuine,No,0,,train
73-01.tif,..\processed_dataset\genuine\73.0\73-01.png,0,73.0,Human,genuine,No,0,,test
73-02.tif,..\processed_dataset\genuine\73.0\73-02.png,0,73.0,Human,genuine,No,0,,test
73-03.tif,..\processed_dataset\genuine\73.0\73-03.png,0,73.0,Human,genuine,No,0,,test
73-04.tif,..\processed_dataset\genuine\73.0\73-04.png,0,73.0,Human,genuine,No,0,,test
73-05.tif,..\processed_dataset\genuine\73.0\73-05.png,0,73.0,Human,genuine,No,0,,test
73-06.tif,..\processed_dataset\genuine\73.0\73-06.png,0,73.0,Human,genuine,No,0,,test
73-07.tif,..\processed_dataset\genuine\73.0\73-07.png,0,73.0,Human,genuine,No,0,,test
73-08.tif,..\processed_dataset\genuine\73.0\73-08.png,0,73.0,Human,genuine,No,0,,test
73-09.tif,..\processed_dataset\genuine\73.0\73-09.png,0,73.0,Human,genuine,No,0,,test
73-10.tif,..\processed_dataset\genuine\73.0\73-10.png,0,73.0,Human,genuine,No,0,,test
74-01.tif,..\processed_dataset\genuine\74.0\74-01.png,0,74.0,Human,genuine,No,0,,train
74-02.tif,..\processed_dataset\genuine\74.0\74-02.png,0,74.0,Human,genuine,No,0,,train
74-03.tif,..\processed_dataset\genuine\74.0\74-03.png,0,74.0,Human,genuine,No,0,,train
74-04.tif,..\processed_dataset\genuine\74.0\74-04.png,0,74.0,Human,genuine,No,0,,train
74-05.tif,..\processed_dataset\genuine\74.0\74-05.png,0,74.0,Human,genuine,No,0,,train
74-06.tif,..\processed_dataset\genuine\74.0\74-06.png,0,74.0,Human,genuine,No,0,,train
74-07.tif,..\processed_dataset\genuine\74.0\74-07.png,0,74.0,Human,genuine,No,0,,train
74-08.tif,..\processed_dataset\genuine\74.0\74-08.png,0,74.0,Human,genuine,No,0,,train
74-09.tif,..\processed_dataset\genuine\74.0\74-09.png,0,74.0,Human,genuine,No,0,,train
74-10.tif,..\processed_dataset\genuine\74.0\74-10.png,0,74.0,Human,genuine,No,0,,train
75-01.tif,..\processed_dataset\genuine\75.0\75-01.png,0,75.0,Human,genuine,No,0,,train
75-02.tif,..\processed_dataset\genuine\75.0\75-02.png,0,75.0,Human,genuine,No,0,,train
75-03.tif,..\processed_dataset\genuine\75.0\75-03.png,0,75.0,Human,genuine,No,0,,train
75-04.tif,..\processed_dataset\genuine\75.0\75-04.png,0,75.0,Human,genuine,No,0,,train
75-05.tif,..\processed_dataset\genuine\75.0\75-05.png,0,75.0,Human,genuine,No,0,,train
75-06.tif,..\processed_dataset\genuine\75.0\75-06.png,0,75.0,Human,genuine,No,0,,train
75-07.tif,..\processed_dataset\genuine\75.0\75-07.png,0,75.0,Human,genuine,No,0,,train
75-08.tif,..\processed_dataset\genuine\75.0\75-08.png,0,75.0,Human,genuine,No,0,,train
75-09.tif,..\processed_dataset\genuine\75.0\75-09.png,0,75.0,Human,genuine,No,0,,train
75-10.tif,..\processed_dataset\genuine\75.0\75-10.png,0,75.0,Human,genuine,No,0,,train
76-01.tif,..\processed_dataset\genuine\76.0\76-01.png,0,76.0,Human,genuine,No,0,,test
76-02.tif,..\processed_dataset\genuine\76.0\76-02.png,0,76.0,Human,genuine,No,0,,test
76-03.tif,..\processed_dataset\genuine\76.0\76-03.png,0,76.0,Human,genuine,No,0,,test
76-04.tif,..\processed_dataset\genuine\76.0\76-04.png,0,76.0,Human,genuine,No,0,,test
76-05.tif,..\processed_dataset\genuine\76.0\76-05.png,0,76.0,Human,genuine,No,0,,test
76-06.tif,..\processed_dataset\genuine\76.0\76-06.png,0,76.0,Human,genuine,No,0,,test
76-07.tif,..\processed_dataset\genuine\76.0\76-07.png,0,76.0,Human,genuine,No,0,,test
76-08.tif,..\processed_dataset\genuine\76.0\76-08.png,0,76.0,Human,genuine,No,0,,test
76-09.tif,..\processed_dataset\genuine\76.0\76-09.png,0,76.0,Human,genuine,No,0,,test
77-01.tif,..\processed_dataset\genuine\77.0\77-01.png,0,77.0,Human,genuine,No,0,,val
77-02.tif,..\processed_dataset\genuine\77.0\77-02.png,0,77.0,Human,genuine,No,0,,val
77-03.tif,..\processed_dataset\genuine\77.0\77-03.png,0,77.0,Human,genuine,No,0,,val
77-04.tif,..\processed_dataset\genuine\77.0\77-04.png,0,77.0,Human,genuine,No,0,,val
77-05.tif,..\processed_dataset\genuine\77.0\77-05.png,0,77.0,Human,genuine,No,0,,val
77-06.tif,..\processed_dataset\genuine\77.0\77-06.png,0,77.0,Human,genuine,No,0,,val
77-07.tif,..\processed_dataset\genuine\77.0\77-07.png,0,77.0,Human,genuine,No,0,,val
77-08.tif,..\processed_dataset\genuine\77.0\77-08.png,0,77.0,Human,genuine,No,0,,val
77-09.tif,..\processed_dataset\genuine\77.0\77-09.png,0,77.0,Human,genuine,No,0,,val
78-01.tif,..\processed_dataset\genuine\78.0\78-01.png,0,78.0,Human,genuine,No,0,,train
78-02.tif,..\processed_dataset\genuine\78.0\78-02.png,0,78.0,Human,genuine,No,0,,train
78-03.tif,..\processed_dataset\genuine\78.0\78-03.png,0,78.0,Human,genuine,No,0,,train
78-04.tif,..\processed_dataset\genuine\78.0\78-04.png,0,78.0,Human,genuine,No,0,,train
78-05.tif,..\processed_dataset\genuine\78.0\78-05.png,0,78.0,Human,genuine,No,0,,train
78-06.tif,..\processed_dataset\genuine\78.0\78-06.png,0,78.0,Human,genuine,No,0,,train
78-07.tif,..\processed_dataset\genuine\78.0\78-07.png,0,78.0,Human,genuine,No,0,,train
78-08.tif,..\processed_dataset\genuine\78.0\78-08.png,0,78.0,Human,genuine,No,0,,train
78-09.tif,..\processed_dataset\genuine\78.0\78-09.png,0,78.0,Human,genuine,No,0,,train
78-10.tif,..\processed_dataset\genuine\78.0\78-10.png,0,78.0,Human,genuine,No,0,,train
79-01.tif,..\processed_dataset\genuine\79.0\79-01.png,0,79.0,Human,genuine,No,0,,train
79-02.tif,..\processed_dataset\genuine\79.0\79-02.png,0,79.0,Human,genuine,No,0,,train
79-03.tif,..\processed_dataset\genuine\79.0\79-03.png,0,79.0,Human,genuine,No,0,,train
79-04.tif,..\processed_dataset\genuine\79.0\79-04.png,0,79.0,Human,genuine,No,0,,train
79-05.tif,..\processed_dataset\genuine\79.0\79-05.png,0,79.0,Human,genuine,No,0,,train
79-06.tif,..\processed_dataset\genuine\79.0\79-06.png,0,79.0,Human,genuine,No,0,,train
79-07.tif,..\processed_dataset\genuine\79.0\79-07.png,0,79.0,Human,genuine,No,0,,train
79-08.tif,..\processed_dataset\genuine\79.0\79-08.png,0,79.0,Human,genuine,No,0,,train
79-09.tif,..\processed_dataset\genuine\79.0\79-09.png,0,79.0,Human,genuine,No,0,,train
79-10.tif,..\processed_dataset\genuine\79.0\79-10.png,0,79.0,Human,genuine,No,0,,train
8-01.tif,..\processed_dataset\genuine\8.0\8-01.png,0,8.0,Human,genuine,No,0,,train
8-02.tif,..\processed_dataset\genuine\8.0\8-02.png,0,8.0,Human,genuine,No,0,,train
8-03.tif,..\processed_dataset\genuine\8.0\8-03.png,0,8.0,Human,genuine,No,0,,train
8-04.tif,..\processed_dataset\genuine\8.0\8-04.png,0,8.0,Human,genuine,No,0,,train
8-05.tif,..\processed_dataset\genuine\8.0\8-05.png,0,8.0,Human,genuine,No,0,,train
8-06.tif,..\processed_dataset\genuine\8.0\8-06.png,0,8.0,Human,genuine,No,0,,train
8-07.tif,..\processed_dataset\genuine\8.0\8-07.png,0,8.0,Human,genuine,No,0,,train
8-08.tif,..\processed_dataset\genuine\8.0\8-08.png,0,8.0,Human,genuine,No,0,,train
8-09.tif,..\processed_dataset\genuine\8.0\8-09.png,0,8.0,Human,genuine,No,0,,train
8-10.tif,..\processed_dataset\genuine\8.0\8-10.png,0,8.0,Human,genuine,No,0,,train
80-01.tif,..\processed_dataset\genuine\80.0\80-01.png,0,80.0,Human,genuine,No,0,,val
80-02.tif,..\processed_dataset\genuine\80.0\80-02.png,0,80.0,Human,genuine,No,0,,val
80-03.tif,..\processed_dataset\genuine\80.0\80-03.png,0,80.0,Human,genuine,No,0,,val
80-04.tif,..\processed_dataset\genuine\80.0\80-04.png,0,80.0,Human,genuine,No,0,,val
80-05.tif,..\processed_dataset\genuine\80.0\80-05.png,0,80.0,Human,genuine,No,0,,val
80-06.tif,..\processed_dataset\genuine\80.0\80-06.png,0,80.0,Human,genuine,No,0,,val
80-07.tif,..\processed_dataset\genuine\80.0\80-07.png,0,80.0,Human,genuine,No,0,,val
80-08.tif,..\processed_dataset\genuine\80.0\80-08.png,0,80.0,Human,genuine,No,0,,val
80-09.tif,..\processed_dataset\genuine\80.0\80-09.png,0,80.0,Human,genuine,No,0,,val
80-10.tif,..\processed_dataset\genuine\80.0\80-10.png,0,80.0,Human,genuine,No,0,,val
81-01.tif,..\processed_dataset\genuine\81.0\81-01.png,0,81.0,Human,genuine,No,0,,train
81-02.tif,..\processed_dataset\genuine\81.0\81-02.png,0,81.0,Human,genuine,No,0,,train
81-03.tif,..\processed_dataset\genuine\81.0\81-03.png,0,81.0,Human,genuine,No,0,,train
81-04.tif,..\processed_dataset\genuine\81.0\81-04.png,0,81.0,Human,genuine,No,0,,train
81-05.tif,..\processed_dataset\genuine\81.0\81-05.png,0,81.0,Human,genuine,No,0,,train
81-06.tif,..\processed_dataset\genuine\81.0\81-06.png,0,81.0,Human,genuine,No,0,,train
81-07.tif,..\processed_dataset\genuine\81.0\81-07.png,0,81.0,Human,genuine,No,0,,train
81-08.tif,..\processed_dataset\genuine\81.0\81-08.png,0,81.0,Human,genuine,No,0,,train
81-09.tif,..\processed_dataset\genuine\81.0\81-09.png,0,81.0,Human,genuine,No,0,,train
81-10.tif,..\processed_dataset\genuine\81.0\81-10.png,0,81.0,Human,genuine,No,0,,train
82-01.tif,..\processed_dataset\genuine\82.0\82-01.png,0,82.0,Human,genuine,No,0,,train
82-02.tif,..\processed_dataset\genuine\82.0\82-02.png,0,82.0,Human,genuine,No,0,,train
82-03.tif,..\processed_dataset\genuine\82.0\82-03.png,0,82.0,Human,genuine,No,0,,train
82-04.tif,..\processed_dataset\genuine\82.0\82-04.png,0,82.0,Human,genuine,No,0,,train
82-05.tif,..\processed_dataset\genuine\82.0\82-05.png,0,82.0,Human,genuine,No,0,,train
82-06.tif,..\processed_dataset\genuine\82.0\82-06.png,0,82.0,Human,genuine,No,0,,train
82-07.tif,..\processed_dataset\genuine\82.0\82-07.png,0,82.0,Human,genuine,No,0,,train
82-08.tif,..\processed_dataset\genuine\82.0\82-08.png,0,82.0,Human,genuine,No,0,,train
82-09.tif,..\processed_dataset\genuine\82.0\82-09.png,0,82.0,Human,genuine,No,0,,train
82-10.tif,..\processed_dataset\genuine\82.0\82-10.png,0,82.0,Human,genuine,No,0,,train
83-01.tif,..\processed_dataset\genuine\83.0\83-01.png,0,83.0,Human,genuine,No,0,,test
83-02.tif,..\processed_dataset\genuine\83.0\83-02.png,0,83.0,Human,genuine,No,0,,test
83-03.tif,..\processed_dataset\genuine\83.0\83-03.png,0,83.0,Human,genuine,No,0,,test
83-04.tif,..\processed_dataset\genuine\83.0\83-04.png,0,83.0,Human,genuine,No,0,,test
83-05.tif,..\processed_dataset\genuine\83.0\83-05.png,0,83.0,Human,genuine,No,0,,test
83-06.tif,..\processed_dataset\genuine\83.0\83-06.png,0,83.0,Human,genuine,No,0,,test
83-07.tif,..\processed_dataset\genuine\83.0\83-07.png,0,83.0,Human,genuine,No,0,,test
83-08.tif,..\processed_dataset\genuine\83.0\83-08.png,0,83.0,Human,genuine,No,0,,test
83-09.tif,..\processed_dataset\genuine\83.0\83-09.png,0,83.0,Human,genuine,No,0,,test
83-10.tif,..\processed_dataset\genuine\83.0\83-10.png,0,83.0,Human,genuine,No,0,,test
84-01.tif,..\processed_dataset\genuine\84.0\84-01.png,0,84.0,Human,genuine,No,0,,train
84-02.tif,..\processed_dataset\genuine\84.0\84-02.png,0,84.0,Human,genuine,No,0,,train
84-03.tif,..\processed_dataset\genuine\84.0\84-03.png,0,84.0,Human,genuine,No,0,,train
84-04.tif,..\processed_dataset\genuine\84.0\84-04.png,0,84.0,Human,genuine,No,0,,train
84-05.tif,..\processed_dataset\genuine\84.0\84-05.png,0,84.0,Human,genuine,No,0,,train
84-06.tif,..\processed_dataset\genuine\84.0\84-06.png,0,84.0,Human,genuine,No,0,,train
84-07.tif,..\processed_dataset\genuine\84.0\84-07.png,0,84.0,Human,genuine,No,0,,train
84-08.tif,..\processed_dataset\genuine\84.0\84-08.png,0,84.0,Human,genuine,No,0,,train
84-09.tif,..\processed_dataset\genuine\84.0\84-09.png,0,84.0,Human,genuine,No,0,,train
84-10.tif,..\processed_dataset\genuine\84.0\84-10.png,0,84.0,Human,genuine,No,0,,train
85-01.tif,..\processed_dataset\genuine\85.0\85-01.png,0,85.0,Human,genuine,No,0,,val
85-02.tif,..\processed_dataset\genuine\85.0\85-02.png,0,85.0,Human,genuine,No,0,,val
85-03.tif,..\processed_dataset\genuine\85.0\85-03.png,0,85.0,Human,genuine,No,0,,val
85-04.tif,..\processed_dataset\genuine\85.0\85-04.png,0,85.0,Human,genuine,No,0,,val
85-05.tif,..\processed_dataset\genuine\85.0\85-05.png,0,85.0,Human,genuine,No,0,,val
85-06.tif,..\processed_dataset\genuine\85.0\85-06.png,0,85.0,Human,genuine,No,0,,val
85-07.tif,..\processed_dataset\genuine\85.0\85-07.png,0,85.0,Human,genuine,No,0,,val
85-08.tif,..\processed_dataset\genuine\85.0\85-08.png,0,85.0,Human,genuine,No,0,,val
85-09.tif,..\processed_dataset\genuine\85.0\85-09.png,0,85.0,Human,genuine,No,0,,val
85-10.tif,..\processed_dataset\genuine\85.0\85-10.png,0,85.0,Human,genuine,No,0,,val
86-01.tif,..\processed_dataset\genuine\86.0\86-01.png,0,86.0,Human,genuine,No,0,,train
86-02.tif,..\processed_dataset\genuine\86.0\86-02.png,0,86.0,Human,genuine,No,0,,train
86-03.tif,..\processed_dataset\genuine\86.0\86-03.png,0,86.0,Human,genuine,No,0,,train
86-04.tif,..\processed_dataset\genuine\86.0\86-04.png,0,86.0,Human,genuine,No,0,,train
86-05.tif,..\processed_dataset\genuine\86.0\86-05.png,0,86.0,Human,genuine,No,0,,train
86-06.tif,..\processed_dataset\genuine\86.0\86-06.png,0,86.0,Human,genuine,No,0,,train
86-07.tif,..\processed_dataset\genuine\86.0\86-07.png,0,86.0,Human,genuine,No,0,,train
86-08.tif,..\processed_dataset\genuine\86.0\86-08.png,0,86.0,Human,genuine,No,0,,train
86-09.tif,..\processed_dataset\genuine\86.0\86-09.png,0,86.0,Human,genuine,No,0,,train
86-10.tif,..\processed_dataset\genuine\86.0\86-10.png,0,86.0,Human,genuine,No,0,,train
87-01.tif,..\processed_dataset\genuine\87.0\87-01.png,0,87.0,Human,genuine,No,0,,test
87-02.tif,..\processed_dataset\genuine\87.0\87-02.png,0,87.0,Human,genuine,No,0,,test
87-03.tif,..\processed_dataset\genuine\87.0\87-03.png,0,87.0,Human,genuine,No,0,,test
87-04.tif,..\processed_dataset\genuine\87.0\87-04.png,0,87.0,Human,genuine,No,0,,test
87-05.tif,..\processed_dataset\genuine\87.0\87-05.png,0,87.0,Human,genuine,No,0,,test
87-06.tif,..\processed_dataset\genuine\87.0\87-06.png,0,87.0,Human,genuine,No,0,,test
87-07.tif,..\processed_dataset\genuine\87.0\87-07.png,0,87.0,Human,genuine,No,0,,test
87-08.tif,..\processed_dataset\genuine\87.0\87-08.png,0,87.0,Human,genuine,No,0,,test
87-09.tif,..\processed_dataset\genuine\87.0\87-09.png,0,87.0,Human,genuine,No,0,,test
87-10.tif,..\processed_dataset\genuine\87.0\87-10.png,0,87.0,Human,genuine,No,0,,test
88-01.tif,..\processed_dataset\genuine\88.0\88-01.png,0,88.0,Human,genuine,No,0,,test
88-02.tif,..\processed_dataset\genuine\88.0\88-02.png,0,88.0,Human,genuine,No,0,,test
88-03.tif,..\processed_dataset\genuine\88.0\88-03.png,0,88.0,Human,genuine,No,0,,test
88-04.tif,..\processed_dataset\genuine\88.0\88-04.png,0,88.0,Human,genuine,No,0,,test
88-05.tif,..\processed_dataset\genuine\88.0\88-05.png,0,88.0,Human,genuine,No,0,,test
88-06.tif,..\processed_dataset\genuine\88.0\88-06.png,0,88.0,Human,genuine,No,0,,test
88-07.tif,..\processed_dataset\genuine\88.0\88-07.png,0,88.0,Human,genuine,No,0,,test
88-08.tif,..\processed_dataset\genuine\88.0\88-08.png,0,88.0,Human,genuine,No,0,,test
88-09.tif,..\processed_dataset\genuine\88.0\88-09.png,0,88.0,Human,genuine,No,0,,test
88-10.tif,..\processed_dataset\genuine\88.0\88-10.png,0,88.0,Human,genuine,No,0,,test
89-01.tif,..\processed_dataset\genuine\89.0\89-01.png,0,89.0,Human,genuine,No,0,,train
89-02.tif,..\processed_dataset\genuine\89.0\89-02.png,0,89.0,Human,genuine,No,0,,train
89-03.tif,..\processed_dataset\genuine\89.0\89-03.png,0,89.0,Human,genuine,No,0,,train
89-04.tif,..\processed_dataset\genuine\89.0\89-04.png,0,89.0,Human,genuine,No,0,,train
89-05.tif,..\processed_dataset\genuine\89.0\89-05.png,0,89.0,Human,genuine,No,0,,train
89-06.tif,..\processed_dataset\genuine\89.0\89-06.png,0,89.0,Human,genuine,No,0,,train
89-07.tif,..\processed_dataset\genuine\89.0\89-07.png,0,89.0,Human,genuine,No,0,,train
89-08.tif,..\processed_dataset\genuine\89.0\89-08.png,0,89.0,Human,genuine,No,0,,train
89-09.tif,..\processed_dataset\genuine\89.0\89-09.png,0,89.0,Human,genuine,No,0,,train
89-10.tif,..\processed_dataset\genuine\89.0\89-10.png,0,89.0,Human,genuine,No,0,,train
9-01.tif,..\processed_dataset\genuine\9.0\9-01.png,0,9.0,Human,genuine,No,0,,train
9-02.tif,..\processed_dataset\genuine\9.0\9-02.png,0,9.0,Human,genuine,No,0,,train
9-03.tif,..\processed_dataset\genuine\9.0\9-03.png,0,9.0,Human,genuine,No,0,,train
9-04.tif,..\processed_dataset\genuine\9.0\9-04.png,0,9.0,Human,genuine,No,0,,train
9-05.tif,..\processed_dataset\genuine\9.0\9-05.png,0,9.0,Human,genuine,No,0,,train
9-06.tif,..\processed_dataset\genuine\9.0\9-06.png,0,9.0,Human,genuine,No,0,,train
9-07.tif,..\processed_dataset\genuine\9.0\9-07.png,0,9.0,Human,genuine,No,0,,train
9-08.tif,..\processed_dataset\genuine\9.0\9-08.png,0,9.0,Human,genuine,No,0,,train
9-09.tif,..\processed_dataset\genuine\9.0\9-09.png,0,9.0,Human,genuine,No,0,,train
9-10.tif,..\processed_dataset\genuine\9.0\9-10.png,0,9.0,Human,genuine,No,0,,train
90-01.tif,..\processed_dataset\genuine\90.0\90-01.png,0,90.0,Human,genuine,No,0,,train
90-02.tif,..\processed_dataset\genuine\90.0\90-02.png,0,90.0,Human,genuine,No,0,,train
90-03.tif,..\processed_dataset\genuine\90.0\90-03.png,0,90.0,Human,genuine,No,0,,train
90-04.tif,..\processed_dataset\genuine\90.0\90-04.png,0,90.0,Human,genuine,No,0,,train
90-05.tif,..\processed_dataset\genuine\90.0\90-05.png,0,90.0,Human,genuine,No,0,,train
90-06.tif,..\processed_dataset\genuine\90.0\90-06.png,0,90.0,Human,genuine,No,0,,train
90-07.tif,..\processed_dataset\genuine\90.0\90-07.png,0,90.0,Human,genuine,No,0,,train
90-08.tif,..\processed_dataset\genuine\90.0\90-08.png,0,90.0,Human,genuine,No,0,,train
90-09.tif,..\processed_dataset\genuine\90.0\90-09.png,0,90.0,Human,genuine,No,0,,train
90-10.tif,..\processed_dataset\genuine\90.0\90-10.png,0,90.0,Human,genuine,No,0,,train
91-01.tif,..\processed_dataset\genuine\91.0\91-01.png,0,91.0,Human,genuine,No,0,,test
91-02.tif,..\processed_dataset\genuine\91.0\91-02.png,0,91.0,Human,genuine,No,0,,test
91-03.tif,..\processed_dataset\genuine\91.0\91-03.png,0,91.0,Human,genuine,No,0,,test
91-04.tif,..\processed_dataset\genuine\91.0\91-04.png,0,91.0,Human,genuine,No,0,,test
91-05.tif,..\processed_dataset\genuine\91.0\91-05.png,0,91.0,Human,genuine,No,0,,test
91-06.tif,..\processed_dataset\genuine\91.0\91-06.png,0,91.0,Human,genuine,No,0,,test
91-07.tif,..\processed_dataset\genuine\91.0\91-07.png,0,91.0,Human,genuine,No,0,,test
91-08.tif,..\processed_dataset\genuine\91.0\91-08.png,0,91.0,Human,genuine,No,0,,test
91-09.tif,..\processed_dataset\genuine\91.0\91-09.png,0,91.0,Human,genuine,No,0,,test
91-10.tif,..\processed_dataset\genuine\91.0\91-10.png,0,91.0,Human,genuine,No,0,,test
92-01.tif,..\processed_dataset\genuine\92.0\92-01.png,0,92.0,Human,genuine,No,0,,test
92-02.tif,..\processed_dataset\genuine\92.0\92-02.png,0,92.0,Human,genuine,No,0,,test
92-03.tif,..\processed_dataset\genuine\92.0\92-03.png,0,92.0,Human,genuine,No,0,,test
92-04.tif,..\processed_dataset\genuine\92.0\92-04.png,0,92.0,Human,genuine,No,0,,test
92-05.tif,..\processed_dataset\genuine\92.0\92-05.png,0,92.0,Human,genuine,No,0,,test
92-06.tif,..\processed_dataset\genuine\92.0\92-06.png,0,92.0,Human,genuine,No,0,,test
92-07.tif,..\processed_dataset\genuine\92.0\92-07.png,0,92.0,Human,genuine,No,0,,test
92-08.tif,..\processed_dataset\genuine\92.0\92-08.png,0,92.0,Human,genuine,No,0,,test
92-09.tif,..\processed_dataset\genuine\92.0\92-09.png,0,92.0,Human,genuine,No,0,,test
92-10.tif,..\processed_dataset\genuine\92.0\92-10.png,0,92.0,Human,genuine,No,0,,test
93-01.tif,..\processed_dataset\genuine\93.0\93-01.png,0,93.0,Human,genuine,No,0,,train
93-02.tif,..\processed_dataset\genuine\93.0\93-02.png,0,93.0,Human,genuine,No,0,,train
93-03.tif,..\processed_dataset\genuine\93.0\93-03.png,0,93.0,Human,genuine,No,0,,train
93-04.tif,..\processed_dataset\genuine\93.0\93-04.png,0,93.0,Human,genuine,No,0,,train
93-05.tif,..\processed_dataset\genuine\93.0\93-05.png,0,93.0,Human,genuine,No,0,,train
93-06.tif,..\processed_dataset\genuine\93.0\93-06.png,0,93.0,Human,genuine,No,0,,train
93-07.tif,..\processed_dataset\genuine\93.0\93-07.png,0,93.0,Human,genuine,No,0,,train
93-08.tif,..\processed_dataset\genuine\93.0\93-08.png,0,93.0,Human,genuine,No,0,,train
93-09.tif,..\processed_dataset\genuine\93.0\93-09.png,0,93.0,Human,genuine,No,0,,train
93-10.tif,..\processed_dataset\genuine\93.0\93-10.png,0,93.0,Human,genuine,No,0,,train
94-01.tif,..\processed_dataset\genuine\94.0\94-01.png,0,94.0,Human,genuine,No,0,,val
94-02.tif,..\processed_dataset\genuine\94.0\94-02.png,0,94.0,Human,genuine,No,0,,val
94-03.tif,..\processed_dataset\genuine\94.0\94-03.png,0,94.0,Human,genuine,No,0,,val
94-04.tif,..\processed_dataset\genuine\94.0\94-04.png,0,94.0,Human,genuine,No,0,,val
94-05.tif,..\processed_dataset\genuine\94.0\94-05.png,0,94.0,Human,genuine,No,0,,val
94-06.tif,..\processed_dataset\genuine\94.0\94-06.png,0,94.0,Human,genuine,No,0,,val
94-07.tif,..\processed_dataset\genuine\94.0\94-07.png,0,94.0,Human,genuine,No,0,,val
94-08.tif,..\processed_dataset\genuine\94.0\94-08.png,0,94.0,Human,genuine,No,0,,val
94-09.tif,..\processed_dataset\genuine\94.0\94-09.png,0,94.0,Human,genuine,No,0,,val
94-10.tif,..\processed_dataset\genuine\94.0\94-10.png,0,94.0,Human,genuine,No,0,,val
95-01.tif,..\processed_dataset\genuine\95.0\95-01.png,0,95.0,Human,genuine,No,0,,train
95-02.tif,..\processed_dataset\genuine\95.0\95-02.png,0,95.0,Human,genuine,No,0,,train
95-03.tif,..\processed_dataset\genuine\95.0\95-03.png,0,95.0,Human,genuine,No,0,,train
95-04.tif,..\processed_dataset\genuine\95.0\95-04.png,0,95.0,Human,genuine,No,0,,train
95-05.tif,..\processed_dataset\genuine\95.0\95-05.png,0,95.0,Human,genuine,No,0,,train
95-06.tif,..\processed_dataset\genuine\95.0\95-06.png,0,95.0,Human,genuine,No,0,,train
95-07.tif,..\processed_dataset\genuine\95.0\95-07.png,0,95.0,Human,genuine,No,0,,train
95-08.tif,..\processed_dataset\genuine\95.0\95-08.png,0,95.0,Human,genuine,No,0,,train
95-09.tif,..\processed_dataset\genuine\95.0\95-09.png,0,95.0,Human,genuine,No,0,,train
95-10.tif,..\processed_dataset\genuine\95.0\95-10.png,0,95.0,Human,genuine,No,0,,train
96-01.tif,..\processed_dataset\genuine\96.0\96-01.png,0,96.0,Human,genuine,No,0,,train
96-02.tif,..\processed_dataset\genuine\96.0\96-02.png,0,96.0,Human,genuine,No,0,,train
96-03.tif,..\processed_dataset\genuine\96.0\96-03.png,0,96.0,Human,genuine,No,0,,train
96-04.tif,..\processed_dataset\genuine\96.0\96-04.png,0,96.0,Human,genuine,No,0,,train
96-05.tif,..\processed_dataset\genuine\96.0\96-05.png,0,96.0,Human,genuine,No,0,,train
96-06.tif,..\processed_dataset\genuine\96.0\96-06.png,0,96.0,Human,genuine,No,0,,train
96-07.tif,..\processed_dataset\genuine\96.0\96-07.png,0,96.0,Human,genuine,No,0,,train
96-08.tif,..\processed_dataset\genuine\96.0\96-08.png,0,96.0,Human,genuine,No,0,,train
96-09.tif,..\processed_dataset\genuine\96.0\96-09.png,0,96.0,Human,genuine,No,0,,train
96-10.tif,..\processed_dataset\genuine\96.0\96-10.png,0,96.0,Human,genuine,No,0,,train
97-01.tif,..\processed_dataset\genuine\97.0\97-01.png,0,97.0,Human,genuine,No,0,,train
97-02.tif,..\processed_dataset\genuine\97.0\97-02.png,0,97.0,Human,genuine,No,0,,train
97-03.tif,..\processed_dataset\genuine\97.0\97-03.png,0,97.0,Human,genuine,No,0,,train
97-04.tif,..\processed_dataset\genuine\97.0\97-04.png,0,97.0,Human,genuine,No,0,,train
97-05.tif,..\processed_dataset\genuine\97.0\97-05.png,0,97.0,Human,genuine,No,0,,train
97-06.tif,..\processed_dataset\genuine\97.0\97-06.png,0,97.0,Human,genuine,No,0,,train
97-07.tif,..\processed_dataset\genuine\97.0\97-07.png,0,97.0,Human,genuine,No,0,,train
97-08.tif,..\processed_dataset\genuine\97.0\97-08.png,0,97.0,Human,genuine,No,0,,train
97-09.tif,..\processed_dataset\genuine\97.0\97-09.png,0,97.0,Human,genuine,No,0,,train
97-10.tif,..\processed_dataset\genuine\97.0\97-10.png,0,97.0,Human,genuine,No,0,,train
98-01.tif,..\processed_dataset\genuine\98.0\98-01.png,0,98.0,Human,genuine,No,0,,val
98-02.tif,..\processed_dataset\genuine\98.0\98-02.png,0,98.0,Human,genuine,No,0,,val
98-03.tif,..\processed_dataset\genuine\98.0\98-03.png,0,98.0,Human,genuine,No,0,,val
98-04.tif,..\processed_dataset\genuine\98.0\98-04.png,0,98.0,Human,genuine,No,0,,val
98-05.tif,..\processed_dataset\genuine\98.0\98-05.png,0,98.0,Human,genuine,No,0,,val
98-06.tif,..\processed_dataset\genuine\98.0\98-06.png,0,98.0,Human,genuine,No,0,,val
98-07.tif,..\processed_dataset\genuine\98.0\98-07.png,0,98.0,Human,genuine,No,0,,val
98-08.tif,..\processed_dataset\genuine\98.0\98-08.png,0,98.0,Human,genuine,No,0,,val
98-09.tif,..\processed_dataset\genuine\98.0\98-09.png,0,98.0,Human,genuine,No,0,,val
98-10.tif,..\processed_dataset\genuine\98.0\98-10.png,0,98.0,Human,genuine,No,0,,val
99-01.tif,..\processed_dataset\genuine\99.0\99-01.png,0,99.0,Human,genuine,No,0,,train
99-02.tif,..\processed_dataset\genuine\99.0\99-02.png,0,99.0,Human,genuine,No,0,,train
99-03.tif,..\processed_dataset\genuine\99.0\99-03.png,0,99.0,Human,genuine,No,0,,train
99-04.tif,..\processed_dataset\genuine\99.0\99-04.png,0,99.0,Human,genuine,No,0,,train
99-05.tif,..\processed_dataset\genuine\99.0\99-05.png,0,99.0,Human,genuine,No,0,,train
99-06.tif,..\processed_dataset\genuine\99.0\99-06.png,0,99.0,Human,genuine,No,0,,train
99-07.tif,..\processed_dataset\genuine\99.0\99-07.png,0,99.0,Human,genuine,No,0,,train
99-08.tif,..\processed_dataset\genuine\99.0\99-08.png,0,99.0,Human,genuine,No,0,,train
99-09.tif,..\processed_dataset\genuine\99.0\99-09.png,0,99.0,Human,genuine,No,0,,train
99-10.tif,..\processed_dataset\genuine\99.0\99-10.png,0,99.0,Human,genuine,No,0,,train
image_01.jpeg,..\processed_dataset\AI\gemini\1.0\image_01.png,1,1.0,Gemini,reference_based,Yes,1,,train
image_02.jpeg,..\processed_dataset\AI\gemini\1.0\image_02.png,1,1.0,Gemini,reference_based,Yes,1,,train
image_03.jpeg,..\processed_dataset\AI\gemini\1.0\image_03.png,1,1.0,Gemini,reference_based,Yes,1,,train
image_04.jpeg,..\processed_dataset\AI\gemini\1.0\image_04.png,1,1.0,Gemini,reference_based,Yes,1,,train
image_05.jpeg,..\processed_dataset\AI\gemini\1.0\image_05.png,1,1.0,Gemini,reference_based,Yes,1,,train
image_06.jpeg,..\processed_dataset\AI\gemini\1.0\image_06.png,1,1.0,Gemini,reference_based,Yes,1,,train
image_07.jpeg,..\processed_dataset\AI\gemini\1.0\image_07.png,1,1.0,Gemini,reference_based,Yes,1,,train
image_08.jpeg,..\processed_dataset\AI\gemini\1.0\image_08.png,1,1.0,Gemini,reference_based,Yes,1,,train
image_09.jpeg,..\processed_dataset\AI\gemini\1.0\image_09.png,1,1.0,Gemini,reference_based,Yes,1,,train
image_01.jpeg,..\processed_dataset\AI\gemini\10.0\image_01.png,1,10.0,Gemini,reference_based,Yes,1,,val
image_02.jpeg,..\processed_dataset\AI\gemini\10.0\image_02.png,1,10.0,Gemini,reference_based,Yes,1,,val
image_03.jpeg,..\processed_dataset\AI\gemini\10.0\image_03.png,1,10.0,Gemini,reference_based,Yes,1,,val
image_04.jpeg,..\processed_dataset\AI\gemini\10.0\image_04.png,1,10.0,Gemini,reference_based,Yes,1,,val
image_05.jpeg,..\processed_dataset\AI\gemini\10.0\image_05.png,1,10.0,Gemini,reference_based,Yes,1,,val
image_06.jpeg,..\processed_dataset\AI\gemini\10.0\image_06.png,1,10.0,Gemini,reference_based,Yes,1,,val
image_07.jpeg,..\processed_dataset\AI\gemini\10.0\image_07.png,1,10.0,Gemini,reference_based,Yes,1,,val
image_08.jpeg,..\processed_dataset\AI\gemini\10.0\image_08.png,1,10.0,Gemini,reference_based,Yes,1,,val
image_09.jpeg,..\processed_dataset\AI\gemini\10.0\image_09.png,1,10.0,Gemini,reference_based,Yes,1,,val
image_01.jpeg,..\processed_dataset\AI\gemini\11.0\image_01.png,1,11.0,Gemini,reference_based,Yes,1,,train
image_02.jpeg,..\processed_dataset\AI\gemini\11.0\image_02.png,1,11.0,Gemini,reference_based,Yes,1,,train
image_03.jpeg,..\processed_dataset\AI\gemini\11.0\image_03.png,1,11.0,Gemini,reference_based,Yes,1,,train
image_04.jpeg,..\processed_dataset\AI\gemini\11.0\image_04.png,1,11.0,Gemini,reference_based,Yes,1,,train
image_05.jpeg,..\processed_dataset\AI\gemini\11.0\image_05.png,1,11.0,Gemini,reference_based,Yes,1,,train
image_06.jpeg,..\processed_dataset\AI\gemini\11.0\image_06.png,1,11.0,Gemini,reference_based,Yes,1,,train
image_07.jpeg,..\processed_dataset\AI\gemini\11.0\image_07.png,1,11.0,Gemini,reference_based,Yes,1,,train
image_08.jpeg,..\processed_dataset\AI\gemini\11.0\image_08.png,1,11.0,Gemini,reference_based,Yes,1,,train
image_09.jpeg,..\processed_dataset\AI\gemini\11.0\image_09.png,1,11.0,Gemini,reference_based,Yes,1,,train
image_01.jpeg,..\processed_dataset\AI\gemini\12.0\image_01.png,1,12.0,Gemini,reference_based,Yes,1,,train
image_02.jpeg,..\processed_dataset\AI\gemini\12.0\image_02.png,1,12.0,Gemini,reference_based,Yes,1,,train
image_03.jpeg,..\processed_dataset\AI\gemini\12.0\image_03.png,1,12.0,Gemini,reference_based,Yes,1,,train
image_04.jpeg,..\processed_dataset\AI\gemini\12.0\image_04.png,1,12.0,Gemini,reference_based,Yes,1,,train
image_05.jpeg,..\processed_dataset\AI\gemini\12.0\image_05.png,1,12.0,Gemini,reference_based,Yes,1,,train
image_06.jpeg,..\processed_dataset\AI\gemini\12.0\image_06.png,1,12.0,Gemini,reference_based,Yes,1,,train
image_07.jpeg,..\processed_dataset\AI\gemini\12.0\image_07.png,1,12.0,Gemini,reference_based,Yes,1,,train
image_08.jpeg,..\processed_dataset\AI\gemini\12.0\image_08.png,1,12.0,Gemini,reference_based,Yes,1,,train
image_09.jpeg,..\processed_dataset\AI\gemini\12.0\image_09.png,1,12.0,Gemini,reference_based,Yes,1,,train
image_01.jpeg,..\processed_dataset\AI\gemini\13.0\image_01.png,1,13.0,Gemini,reference_based,Yes,1,,train
image_02.jpeg,..\processed_dataset\AI\gemini\13.0\image_02.png,1,13.0,Gemini,reference_based,Yes,1,,train
image_03.jpeg,..\processed_dataset\AI\gemini\13.0\image_03.png,1,13.0,Gemini,reference_based,Yes,1,,train
image_04.jpeg,..\processed_dataset\AI\gemini\13.0\image_04.png,1,13.0,Gemini,reference_based,Yes,1,,train
image_05.jpeg,..\processed_dataset\AI\gemini\13.0\image_05.png,1,13.0,Gemini,reference_based,Yes,1,,train
image_06.jpeg,..\processed_dataset\AI\gemini\13.0\image_06.png,1,13.0,Gemini,reference_based,Yes,1,,train
image_07.jpeg,..\processed_dataset\AI\gemini\13.0\image_07.png,1,13.0,Gemini,reference_based,Yes,1,,train
image_08.jpeg,..\processed_dataset\AI\gemini\13.0\image_08.png,1,13.0,Gemini,reference_based,Yes,1,,train
image_09.jpeg,..\processed_dataset\AI\gemini\13.0\image_09.png,1,13.0,Gemini,reference_based,Yes,1,,train
image_01.jpeg,..\processed_dataset\AI\gemini\14.0\image_01.png,1,14.0,Gemini,reference_based,Yes,1,,train
image_02.jpeg,..\processed_dataset\AI\gemini\14.0\image_02.png,1,14.0,Gemini,reference_based,Yes,1,,train
image_03.jpeg,..\processed_dataset\AI\gemini\14.0\image_03.png,1,14.0,Gemini,reference_based,Yes,1,,train
image_04.jpeg,..\processed_dataset\AI\gemini\14.0\image_04.png,1,14.0,Gemini,reference_based,Yes,1,,train
image_05.jpeg,..\processed_dataset\AI\gemini\14.0\image_05.png,1,14.0,Gemini,reference_based,Yes,1,,train
image_06.jpeg,..\processed_dataset\AI\gemini\14.0\image_06.png,1,14.0,Gemini,reference_based,Yes,1,,train
image_07.jpeg,..\processed_dataset\AI\gemini\14.0\image_07.png,1,14.0,Gemini,reference_based,Yes,1,,train
image_08.jpeg,..\processed_dataset\AI\gemini\14.0\image_08.png,1,14.0,Gemini,reference_based,Yes,1,,train
image_09.jpeg,..\processed_dataset\AI\gemini\14.0\image_09.png,1,14.0,Gemini,reference_based,Yes,1,,train
image_01.jpeg,..\processed_dataset\AI\gemini\15.0\image_01.png,1,15.0,Gemini,reference_based,Yes,1,,train
image_02.jpeg,..\processed_dataset\AI\gemini\15.0\image_02.png,1,15.0,Gemini,reference_based,Yes,1,,train
image_03.jpeg,..\processed_dataset\AI\gemini\15.0\image_03.png,1,15.0,Gemini,reference_based,Yes,1,,train
image_04.jpeg,..\processed_dataset\AI\gemini\15.0\image_04.png,1,15.0,Gemini,reference_based,Yes,1,,train
image_05.jpeg,..\processed_dataset\AI\gemini\15.0\image_05.png,1,15.0,Gemini,reference_based,Yes,1,,train
image_06.jpeg,..\processed_dataset\AI\gemini\15.0\image_06.png,1,15.0,Gemini,reference_based,Yes,1,,train
image_07.jpeg,..\processed_dataset\AI\gemini\15.0\image_07.png,1,15.0,Gemini,reference_based,Yes,1,,train
image_08.jpeg,..\processed_dataset\AI\gemini\15.0\image_08.png,1,15.0,Gemini,reference_based,Yes,1,,train
image_09.jpeg,..\processed_dataset\AI\gemini\15.0\image_09.png,1,15.0,Gemini,reference_based,Yes,1,,train
image_01.jpeg,..\processed_dataset\AI\gemini\16.0\image_01.png,1,16.0,Gemini,reference_based,Yes,1,,train
image_02.jpeg,..\processed_dataset\AI\gemini\16.0\image_02.png,1,16.0,Gemini,reference_based,Yes,1,,train
image_03.jpeg,..\processed_dataset\AI\gemini\16.0\image_03.png,1,16.0,Gemini,reference_based,Yes,1,,train
image_04.jpeg,..\processed_dataset\AI\gemini\16.0\image_04.png,1,16.0,Gemini,reference_based,Yes,1,,train
image_05.jpeg,..\processed_dataset\AI\gemini\16.0\image_05.png,1,16.0,Gemini,reference_based,Yes,1,,train
image_06.jpeg,..\processed_dataset\AI\gemini\16.0\image_06.png,1,16.0,Gemini,reference_based,Yes,1,,train
image_07.jpeg,..\processed_dataset\AI\gemini\16.0\image_07.png,1,16.0,Gemini,reference_based,Yes,1,,train
image_08.jpeg,..\processed_dataset\AI\gemini\16.0\image_08.png,1,16.0,Gemini,reference_based,Yes,1,,train
image_09.jpeg,..\processed_dataset\AI\gemini\16.0\image_09.png,1,16.0,Gemini,reference_based,Yes,1,,train
image_01.jpeg,..\processed_dataset\AI\gemini\17.0\image_01.png,1,17.0,Gemini,reference_based,Yes,1,,train
image_02.jpeg,..\processed_dataset\AI\gemini\17.0\image_02.png,1,17.0,Gemini,reference_based,Yes,1,,train
image_03.jpeg,..\processed_dataset\AI\gemini\17.0\image_03.png,1,17.0,Gemini,reference_based,Yes,1,,train
image_04.jpeg,..\processed_dataset\AI\gemini\17.0\image_04.png,1,17.0,Gemini,reference_based,Yes,1,,train
image_05.jpeg,..\processed_dataset\AI\gemini\17.0\image_05.png,1,17.0,Gemini,reference_based,Yes,1,,train
image_06.jpeg,..\processed_dataset\AI\gemini\17.0\image_06.png,1,17.0,Gemini,reference_based,Yes,1,,train
image_07.jpeg,..\processed_dataset\AI\gemini\17.0\image_07.png,1,17.0,Gemini,reference_based,Yes,1,,train
image_08.jpeg,..\processed_dataset\AI\gemini\17.0\image_08.png,1,17.0,Gemini,reference_based,Yes,1,,train
image_09.jpeg,..\processed_dataset\AI\gemini\17.0\image_09.png,1,17.0,Gemini,reference_based,Yes,1,,train
image_01.jpeg,..\processed_dataset\AI\gemini\18.0\image_01.png,1,18.0,Gemini,reference_based,Yes,1,,train
image_02.jpeg,..\processed_dataset\AI\gemini\18.0\image_02.png,1,18.0,Gemini,reference_based,Yes,1,,train
image_03.jpeg,..\processed_dataset\AI\gemini\18.0\image_03.png,1,18.0,Gemini,reference_based,Yes,1,,train
image_04.jpeg,..\processed_dataset\AI\gemini\18.0\image_04.png,1,18.0,Gemini,reference_based,Yes,1,,train
image_05.jpeg,..\processed_dataset\AI\gemini\18.0\image_05.png,1,18.0,Gemini,reference_based,Yes,1,,train
image_06.jpeg,..\processed_dataset\AI\gemini\18.0\image_06.png,1,18.0,Gemini,reference_based,Yes,1,,train
image_07.jpeg,..\processed_dataset\AI\gemini\18.0\image_07.png,1,18.0,Gemini,reference_based,Yes,1,,train
image_08.jpeg,..\processed_dataset\AI\gemini\18.0\image_08.png,1,18.0,Gemini,reference_based,Yes,1,,train
image_09.jpeg,..\processed_dataset\AI\gemini\18.0\image_09.png,1,18.0,Gemini,reference_based,Yes,1,,train
image_01.jpeg,..\processed_dataset\AI\gemini\19.0\image_01.png,1,19.0,Gemini,reference_based,Yes,1,,train
image_02.jpeg,..\processed_dataset\AI\gemini\19.0\image_02.png,1,19.0,Gemini,reference_based,Yes,1,,train
image_03.jpeg,..\processed_dataset\AI\gemini\19.0\image_03.png,1,19.0,Gemini,reference_based,Yes,1,,train
image_04.jpeg,..\processed_dataset\AI\gemini\19.0\image_04.png,1,19.0,Gemini,reference_based,Yes,1,,train
image_05.jpeg,..\processed_dataset\AI\gemini\19.0\image_05.png,1,19.0,Gemini,reference_based,Yes,1,,train
image_06.jpeg,..\processed_dataset\AI\gemini\19.0\image_06.png,1,19.0,Gemini,reference_based,Yes,1,,train
image_07.jpeg,..\processed_dataset\AI\gemini\19.0\image_07.png,1,19.0,Gemini,reference_based,Yes,1,,train
image_08.jpeg,..\processed_dataset\AI\gemini\19.0\image_08.png,1,19.0,Gemini,reference_based,Yes,1,,train
image_09.jpeg,..\processed_dataset\AI\gemini\19.0\image_09.png,1,19.0,Gemini,reference_based,Yes,1,,train
image_01.jpeg,..\processed_dataset\AI\gemini\2.0\image_01.png,1,2.0,Gemini,reference_based,Yes,1,,train
image_02.jpeg,..\processed_dataset\AI\gemini\2.0\image_02.png,1,2.0,Gemini,reference_based,Yes,1,,train
image_03.jpeg,..\processed_dataset\AI\gemini\2.0\image_03.png,1,2.0,Gemini,reference_based,Yes,1,,train
image_04.jpeg,..\processed_dataset\AI\gemini\2.0\image_04.png,1,2.0,Gemini,reference_based,Yes,1,,train
image_05.jpeg,..\processed_dataset\AI\gemini\2.0\image_05.png,1,2.0,Gemini,reference_based,Yes,1,,train
image_06.jpeg,..\processed_dataset\AI\gemini\2.0\image_06.png,1,2.0,Gemini,reference_based,Yes,1,,train
image_07.jpeg,..\processed_dataset\AI\gemini\2.0\image_07.png,1,2.0,Gemini,reference_based,Yes,1,,train
image_08.jpeg,..\processed_dataset\AI\gemini\2.0\image_08.png,1,2.0,Gemini,reference_based,Yes,1,,train
image_09.jpeg,..\processed_dataset\AI\gemini\2.0\image_09.png,1,2.0,Gemini,reference_based,Yes,1,,train
image_01.jpeg,..\processed_dataset\AI\gemini\20.0\image_01.png,1,20.0,Gemini,reference_based,Yes,1,,train
image_02.jpeg,..\processed_dataset\AI\gemini\20.0\image_02.png,1,20.0,Gemini,reference_based,Yes,1,,train
image_03.jpeg,..\processed_dataset\AI\gemini\20.0\image_03.png,1,20.0,Gemini,reference_based,Yes,1,,train
image_04.jpeg,..\processed_dataset\AI\gemini\20.0\image_04.png,1,20.0,Gemini,reference_based,Yes,1,,train
image_05.jpeg,..\processed_dataset\AI\gemini\20.0\image_05.png,1,20.0,Gemini,reference_based,Yes,1,,train
image_06.jpeg,..\processed_dataset\AI\gemini\20.0\image_06.png,1,20.0,Gemini,reference_based,Yes,1,,train
image_07.jpeg,..\processed_dataset\AI\gemini\20.0\image_07.png,1,20.0,Gemini,reference_based,Yes,1,,train
image_08.jpeg,..\processed_dataset\AI\gemini\20.0\image_08.png,1,20.0,Gemini,reference_based,Yes,1,,train
image_09.jpeg,..\processed_dataset\AI\gemini\20.0\image_09.png,1,20.0,Gemini,reference_based,Yes,1,,train
image_01.jpeg,..\processed_dataset\AI\gemini\21.0\image_01.png,1,21.0,Gemini,reference_based,Yes,1,,test
image_02.jpeg,..\processed_dataset\AI\gemini\21.0\image_02.png,1,21.0,Gemini,reference_based,Yes,1,,test
image_03.jpeg,..\processed_dataset\AI\gemini\21.0\image_03.png,1,21.0,Gemini,reference_based,Yes,1,,test
image_04.jpeg,..\processed_dataset\AI\gemini\21.0\image_04.png,1,21.0,Gemini,reference_based,Yes,1,,test
image_05.jpeg,..\processed_dataset\AI\gemini\21.0\image_05.png,1,21.0,Gemini,reference_based,Yes,1,,test
image_06.jpeg,..\processed_dataset\AI\gemini\21.0\image_06.png,1,21.0,Gemini,reference_based,Yes,1,,test
image_07.jpeg,..\processed_dataset\AI\gemini\21.0\image_07.png,1,21.0,Gemini,reference_based,Yes,1,,test
image_08.jpeg,..\processed_dataset\AI\gemini\21.0\image_08.png,1,21.0,Gemini,reference_based,Yes,1,,test
image_09.jpeg,..\processed_dataset\AI\gemini\21.0\image_09.png,1,21.0,Gemini,reference_based,Yes,1,,test
image_01.jpeg,..\processed_dataset\AI\gemini\22.0\image_01.png,1,22.0,Gemini,reference_based,Yes,1,,train
image_02.jpeg,..\processed_dataset\AI\gemini\22.0\image_02.png,1,22.0,Gemini,reference_based,Yes,1,,train
image_03.jpeg,..\processed_dataset\AI\gemini\22.0\image_03.png,1,22.0,Gemini,reference_based,Yes,1,,train
image_04.jpeg,..\processed_dataset\AI\gemini\22.0\image_04.png,1,22.0,Gemini,reference_based,Yes,1,,train
image_05.jpeg,..\processed_dataset\AI\gemini\22.0\image_05.png,1,22.0,Gemini,reference_based,Yes,1,,train
image_06.jpeg,..\processed_dataset\AI\gemini\22.0\image_06.png,1,22.0,Gemini,reference_based,Yes,1,,train
image_07.jpeg,..\processed_dataset\AI\gemini\22.0\image_07.png,1,22.0,Gemini,reference_based,Yes,1,,train
image_08.jpeg,..\processed_dataset\AI\gemini\22.0\image_08.png,1,22.0,Gemini,reference_based,Yes,1,,train
image_09.jpeg,..\processed_dataset\AI\gemini\22.0\image_09.png,1,22.0,Gemini,reference_based,Yes,1,,train
image_01.jpeg,..\processed_dataset\AI\gemini\23.0\image_01.png,1,23.0,Gemini,reference_based,Yes,1,,train
image_02.jpeg,..\processed_dataset\AI\gemini\23.0\image_02.png,1,23.0,Gemini,reference_based,Yes,1,,train
image_03.jpeg,..\processed_dataset\AI\gemini\23.0\image_03.png,1,23.0,Gemini,reference_based,Yes,1,,train
image_04.jpeg,..\processed_dataset\AI\gemini\23.0\image_04.png,1,23.0,Gemini,reference_based,Yes,1,,train
image_05.jpeg,..\processed_dataset\AI\gemini\23.0\image_05.png,1,23.0,Gemini,reference_based,Yes,1,,train
image_06.jpeg,..\processed_dataset\AI\gemini\23.0\image_06.png,1,23.0,Gemini,reference_based,Yes,1,,train
image_07.jpeg,..\processed_dataset\AI\gemini\23.0\image_07.png,1,23.0,Gemini,reference_based,Yes,1,,train
image_08.jpeg,..\processed_dataset\AI\gemini\23.0\image_08.png,1,23.0,Gemini,reference_based,Yes,1,,train
image_09.jpeg,..\processed_dataset\AI\gemini\23.0\image_09.png,1,23.0,Gemini,reference_based,Yes,1,,train
image_01.jpeg,..\processed_dataset\AI\gemini\24.0\image_01.png,1,24.0,Gemini,reference_based,Yes,1,,train
image_02.jpeg,..\processed_dataset\AI\gemini\24.0\image_02.png,1,24.0,Gemini,reference_based,Yes,1,,train
image_03.jpeg,..\processed_dataset\AI\gemini\24.0\image_03.png,1,24.0,Gemini,reference_based,Yes,1,,train
image_04.jpeg,..\processed_dataset\AI\gemini\24.0\image_04.png,1,24.0,Gemini,reference_based,Yes,1,,train
image_05.jpeg,..\processed_dataset\AI\gemini\24.0\image_05.png,1,24.0,Gemini,reference_based,Yes,1,,train
image_06.jpeg,..\processed_dataset\AI\gemini\24.0\image_06.png,1,24.0,Gemini,reference_based,Yes,1,,train
image_07.jpeg,..\processed_dataset\AI\gemini\24.0\image_07.png,1,24.0,Gemini,reference_based,Yes,1,,train
image_08.jpeg,..\processed_dataset\AI\gemini\24.0\image_08.png,1,24.0,Gemini,reference_based,Yes,1,,train
image_09.jpeg,..\processed_dataset\AI\gemini\24.0\image_09.png,1,24.0,Gemini,reference_based,Yes,1,,train
image_01.jpeg,..\processed_dataset\AI\gemini\25.0\image_01.png,1,25.0,Gemini,reference_based,Yes,1,,train
image_02.jpeg,..\processed_dataset\AI\gemini\25.0\image_02.png,1,25.0,Gemini,reference_based,Yes,1,,train
image_03.jpeg,..\processed_dataset\AI\gemini\25.0\image_03.png,1,25.0,Gemini,reference_based,Yes,1,,train
image_04.jpeg,..\processed_dataset\AI\gemini\25.0\image_04.png,1,25.0,Gemini,reference_based,Yes,1,,train
image_05.jpeg,..\processed_dataset\AI\gemini\25.0\image_05.png,1,25.0,Gemini,reference_based,Yes,1,,train
image_06.jpeg,..\processed_dataset\AI\gemini\25.0\image_06.png,1,25.0,Gemini,reference_based,Yes,1,,train
image_07.jpeg,..\processed_dataset\AI\gemini\25.0\image_07.png,1,25.0,Gemini,reference_based,Yes,1,,train
image_08.jpeg,..\processed_dataset\AI\gemini\25.0\image_08.png,1,25.0,Gemini,reference_based,Yes,1,,train
image_09.jpeg,..\processed_dataset\AI\gemini\25.0\image_09.png,1,25.0,Gemini,reference_based,Yes,1,,train
image_01.jpeg,..\processed_dataset\AI\gemini\26.0\image_01.png,1,26.0,Gemini,reference_based,Yes,1,,train
image_02.jpeg,..\processed_dataset\AI\gemini\26.0\image_02.png,1,26.0,Gemini,reference_based,Yes,1,,train
image_03.jpeg,..\processed_dataset\AI\gemini\26.0\image_03.png,1,26.0,Gemini,reference_based,Yes,1,,train
image_04.jpeg,..\processed_dataset\AI\gemini\26.0\image_04.png,1,26.0,Gemini,reference_based,Yes,1,,train
image_05.jpeg,..\processed_dataset\AI\gemini\26.0\image_05.png,1,26.0,Gemini,reference_based,Yes,1,,train
image_06.jpeg,..\processed_dataset\AI\gemini\26.0\image_06.png,1,26.0,Gemini,reference_based,Yes,1,,train
image_07.jpeg,..\processed_dataset\AI\gemini\26.0\image_07.png,1,26.0,Gemini,reference_based,Yes,1,,train
image_08.jpeg,..\processed_dataset\AI\gemini\26.0\image_08.png,1,26.0,Gemini,reference_based,Yes,1,,train
image_09.jpeg,..\processed_dataset\AI\gemini\26.0\image_09.png,1,26.0,Gemini,reference_based,Yes,1,,train
image_01.jpeg,..\processed_dataset\AI\gemini\27.0\image_01.png,1,27.0,Gemini,reference_based,Yes,1,,test
image_02.jpeg,..\processed_dataset\AI\gemini\27.0\image_02.png,1,27.0,Gemini,reference_based,Yes,1,,test
image_03.jpeg,..\processed_dataset\AI\gemini\27.0\image_03.png,1,27.0,Gemini,reference_based,Yes,1,,test
image_04.jpeg,..\processed_dataset\AI\gemini\27.0\image_04.png,1,27.0,Gemini,reference_based,Yes,1,,test
image_05.jpeg,..\processed_dataset\AI\gemini\27.0\image_05.png,1,27.0,Gemini,reference_based,Yes,1,,test
image_06.jpeg,..\processed_dataset\AI\gemini\27.0\image_06.png,1,27.0,Gemini,reference_based,Yes,1,,test
image_07.jpeg,..\processed_dataset\AI\gemini\27.0\image_07.png,1,27.0,Gemini,reference_based,Yes,1,,test
image_08.jpeg,..\processed_dataset\AI\gemini\27.0\image_08.png,1,27.0,Gemini,reference_based,Yes,1,,test
image_09.jpeg,..\processed_dataset\AI\gemini\27.0\image_09.png,1,27.0,Gemini,reference_based,Yes,1,,test
image_01.jpeg,..\processed_dataset\AI\gemini\28.0\image_01.png,1,28.0,Gemini,reference_based,Yes,1,,test
image_02.jpeg,..\processed_dataset\AI\gemini\28.0\image_02.png,1,28.0,Gemini,reference_based,Yes,1,,test
image_03.jpeg,..\processed_dataset\AI\gemini\28.0\image_03.png,1,28.0,Gemini,reference_based,Yes,1,,test
image_04.jpeg,..\processed_dataset\AI\gemini\28.0\image_04.png,1,28.0,Gemini,reference_based,Yes,1,,test
image_05.jpeg,..\processed_dataset\AI\gemini\28.0\image_05.png,1,28.0,Gemini,reference_based,Yes,1,,test
image_06.jpeg,..\processed_dataset\AI\gemini\28.0\image_06.png,1,28.0,Gemini,reference_based,Yes,1,,test
image_07.jpeg,..\processed_dataset\AI\gemini\28.0\image_07.png,1,28.0,Gemini,reference_based,Yes,1,,test
image_08.jpeg,..\processed_dataset\AI\gemini\28.0\image_08.png,1,28.0,Gemini,reference_based,Yes,1,,test
image_09.jpeg,..\processed_dataset\AI\gemini\28.0\image_09.png,1,28.0,Gemini,reference_based,Yes,1,,test
image_01.jpeg,..\processed_dataset\AI\gemini\29.0\image_01.png,1,29.0,Gemini,reference_based,Yes,1,,train
image_02.jpeg,..\processed_dataset\AI\gemini\29.0\image_02.png,1,29.0,Gemini,reference_based,Yes,1,,train
image_03.jpeg,..\processed_dataset\AI\gemini\29.0\image_03.png,1,29.0,Gemini,reference_based,Yes,1,,train
image_04.jpeg,..\processed_dataset\AI\gemini\29.0\image_04.png,1,29.0,Gemini,reference_based,Yes,1,,train
image_05.jpeg,..\processed_dataset\AI\gemini\29.0\image_05.png,1,29.0,Gemini,reference_based,Yes,1,,train
image_06.jpeg,..\processed_dataset\AI\gemini\29.0\image_06.png,1,29.0,Gemini,reference_based,Yes,1,,train
image_07.jpeg,..\processed_dataset\AI\gemini\29.0\image_07.png,1,29.0,Gemini,reference_based,Yes,1,,train
image_08.jpeg,..\processed_dataset\AI\gemini\29.0\image_08.png,1,29.0,Gemini,reference_based,Yes,1,,train
image_09.jpeg,..\processed_dataset\AI\gemini\29.0\image_09.png,1,29.0,Gemini,reference_based,Yes,1,,train
image_01.jpeg,..\processed_dataset\AI\gemini\30.0\image_01.png,1,30.0,Gemini,reference_based,Yes,1,,train
image_02.jpeg,..\processed_dataset\AI\gemini\30.0\image_02.png,1,30.0,Gemini,reference_based,Yes,1,,train
image_03.jpeg,..\processed_dataset\AI\gemini\30.0\image_03.png,1,30.0,Gemini,reference_based,Yes,1,,train
image_04.jpeg,..\processed_dataset\AI\gemini\30.0\image_04.png,1,30.0,Gemini,reference_based,Yes,1,,train
image_05.jpeg,..\processed_dataset\AI\gemini\30.0\image_05.png,1,30.0,Gemini,reference_based,Yes,1,,train
image_06.jpeg,..\processed_dataset\AI\gemini\30.0\image_06.png,1,30.0,Gemini,reference_based,Yes,1,,train
image_07.jpeg,..\processed_dataset\AI\gemini\30.0\image_07.png,1,30.0,Gemini,reference_based,Yes,1,,train
image_08.jpeg,..\processed_dataset\AI\gemini\30.0\image_08.png,1,30.0,Gemini,reference_based,Yes,1,,train
image_09.jpeg,..\processed_dataset\AI\gemini\30.0\image_09.png,1,30.0,Gemini,reference_based,Yes,1,,train
image_10.jpeg,..\processed_dataset\AI\gemini\30.0\image_10.png,1,30.0,Gemini,reference_based,Yes,1,,train
image_11.jpeg,..\processed_dataset\AI\gemini\30.0\image_11.png,1,30.0,Gemini,reference_based,Yes,1,,train
image_12.jpeg,..\processed_dataset\AI\gemini\30.0\image_12.png,1,30.0,Gemini,reference_based,Yes,1,,train
image_01.jpeg,..\processed_dataset\AI\gemini\31.0\image_01.png,1,31.0,Gemini,reference_based,Yes,1,,train
image_02.jpeg,..\processed_dataset\AI\gemini\31.0\image_02.png,1,31.0,Gemini,reference_based,Yes,1,,train
image_03.jpeg,..\processed_dataset\AI\gemini\31.0\image_03.png,1,31.0,Gemini,reference_based,Yes,1,,train
image_04.jpeg,..\processed_dataset\AI\gemini\31.0\image_04.png,1,31.0,Gemini,reference_based,Yes,1,,train
image_05.jpeg,..\processed_dataset\AI\gemini\31.0\image_05.png,1,31.0,Gemini,reference_based,Yes,1,,train
image_06.jpeg,..\processed_dataset\AI\gemini\31.0\image_06.png,1,31.0,Gemini,reference_based,Yes,1,,train
image_07.jpeg,..\processed_dataset\AI\gemini\31.0\image_07.png,1,31.0,Gemini,reference_based,Yes,1,,train
image_08.jpeg,..\processed_dataset\AI\gemini\31.0\image_08.png,1,31.0,Gemini,reference_based,Yes,1,,train
image_09.jpeg,..\processed_dataset\AI\gemini\31.0\image_09.png,1,31.0,Gemini,reference_based,Yes,1,,train
image_10.jpeg,..\processed_dataset\AI\gemini\31.0\image_10.png,1,31.0,Gemini,reference_based,Yes,1,,train
image_11.jpeg,..\processed_dataset\AI\gemini\31.0\image_11.png,1,31.0,Gemini,reference_based,Yes,1,,train
image_12.jpeg,..\processed_dataset\AI\gemini\31.0\image_12.png,1,31.0,Gemini,reference_based,Yes,1,,train
image_01.jpeg,..\processed_dataset\AI\gemini\32.0\image_01.png,1,32.0,Gemini,reference_based,Yes,1,,train
image_02.jpeg,..\processed_dataset\AI\gemini\32.0\image_02.png,1,32.0,Gemini,reference_based,Yes,1,,train
image_03.jpeg,..\processed_dataset\AI\gemini\32.0\image_03.png,1,32.0,Gemini,reference_based,Yes,1,,train
image_04.jpeg,..\processed_dataset\AI\gemini\32.0\image_04.png,1,32.0,Gemini,reference_based,Yes,1,,train
image_05.jpeg,..\processed_dataset\AI\gemini\32.0\image_05.png,1,32.0,Gemini,reference_based,Yes,1,,train
image_06.jpeg,..\processed_dataset\AI\gemini\32.0\image_06.png,1,32.0,Gemini,reference_based,Yes,1,,train
image_07.jpeg,..\processed_dataset\AI\gemini\32.0\image_07.png,1,32.0,Gemini,reference_based,Yes,1,,train
image_08.jpeg,..\processed_dataset\AI\gemini\32.0\image_08.png,1,32.0,Gemini,reference_based,Yes,1,,train
image_09.jpeg,..\processed_dataset\AI\gemini\32.0\image_09.png,1,32.0,Gemini,reference_based,Yes,1,,train
image_10.jpeg,..\processed_dataset\AI\gemini\32.0\image_10.png,1,32.0,Gemini,reference_based,Yes,1,,train
image_11.jpeg,..\processed_dataset\AI\gemini\32.0\image_11.png,1,32.0,Gemini,reference_based,Yes,1,,train
image_12.jpeg,..\processed_dataset\AI\gemini\32.0\image_12.png,1,32.0,Gemini,reference_based,Yes,1,,train
image_01.jpeg,..\processed_dataset\AI\gemini\33.0\image_01.png,1,33.0,Gemini,reference_based,Yes,1,,train
image_02.jpeg,..\processed_dataset\AI\gemini\33.0\image_02.png,1,33.0,Gemini,reference_based,Yes,1,,train
image_03.jpeg,..\processed_dataset\AI\gemini\33.0\image_03.png,1,33.0,Gemini,reference_based,Yes,1,,train
image_04.jpeg,..\processed_dataset\AI\gemini\33.0\image_04.png,1,33.0,Gemini,reference_based,Yes,1,,train
image_05.jpeg,..\processed_dataset\AI\gemini\33.0\image_05.png,1,33.0,Gemini,reference_based,Yes,1,,train
image_06.jpeg,..\processed_dataset\AI\gemini\33.0\image_06.png,1,33.0,Gemini,reference_based,Yes,1,,train
image_07.jpeg,..\processed_dataset\AI\gemini\33.0\image_07.png,1,33.0,Gemini,reference_based,Yes,1,,train
image_08.jpeg,..\processed_dataset\AI\gemini\33.0\image_08.png,1,33.0,Gemini,reference_based,Yes,1,,train
image_09.jpeg,..\processed_dataset\AI\gemini\33.0\image_09.png,1,33.0,Gemini,reference_based,Yes,1,,train
image_10.jpeg,..\processed_dataset\AI\gemini\33.0\image_10.png,1,33.0,Gemini,reference_based,Yes,1,,train
image_11.jpeg,..\processed_dataset\AI\gemini\33.0\image_11.png,1,33.0,Gemini,reference_based,Yes,1,,train
image_12.jpeg,..\processed_dataset\AI\gemini\33.0\image_12.png,1,33.0,Gemini,reference_based,Yes,1,,train
image_01.jpeg,..\processed_dataset\AI\gemini\34.0\image_01.png,1,34.0,Gemini,reference_based,Yes,1,,train
image_02.jpeg,..\processed_dataset\AI\gemini\34.0\image_02.png,1,34.0,Gemini,reference_based,Yes,1,,train
image_03.jpeg,..\processed_dataset\AI\gemini\34.0\image_03.png,1,34.0,Gemini,reference_based,Yes,1,,train
image_04.jpeg,..\processed_dataset\AI\gemini\34.0\image_04.png,1,34.0,Gemini,reference_based,Yes,1,,train
image_05.jpeg,..\processed_dataset\AI\gemini\34.0\image_05.png,1,34.0,Gemini,reference_based,Yes,1,,train
image_06.jpeg,..\processed_dataset\AI\gemini\34.0\image_06.png,1,34.0,Gemini,reference_based,Yes,1,,train
image_07.jpeg,..\processed_dataset\AI\gemini\34.0\image_07.png,1,34.0,Gemini,reference_based,Yes,1,,train
image_08.jpeg,..\processed_dataset\AI\gemini\34.0\image_08.png,1,34.0,Gemini,reference_based,Yes,1,,train
image_09.jpeg,..\processed_dataset\AI\gemini\34.0\image_09.png,1,34.0,Gemini,reference_based,Yes,1,,train
image_10.jpeg,..\processed_dataset\AI\gemini\34.0\image_10.png,1,34.0,Gemini,reference_based,Yes,1,,train
image_11.jpeg,..\processed_dataset\AI\gemini\34.0\image_11.png,1,34.0,Gemini,reference_based,Yes,1,,train
image_12.jpeg,..\processed_dataset\AI\gemini\34.0\image_12.png,1,34.0,Gemini,reference_based,Yes,1,,train
image_01.jpeg,..\processed_dataset\AI\gemini\35.0\image_01.png,1,35.0,Gemini,reference_based,Yes,1,,val
image_02.jpeg,..\processed_dataset\AI\gemini\35.0\image_02.png,1,35.0,Gemini,reference_based,Yes,1,,val
image_03.jpeg,..\processed_dataset\AI\gemini\35.0\image_03.png,1,35.0,Gemini,reference_based,Yes,1,,val
image_04.jpeg,..\processed_dataset\AI\gemini\35.0\image_04.png,1,35.0,Gemini,reference_based,Yes,1,,val
image_05.jpeg,..\processed_dataset\AI\gemini\35.0\image_05.png,1,35.0,Gemini,reference_based,Yes,1,,val
image_06.jpeg,..\processed_dataset\AI\gemini\35.0\image_06.png,1,35.0,Gemini,reference_based,Yes,1,,val
image_07.jpeg,..\processed_dataset\AI\gemini\35.0\image_07.png,1,35.0,Gemini,reference_based,Yes,1,,val
image_08.jpeg,..\processed_dataset\AI\gemini\35.0\image_08.png,1,35.0,Gemini,reference_based,Yes,1,,val
image_09.jpeg,..\processed_dataset\AI\gemini\35.0\image_09.png,1,35.0,Gemini,reference_based,Yes,1,,val
image_10.jpeg,..\processed_dataset\AI\gemini\35.0\image_10.png,1,35.0,Gemini,reference_based,Yes,1,,val
image_11.jpeg,..\processed_dataset\AI\gemini\35.0\image_11.png,1,35.0,Gemini,reference_based,Yes,1,,val
image_12.jpeg,..\processed_dataset\AI\gemini\35.0\image_12.png,1,35.0,Gemini,reference_based,Yes,1,,val
image_01.jpeg,..\processed_dataset\AI\gemini\36.0\image_01.png,1,36.0,Gemini,reference_based,Yes,1,,train
image_02.jpeg,..\processed_dataset\AI\gemini\36.0\image_02.png,1,36.0,Gemini,reference_based,Yes,1,,train
image_03.jpeg,..\processed_dataset\AI\gemini\36.0\image_03.png,1,36.0,Gemini,reference_based,Yes,1,,train
image_04.jpeg,..\processed_dataset\AI\gemini\36.0\image_04.png,1,36.0,Gemini,reference_based,Yes,1,,train
image_05.jpeg,..\processed_dataset\AI\gemini\36.0\image_05.png,1,36.0,Gemini,reference_based,Yes,1,,train
image_06.jpeg,..\processed_dataset\AI\gemini\36.0\image_06.png,1,36.0,Gemini,reference_based,Yes,1,,train
image_07.jpeg,..\processed_dataset\AI\gemini\36.0\image_07.png,1,36.0,Gemini,reference_based,Yes,1,,train
image_08.jpeg,..\processed_dataset\AI\gemini\36.0\image_08.png,1,36.0,Gemini,reference_based,Yes,1,,train
image_09.jpeg,..\processed_dataset\AI\gemini\36.0\image_09.png,1,36.0,Gemini,reference_based,Yes,1,,train
image_10.jpeg,..\processed_dataset\AI\gemini\36.0\image_10.png,1,36.0,Gemini,reference_based,Yes,1,,train
image_11.jpeg,..\processed_dataset\AI\gemini\36.0\image_11.png,1,36.0,Gemini,reference_based,Yes,1,,train
image_12.jpeg,..\processed_dataset\AI\gemini\36.0\image_12.png,1,36.0,Gemini,reference_based,Yes,1,,train
image_01.jpeg,..\processed_dataset\AI\gemini\37.0\image_01.png,1,37.0,Gemini,reference_based,Yes,1,,train
image_02.jpeg,..\processed_dataset\AI\gemini\37.0\image_02.png,1,37.0,Gemini,reference_based,Yes,1,,train
image_03.jpeg,..\processed_dataset\AI\gemini\37.0\image_03.png,1,37.0,Gemini,reference_based,Yes,1,,train
image_04.jpeg,..\processed_dataset\AI\gemini\37.0\image_04.png,1,37.0,Gemini,reference_based,Yes,1,,train
image_05.jpeg,..\processed_dataset\AI\gemini\37.0\image_05.png,1,37.0,Gemini,reference_based,Yes,1,,train
image_06.jpeg,..\processed_dataset\AI\gemini\37.0\image_06.png,1,37.0,Gemini,reference_based,Yes,1,,train
image_07.jpeg,..\processed_dataset\AI\gemini\37.0\image_07.png,1,37.0,Gemini,reference_based,Yes,1,,train
image_08.jpeg,..\processed_dataset\AI\gemini\37.0\image_08.png,1,37.0,Gemini,reference_based,Yes,1,,train
image_09.jpeg,..\processed_dataset\AI\gemini\37.0\image_09.png,1,37.0,Gemini,reference_based,Yes,1,,train
image_10.jpeg,..\processed_dataset\AI\gemini\37.0\image_10.png,1,37.0,Gemini,reference_based,Yes,1,,train
image_11.jpeg,..\processed_dataset\AI\gemini\37.0\image_11.png,1,37.0,Gemini,reference_based,Yes,1,,train
image_12.jpeg,..\processed_dataset\AI\gemini\37.0\image_12.png,1,37.0,Gemini,reference_based,Yes,1,,train
image_01.jpeg,..\processed_dataset\AI\gemini\38.0\image_01.png,1,38.0,Gemini,reference_based,Yes,1,,val
image_02.jpeg,..\processed_dataset\AI\gemini\38.0\image_02.png,1,38.0,Gemini,reference_based,Yes,1,,val
image_03.jpeg,..\processed_dataset\AI\gemini\38.0\image_03.png,1,38.0,Gemini,reference_based,Yes,1,,val
image_04.jpeg,..\processed_dataset\AI\gemini\38.0\image_04.png,1,38.0,Gemini,reference_based,Yes,1,,val
image_05.jpeg,..\processed_dataset\AI\gemini\38.0\image_05.png,1,38.0,Gemini,reference_based,Yes,1,,val
image_06.jpeg,..\processed_dataset\AI\gemini\38.0\image_06.png,1,38.0,Gemini,reference_based,Yes,1,,val
image_07.jpeg,..\processed_dataset\AI\gemini\38.0\image_07.png,1,38.0,Gemini,reference_based,Yes,1,,val
image_08.jpeg,..\processed_dataset\AI\gemini\38.0\image_08.png,1,38.0,Gemini,reference_based,Yes,1,,val
image_09.jpeg,..\processed_dataset\AI\gemini\38.0\image_09.png,1,38.0,Gemini,reference_based,Yes,1,,val
image_10.jpeg,..\processed_dataset\AI\gemini\38.0\image_10.png,1,38.0,Gemini,reference_based,Yes,1,,val
image_11.jpeg,..\processed_dataset\AI\gemini\38.0\image_11.png,1,38.0,Gemini,reference_based,Yes,1,,val
image_12.jpeg,..\processed_dataset\AI\gemini\38.0\image_12.png,1,38.0,Gemini,reference_based,Yes,1,,val
image_01.jpeg,..\processed_dataset\AI\gemini\39.0\image_01.png,1,39.0,Gemini,reference_based,Yes,1,,train
image_02.jpeg,..\processed_dataset\AI\gemini\39.0\image_02.png,1,39.0,Gemini,reference_based,Yes,1,,train
image_03.jpeg,..\processed_dataset\AI\gemini\39.0\image_03.png,1,39.0,Gemini,reference_based,Yes,1,,train
image_04.jpeg,..\processed_dataset\AI\gemini\39.0\image_04.png,1,39.0,Gemini,reference_based,Yes,1,,train
image_05.jpeg,..\processed_dataset\AI\gemini\39.0\image_05.png,1,39.0,Gemini,reference_based,Yes,1,,train
image_06.jpeg,..\processed_dataset\AI\gemini\39.0\image_06.png,1,39.0,Gemini,reference_based,Yes,1,,train
image_07.jpeg,..\processed_dataset\AI\gemini\39.0\image_07.png,1,39.0,Gemini,reference_based,Yes,1,,train
image_08.jpeg,..\processed_dataset\AI\gemini\39.0\image_08.png,1,39.0,Gemini,reference_based,Yes,1,,train
image_09.jpeg,..\processed_dataset\AI\gemini\39.0\image_09.png,1,39.0,Gemini,reference_based,Yes,1,,train
image_10.jpeg,..\processed_dataset\AI\gemini\39.0\image_10.png,1,39.0,Gemini,reference_based,Yes,1,,train
image_11.jpeg,..\processed_dataset\AI\gemini\39.0\image_11.png,1,39.0,Gemini,reference_based,Yes,1,,train
image_12.jpeg,..\processed_dataset\AI\gemini\39.0\image_12.png,1,39.0,Gemini,reference_based,Yes,1,,train
image_01.jpeg,..\processed_dataset\AI\gemini\4.0\image_01.png,1,4.0,Gemini,reference_based,Yes,1,,train
image_02.jpeg,..\processed_dataset\AI\gemini\4.0\image_02.png,1,4.0,Gemini,reference_based,Yes,1,,train
image_03.jpeg,..\processed_dataset\AI\gemini\4.0\image_03.png,1,4.0,Gemini,reference_based,Yes,1,,train
image_04.jpeg,..\processed_dataset\AI\gemini\4.0\image_04.png,1,4.0,Gemini,reference_based,Yes,1,,train
image_05.jpeg,..\processed_dataset\AI\gemini\4.0\image_05.png,1,4.0,Gemini,reference_based,Yes,1,,train
image_06.jpeg,..\processed_dataset\AI\gemini\4.0\image_06.png,1,4.0,Gemini,reference_based,Yes,1,,train
image_07.jpeg,..\processed_dataset\AI\gemini\4.0\image_07.png,1,4.0,Gemini,reference_based,Yes,1,,train
image_08.jpeg,..\processed_dataset\AI\gemini\4.0\image_08.png,1,4.0,Gemini,reference_based,Yes,1,,train
image_09.jpeg,..\processed_dataset\AI\gemini\4.0\image_09.png,1,4.0,Gemini,reference_based,Yes,1,,train
image_01.jpeg,..\processed_dataset\AI\gemini\40.0\image_01.png,1,40.0,Gemini,reference_based,Yes,1,,train
image_02.jpeg,..\processed_dataset\AI\gemini\40.0\image_02.png,1,40.0,Gemini,reference_based,Yes,1,,train
image_03.jpeg,..\processed_dataset\AI\gemini\40.0\image_03.png,1,40.0,Gemini,reference_based,Yes,1,,train
image_04.jpeg,..\processed_dataset\AI\gemini\40.0\image_04.png,1,40.0,Gemini,reference_based,Yes,1,,train
image_05.jpeg,..\processed_dataset\AI\gemini\40.0\image_05.png,1,40.0,Gemini,reference_based,Yes,1,,train
image_06.jpeg,..\processed_dataset\AI\gemini\40.0\image_06.png,1,40.0,Gemini,reference_based,Yes,1,,train
image_07.jpeg,..\processed_dataset\AI\gemini\40.0\image_07.png,1,40.0,Gemini,reference_based,Yes,1,,train
image_08.jpeg,..\processed_dataset\AI\gemini\40.0\image_08.png,1,40.0,Gemini,reference_based,Yes,1,,train
image_09.jpeg,..\processed_dataset\AI\gemini\40.0\image_09.png,1,40.0,Gemini,reference_based,Yes,1,,train
image_10.jpeg,..\processed_dataset\AI\gemini\40.0\image_10.png,1,40.0,Gemini,reference_based,Yes,1,,train
image_11.jpeg,..\processed_dataset\AI\gemini\40.0\image_11.png,1,40.0,Gemini,reference_based,Yes,1,,train
image_12.jpeg,..\processed_dataset\AI\gemini\40.0\image_12.png,1,40.0,Gemini,reference_based,Yes,1,,train
image_01.jpeg,..\processed_dataset\AI\gemini\41.0\image_01.png,1,41.0,Gemini,reference_based,Yes,1,,train
image_02.jpeg,..\processed_dataset\AI\gemini\41.0\image_02.png,1,41.0,Gemini,reference_based,Yes,1,,train
image_03.jpeg,..\processed_dataset\AI\gemini\41.0\image_03.png,1,41.0,Gemini,reference_based,Yes,1,,train
image_04.jpeg,..\processed_dataset\AI\gemini\41.0\image_04.png,1,41.0,Gemini,reference_based,Yes,1,,train
image_05.jpeg,..\processed_dataset\AI\gemini\41.0\image_05.png,1,41.0,Gemini,reference_based,Yes,1,,train
image_06.jpeg,..\processed_dataset\AI\gemini\41.0\image_06.png,1,41.0,Gemini,reference_based,Yes,1,,train
image_07.jpeg,..\processed_dataset\AI\gemini\41.0\image_07.png,1,41.0,Gemini,reference_based,Yes,1,,train
image_08.jpeg,..\processed_dataset\AI\gemini\41.0\image_08.png,1,41.0,Gemini,reference_based,Yes,1,,train
image_09.jpeg,..\processed_dataset\AI\gemini\41.0\image_09.png,1,41.0,Gemini,reference_based,Yes,1,,train
image_10.jpeg,..\processed_dataset\AI\gemini\41.0\image_10.png,1,41.0,Gemini,reference_based,Yes,1,,train
image_11.jpeg,..\processed_dataset\AI\gemini\41.0\image_11.png,1,41.0,Gemini,reference_based,Yes,1,,train
image_12.jpeg,..\processed_dataset\AI\gemini\41.0\image_12.png,1,41.0,Gemini,reference_based,Yes,1,,train
image_01.jpeg,..\processed_dataset\AI\gemini\42.0\image_01.png,1,42.0,Gemini,reference_based,Yes,1,,val
image_02.jpeg,..\processed_dataset\AI\gemini\42.0\image_02.png,1,42.0,Gemini,reference_based,Yes,1,,val
image_03.jpeg,..\processed_dataset\AI\gemini\42.0\image_03.png,1,42.0,Gemini,reference_based,Yes,1,,val
image_04.jpeg,..\processed_dataset\AI\gemini\42.0\image_04.png,1,42.0,Gemini,reference_based,Yes,1,,val
image_05.jpeg,..\processed_dataset\AI\gemini\42.0\image_05.png,1,42.0,Gemini,reference_based,Yes,1,,val
image_06.jpeg,..\processed_dataset\AI\gemini\42.0\image_06.png,1,42.0,Gemini,reference_based,Yes,1,,val
image_07.jpeg,..\processed_dataset\AI\gemini\42.0\image_07.png,1,42.0,Gemini,reference_based,Yes,1,,val
image_08.jpeg,..\processed_dataset\AI\gemini\42.0\image_08.png,1,42.0,Gemini,reference_based,Yes,1,,val
image_09.jpeg,..\processed_dataset\AI\gemini\42.0\image_09.png,1,42.0,Gemini,reference_based,Yes,1,,val
image_10.jpeg,..\processed_dataset\AI\gemini\42.0\image_10.png,1,42.0,Gemini,reference_based,Yes,1,,val
image_11.jpeg,..\processed_dataset\AI\gemini\42.0\image_11.png,1,42.0,Gemini,reference_based,Yes,1,,val
image_12.jpeg,..\processed_dataset\AI\gemini\42.0\image_12.png,1,42.0,Gemini,reference_based,Yes,1,,val
image_01.jpeg,..\processed_dataset\AI\gemini\43.0\image_01.png,1,43.0,Gemini,reference_based,Yes,1,,train
image_02.jpeg,..\processed_dataset\AI\gemini\43.0\image_02.png,1,43.0,Gemini,reference_based,Yes,1,,train
image_03.jpeg,..\processed_dataset\AI\gemini\43.0\image_03.png,1,43.0,Gemini,reference_based,Yes,1,,train
image_04.jpeg,..\processed_dataset\AI\gemini\43.0\image_04.png,1,43.0,Gemini,reference_based,Yes,1,,train
image_05.jpeg,..\processed_dataset\AI\gemini\43.0\image_05.png,1,43.0,Gemini,reference_based,Yes,1,,train
image_06.jpeg,..\processed_dataset\AI\gemini\43.0\image_06.png,1,43.0,Gemini,reference_based,Yes,1,,train
image_07.jpeg,..\processed_dataset\AI\gemini\43.0\image_07.png,1,43.0,Gemini,reference_based,Yes,1,,train
image_08.jpeg,..\processed_dataset\AI\gemini\43.0\image_08.png,1,43.0,Gemini,reference_based,Yes,1,,train
image_09.jpeg,..\processed_dataset\AI\gemini\43.0\image_09.png,1,43.0,Gemini,reference_based,Yes,1,,train
image_10.jpeg,..\processed_dataset\AI\gemini\43.0\image_10.png,1,43.0,Gemini,reference_based,Yes,1,,train
image_11.jpeg,..\processed_dataset\AI\gemini\43.0\image_11.png,1,43.0,Gemini,reference_based,Yes,1,,train
image_12.jpeg,..\processed_dataset\AI\gemini\43.0\image_12.png,1,43.0,Gemini,reference_based,Yes,1,,train
image_01.jpeg,..\processed_dataset\AI\gemini\44.0\image_01.png,1,44.0,Gemini,reference_based,Yes,1,,train
image_02.jpeg,..\processed_dataset\AI\gemini\44.0\image_02.png,1,44.0,Gemini,reference_based,Yes,1,,train
image_03.jpeg,..\processed_dataset\AI\gemini\44.0\image_03.png,1,44.0,Gemini,reference_based,Yes,1,,train
image_04.jpeg,..\processed_dataset\AI\gemini\44.0\image_04.png,1,44.0,Gemini,reference_based,Yes,1,,train
image_05.jpeg,..\processed_dataset\AI\gemini\44.0\image_05.png,1,44.0,Gemini,reference_based,Yes,1,,train
image_06.jpeg,..\processed_dataset\AI\gemini\44.0\image_06.png,1,44.0,Gemini,reference_based,Yes,1,,train
image_07.jpeg,..\processed_dataset\AI\gemini\44.0\image_07.png,1,44.0,Gemini,reference_based,Yes,1,,train
image_08.jpeg,..\processed_dataset\AI\gemini\44.0\image_08.png,1,44.0,Gemini,reference_based,Yes,1,,train
image_09.jpeg,..\processed_dataset\AI\gemini\44.0\image_09.png,1,44.0,Gemini,reference_based,Yes,1,,train
image_10.jpeg,..\processed_dataset\AI\gemini\44.0\image_10.png,1,44.0,Gemini,reference_based,Yes,1,,train
image_11.jpeg,..\processed_dataset\AI\gemini\44.0\image_11.png,1,44.0,Gemini,reference_based,Yes,1,,train
image_12.jpeg,..\processed_dataset\AI\gemini\44.0\image_12.png,1,44.0,Gemini,reference_based,Yes,1,,train
image_01.png,..\processed_dataset\AI\gemini\45.0\image_01.png,1,45.0,Gemini,reference_based,Yes,1,,train
image_02.png,..\processed_dataset\AI\gemini\45.0\image_02.png,1,45.0,Gemini,reference_based,Yes,1,,train
image_03.png,..\processed_dataset\AI\gemini\45.0\image_03.png,1,45.0,Gemini,reference_based,Yes,1,,train
image_04.png,..\processed_dataset\AI\gemini\45.0\image_04.png,1,45.0,Gemini,reference_based,Yes,1,,train
image_05.png,..\processed_dataset\AI\gemini\45.0\image_05.png,1,45.0,Gemini,reference_based,Yes,1,,train
image_06.png,..\processed_dataset\AI\gemini\45.0\image_06.png,1,45.0,Gemini,reference_based,Yes,1,,train
image_07.png,..\processed_dataset\AI\gemini\45.0\image_07.png,1,45.0,Gemini,reference_based,Yes,1,,train
image_08.png,..\processed_dataset\AI\gemini\45.0\image_08.png,1,45.0,Gemini,reference_based,Yes,1,,train
image_09.png,..\processed_dataset\AI\gemini\45.0\image_09.png,1,45.0,Gemini,reference_based,Yes,1,,train
image_10.png,..\processed_dataset\AI\gemini\45.0\image_10.png,1,45.0,Gemini,reference_based,Yes,1,,train
image_11.png,..\processed_dataset\AI\gemini\45.0\image_11.png,1,45.0,Gemini,reference_based,Yes,1,,train
image_12.png,..\processed_dataset\AI\gemini\45.0\image_12.png,1,45.0,Gemini,reference_based,Yes,1,,train
image_01.png,..\processed_dataset\AI\gemini\46.0\image_01.png,1,46.0,Gemini,reference_based,Yes,1,,val
image_02.png,..\processed_dataset\AI\gemini\46.0\image_02.png,1,46.0,Gemini,reference_based,Yes,1,,val
image_03.png,..\processed_dataset\AI\gemini\46.0\image_03.png,1,46.0,Gemini,reference_based,Yes,1,,val
image_04.png,..\processed_dataset\AI\gemini\46.0\image_04.png,1,46.0,Gemini,reference_based,Yes,1,,val
image_05.png,..\processed_dataset\AI\gemini\46.0\image_05.png,1,46.0,Gemini,reference_based,Yes,1,,val
image_06.png,..\processed_dataset\AI\gemini\46.0\image_06.png,1,46.0,Gemini,reference_based,Yes,1,,val
image_07.png,..\processed_dataset\AI\gemini\46.0\image_07.png,1,46.0,Gemini,reference_based,Yes,1,,val
image_08.png,..\processed_dataset\AI\gemini\46.0\image_08.png,1,46.0,Gemini,reference_based,Yes,1,,val
image_09.png,..\processed_dataset\AI\gemini\46.0\image_09.png,1,46.0,Gemini,reference_based,Yes,1,,val
image_10.png,..\processed_dataset\AI\gemini\46.0\image_10.png,1,46.0,Gemini,reference_based,Yes,1,,val
image_11.png,..\processed_dataset\AI\gemini\46.0\image_11.png,1,46.0,Gemini,reference_based,Yes,1,,val
image_12.png,..\processed_dataset\AI\gemini\46.0\image_12.png,1,46.0,Gemini,reference_based,Yes,1,,val
image_01.jpeg,..\processed_dataset\AI\gemini\47.0\image_01.png,1,47.0,Gemini,reference_based,Yes,1,,train
image_02.jpeg,..\processed_dataset\AI\gemini\47.0\image_02.png,1,47.0,Gemini,reference_based,Yes,1,,train
image_03.jpeg,..\processed_dataset\AI\gemini\47.0\image_03.png,1,47.0,Gemini,reference_based,Yes,1,,train
image_04.jpeg,..\processed_dataset\AI\gemini\47.0\image_04.png,1,47.0,Gemini,reference_based,Yes,1,,train
image_05.jpeg,..\processed_dataset\AI\gemini\47.0\image_05.png,1,47.0,Gemini,reference_based,Yes,1,,train
image_06.jpeg,..\processed_dataset\AI\gemini\47.0\image_06.png,1,47.0,Gemini,reference_based,Yes,1,,train
image_07.jpeg,..\processed_dataset\AI\gemini\47.0\image_07.png,1,47.0,Gemini,reference_based,Yes,1,,train
image_08.jpeg,..\processed_dataset\AI\gemini\47.0\image_08.png,1,47.0,Gemini,reference_based,Yes,1,,train
image_09.jpeg,..\processed_dataset\AI\gemini\47.0\image_09.png,1,47.0,Gemini,reference_based,Yes,1,,train
image_10.jpeg,..\processed_dataset\AI\gemini\47.0\image_10.png,1,47.0,Gemini,reference_based,Yes,1,,train
image_11.jpeg,..\processed_dataset\AI\gemini\47.0\image_11.png,1,47.0,Gemini,reference_based,Yes,1,,train
image_12.jpeg,..\processed_dataset\AI\gemini\47.0\image_12.png,1,47.0,Gemini,reference_based,Yes,1,,train
image_01.jpeg,..\processed_dataset\AI\gemini\48.0\image_01.png,1,48.0,Gemini,reference_based,Yes,1,,train
image_02.jpeg,..\processed_dataset\AI\gemini\48.0\image_02.png,1,48.0,Gemini,reference_based,Yes,1,,train
image_03.jpeg,..\processed_dataset\AI\gemini\48.0\image_03.png,1,48.0,Gemini,reference_based,Yes,1,,train
image_04.jpeg,..\processed_dataset\AI\gemini\48.0\image_04.png,1,48.0,Gemini,reference_based,Yes,1,,train
image_05.jpeg,..\processed_dataset\AI\gemini\48.0\image_05.png,1,48.0,Gemini,reference_based,Yes,1,,train
image_06.jpeg,..\processed_dataset\AI\gemini\48.0\image_06.png,1,48.0,Gemini,reference_based,Yes,1,,train
image_07.jpeg,..\processed_dataset\AI\gemini\48.0\image_07.png,1,48.0,Gemini,reference_based,Yes,1,,train
image_08.jpeg,..\processed_dataset\AI\gemini\48.0\image_08.png,1,48.0,Gemini,reference_based,Yes,1,,train
image_09.jpeg,..\processed_dataset\AI\gemini\48.0\image_09.png,1,48.0,Gemini,reference_based,Yes,1,,train
image_10.jpeg,..\processed_dataset\AI\gemini\48.0\image_10.png,1,48.0,Gemini,reference_based,Yes,1,,train
image_11.jpeg,..\processed_dataset\AI\gemini\48.0\image_11.png,1,48.0,Gemini,reference_based,Yes,1,,train
image_12.jpeg,..\processed_dataset\AI\gemini\48.0\image_12.png,1,48.0,Gemini,reference_based,Yes,1,,train
image_01.jpeg,..\processed_dataset\AI\gemini\49.0\image_01.png,1,49.0,Gemini,reference_based,Yes,1,,train
image_02.jpeg,..\processed_dataset\AI\gemini\49.0\image_02.png,1,49.0,Gemini,reference_based,Yes,1,,train
image_03.jpeg,..\processed_dataset\AI\gemini\49.0\image_03.png,1,49.0,Gemini,reference_based,Yes,1,,train
image_04.jpeg,..\processed_dataset\AI\gemini\49.0\image_04.png,1,49.0,Gemini,reference_based,Yes,1,,train
image_05.jpeg,..\processed_dataset\AI\gemini\49.0\image_05.png,1,49.0,Gemini,reference_based,Yes,1,,train
image_06.jpeg,..\processed_dataset\AI\gemini\49.0\image_06.png,1,49.0,Gemini,reference_based,Yes,1,,train
image_07.jpeg,..\processed_dataset\AI\gemini\49.0\image_07.png,1,49.0,Gemini,reference_based,Yes,1,,train
image_08.jpeg,..\processed_dataset\AI\gemini\49.0\image_08.png,1,49.0,Gemini,reference_based,Yes,1,,train
image_09.jpeg,..\processed_dataset\AI\gemini\49.0\image_09.png,1,49.0,Gemini,reference_based,Yes,1,,train
image_10.jpeg,..\processed_dataset\AI\gemini\49.0\image_10.png,1,49.0,Gemini,reference_based,Yes,1,,train
image_11.jpeg,..\processed_dataset\AI\gemini\49.0\image_11.png,1,49.0,Gemini,reference_based,Yes,1,,train
image_12.jpeg,..\processed_dataset\AI\gemini\49.0\image_12.png,1,49.0,Gemini,reference_based,Yes,1,,train
image_01.jpeg,..\processed_dataset\AI\gemini\5.0\image_01.png,1,5.0,Gemini,reference_based,Yes,1,,train
image_02.jpeg,..\processed_dataset\AI\gemini\5.0\image_02.png,1,5.0,Gemini,reference_based,Yes,1,,train
image_03.jpeg,..\processed_dataset\AI\gemini\5.0\image_03.png,1,5.0,Gemini,reference_based,Yes,1,,train
image_04.jpeg,..\processed_dataset\AI\gemini\5.0\image_04.png,1,5.0,Gemini,reference_based,Yes,1,,train
image_05.jpeg,..\processed_dataset\AI\gemini\5.0\image_05.png,1,5.0,Gemini,reference_based,Yes,1,,train
image_06.jpeg,..\processed_dataset\AI\gemini\5.0\image_06.png,1,5.0,Gemini,reference_based,Yes,1,,train
image_07.jpeg,..\processed_dataset\AI\gemini\5.0\image_07.png,1,5.0,Gemini,reference_based,Yes,1,,train
image_08.jpeg,..\processed_dataset\AI\gemini\5.0\image_08.png,1,5.0,Gemini,reference_based,Yes,1,,train
image_09.jpeg,..\processed_dataset\AI\gemini\5.0\image_09.png,1,5.0,Gemini,reference_based,Yes,1,,train
image_01.jpeg,..\processed_dataset\AI\gemini\50.0\image_01.png,1,50.0,Gemini,reference_based,Yes,1,,train
image_02.jpeg,..\processed_dataset\AI\gemini\50.0\image_02.png,1,50.0,Gemini,reference_based,Yes,1,,train
image_03.jpeg,..\processed_dataset\AI\gemini\50.0\image_03.png,1,50.0,Gemini,reference_based,Yes,1,,train
image_04.jpeg,..\processed_dataset\AI\gemini\50.0\image_04.png,1,50.0,Gemini,reference_based,Yes,1,,train
image_05.jpeg,..\processed_dataset\AI\gemini\50.0\image_05.png,1,50.0,Gemini,reference_based,Yes,1,,train
image_06.jpeg,..\processed_dataset\AI\gemini\50.0\image_06.png,1,50.0,Gemini,reference_based,Yes,1,,train
image_07.jpeg,..\processed_dataset\AI\gemini\50.0\image_07.png,1,50.0,Gemini,reference_based,Yes,1,,train
image_08.jpeg,..\processed_dataset\AI\gemini\50.0\image_08.png,1,50.0,Gemini,reference_based,Yes,1,,train
image_09.jpeg,..\processed_dataset\AI\gemini\50.0\image_09.png,1,50.0,Gemini,reference_based,Yes,1,,train
image_10.jpeg,..\processed_dataset\AI\gemini\50.0\image_10.png,1,50.0,Gemini,reference_based,Yes,1,,train
image_11.jpeg,..\processed_dataset\AI\gemini\50.0\image_11.png,1,50.0,Gemini,reference_based,Yes,1,,train
image_12.jpeg,..\processed_dataset\AI\gemini\50.0\image_12.png,1,50.0,Gemini,reference_based,Yes,1,,train
image_01.jpeg,..\processed_dataset\AI\gemini\51.0\image_01.png,1,51.0,Gemini,reference_based,Yes,1,,train
image_02.jpeg,..\processed_dataset\AI\gemini\51.0\image_02.png,1,51.0,Gemini,reference_based,Yes,1,,train
image_03.jpeg,..\processed_dataset\AI\gemini\51.0\image_03.png,1,51.0,Gemini,reference_based,Yes,1,,train
image_04.jpeg,..\processed_dataset\AI\gemini\51.0\image_04.png,1,51.0,Gemini,reference_based,Yes,1,,train
image_05.jpeg,..\processed_dataset\AI\gemini\51.0\image_05.png,1,51.0,Gemini,reference_based,Yes,1,,train
image_06.jpeg,..\processed_dataset\AI\gemini\51.0\image_06.png,1,51.0,Gemini,reference_based,Yes,1,,train
image_07.jpeg,..\processed_dataset\AI\gemini\51.0\image_07.png,1,51.0,Gemini,reference_based,Yes,1,,train
image_08.jpeg,..\processed_dataset\AI\gemini\51.0\image_08.png,1,51.0,Gemini,reference_based,Yes,1,,train
image_09.jpeg,..\processed_dataset\AI\gemini\51.0\image_09.png,1,51.0,Gemini,reference_based,Yes,1,,train
image_10.jpeg,..\processed_dataset\AI\gemini\51.0\image_10.png,1,51.0,Gemini,reference_based,Yes,1,,train
image_11.jpeg,..\processed_dataset\AI\gemini\51.0\image_11.png,1,51.0,Gemini,reference_based,Yes,1,,train
image_12.jpeg,..\processed_dataset\AI\gemini\51.0\image_12.png,1,51.0,Gemini,reference_based,Yes,1,,train
image_01.jpeg,..\processed_dataset\AI\gemini\52.0\image_01.png,1,52.0,Gemini,reference_based,Yes,1,,val
image_02.jpeg,..\processed_dataset\AI\gemini\52.0\image_02.png,1,52.0,Gemini,reference_based,Yes,1,,val
image_03.jpeg,..\processed_dataset\AI\gemini\52.0\image_03.png,1,52.0,Gemini,reference_based,Yes,1,,val
image_04.jpeg,..\processed_dataset\AI\gemini\52.0\image_04.png,1,52.0,Gemini,reference_based,Yes,1,,val
image_05.jpeg,..\processed_dataset\AI\gemini\52.0\image_05.png,1,52.0,Gemini,reference_based,Yes,1,,val
image_06.jpeg,..\processed_dataset\AI\gemini\52.0\image_06.png,1,52.0,Gemini,reference_based,Yes,1,,val
image_07.jpeg,..\processed_dataset\AI\gemini\52.0\image_07.png,1,52.0,Gemini,reference_based,Yes,1,,val
image_08.jpeg,..\processed_dataset\AI\gemini\52.0\image_08.png,1,52.0,Gemini,reference_based,Yes,1,,val
image_09.jpeg,..\processed_dataset\AI\gemini\52.0\image_09.png,1,52.0,Gemini,reference_based,Yes,1,,val
image_10.jpeg,..\processed_dataset\AI\gemini\52.0\image_10.png,1,52.0,Gemini,reference_based,Yes,1,,val
image_11.jpeg,..\processed_dataset\AI\gemini\52.0\image_11.png,1,52.0,Gemini,reference_based,Yes,1,,val
image_12.jpeg,..\processed_dataset\AI\gemini\52.0\image_12.png,1,52.0,Gemini,reference_based,Yes,1,,val
image_01.jpeg,..\processed_dataset\AI\gemini\53.0\image_01.png,1,53.0,Gemini,reference_based,Yes,1,,train
image_02.jpeg,..\processed_dataset\AI\gemini\53.0\image_02.png,1,53.0,Gemini,reference_based,Yes,1,,train
image_03.jpeg,..\processed_dataset\AI\gemini\53.0\image_03.png,1,53.0,Gemini,reference_based,Yes,1,,train
image_04.jpeg,..\processed_dataset\AI\gemini\53.0\image_04.png,1,53.0,Gemini,reference_based,Yes,1,,train
image_05.jpeg,..\processed_dataset\AI\gemini\53.0\image_05.png,1,53.0,Gemini,reference_based,Yes,1,,train
image_06.jpeg,..\processed_dataset\AI\gemini\53.0\image_06.png,1,53.0,Gemini,reference_based,Yes,1,,train
image_07.jpeg,..\processed_dataset\AI\gemini\53.0\image_07.png,1,53.0,Gemini,reference_based,Yes,1,,train
image_08.jpeg,..\processed_dataset\AI\gemini\53.0\image_08.png,1,53.0,Gemini,reference_based,Yes,1,,train
image_09.jpeg,..\processed_dataset\AI\gemini\53.0\image_09.png,1,53.0,Gemini,reference_based,Yes,1,,train
image_10.jpeg,..\processed_dataset\AI\gemini\53.0\image_10.png,1,53.0,Gemini,reference_based,Yes,1,,train
image_11.jpeg,..\processed_dataset\AI\gemini\53.0\image_11.png,1,53.0,Gemini,reference_based,Yes,1,,train
image_12.jpeg,..\processed_dataset\AI\gemini\53.0\image_12.png,1,53.0,Gemini,reference_based,Yes,1,,train
image_01.jpeg,..\processed_dataset\AI\gemini\54.0\image_01.png,1,54.0,Gemini,reference_based,Yes,1,,train
image_02.jpeg,..\processed_dataset\AI\gemini\54.0\image_02.png,1,54.0,Gemini,reference_based,Yes,1,,train
image_03.jpeg,..\processed_dataset\AI\gemini\54.0\image_03.png,1,54.0,Gemini,reference_based,Yes,1,,train
image_04.jpeg,..\processed_dataset\AI\gemini\54.0\image_04.png,1,54.0,Gemini,reference_based,Yes,1,,train
image_05.jpeg,..\processed_dataset\AI\gemini\54.0\image_05.png,1,54.0,Gemini,reference_based,Yes,1,,train
image_06.jpeg,..\processed_dataset\AI\gemini\54.0\image_06.png,1,54.0,Gemini,reference_based,Yes,1,,train
image_07.jpeg,..\processed_dataset\AI\gemini\54.0\image_07.png,1,54.0,Gemini,reference_based,Yes,1,,train
image_08.jpeg,..\processed_dataset\AI\gemini\54.0\image_08.png,1,54.0,Gemini,reference_based,Yes,1,,train
image_09.jpeg,..\processed_dataset\AI\gemini\54.0\image_09.png,1,54.0,Gemini,reference_based,Yes,1,,train
image_10.jpeg,..\processed_dataset\AI\gemini\54.0\image_10.png,1,54.0,Gemini,reference_based,Yes,1,,train
image_11.jpeg,..\processed_dataset\AI\gemini\54.0\image_11.png,1,54.0,Gemini,reference_based,Yes,1,,train
image_12.jpeg,..\processed_dataset\AI\gemini\54.0\image_12.png,1,54.0,Gemini,reference_based,Yes,1,,train
image_01.jpeg,..\processed_dataset\AI\gemini\6.0\image_01.png,1,6.0,Gemini,reference_based,Yes,1,,train
image_02.jpeg,..\processed_dataset\AI\gemini\6.0\image_02.png,1,6.0,Gemini,reference_based,Yes,1,,train
image_03.jpeg,..\processed_dataset\AI\gemini\6.0\image_03.png,1,6.0,Gemini,reference_based,Yes,1,,train
image_04.jpeg,..\processed_dataset\AI\gemini\6.0\image_04.png,1,6.0,Gemini,reference_based,Yes,1,,train
image_05.jpeg,..\processed_dataset\AI\gemini\6.0\image_05.png,1,6.0,Gemini,reference_based,Yes,1,,train
image_06.jpeg,..\processed_dataset\AI\gemini\6.0\image_06.png,1,6.0,Gemini,reference_based,Yes,1,,train
image_07.jpeg,..\processed_dataset\AI\gemini\6.0\image_07.png,1,6.0,Gemini,reference_based,Yes,1,,train
image_08.jpeg,..\processed_dataset\AI\gemini\6.0\image_08.png,1,6.0,Gemini,reference_based,Yes,1,,train
image_09.jpeg,..\processed_dataset\AI\gemini\6.0\image_09.png,1,6.0,Gemini,reference_based,Yes,1,,train
image_01.jpeg,..\processed_dataset\AI\gemini\7.0\image_01.png,1,7.0,Gemini,reference_based,Yes,1,,train
image_02.jpeg,..\processed_dataset\AI\gemini\7.0\image_02.png,1,7.0,Gemini,reference_based,Yes,1,,train
image_03.jpeg,..\processed_dataset\AI\gemini\7.0\image_03.png,1,7.0,Gemini,reference_based,Yes,1,,train
image_04.jpeg,..\processed_dataset\AI\gemini\7.0\image_04.png,1,7.0,Gemini,reference_based,Yes,1,,train
image_05.jpeg,..\processed_dataset\AI\gemini\7.0\image_05.png,1,7.0,Gemini,reference_based,Yes,1,,train
image_06.jpeg,..\processed_dataset\AI\gemini\7.0\image_06.png,1,7.0,Gemini,reference_based,Yes,1,,train
image_07.jpeg,..\processed_dataset\AI\gemini\7.0\image_07.png,1,7.0,Gemini,reference_based,Yes,1,,train
image_08.jpeg,..\processed_dataset\AI\gemini\7.0\image_08.png,1,7.0,Gemini,reference_based,Yes,1,,train
image_09.jpeg,..\processed_dataset\AI\gemini\7.0\image_09.png,1,7.0,Gemini,reference_based,Yes,1,,train
image_01.jpeg,..\processed_dataset\AI\gemini\8.0\image_01.png,1,8.0,Gemini,reference_based,Yes,1,,train
image_02.jpeg,..\processed_dataset\AI\gemini\8.0\image_02.png,1,8.0,Gemini,reference_based,Yes,1,,train
image_03.jpeg,..\processed_dataset\AI\gemini\8.0\image_03.png,1,8.0,Gemini,reference_based,Yes,1,,train
image_04.jpeg,..\processed_dataset\AI\gemini\8.0\image_04.png,1,8.0,Gemini,reference_based,Yes,1,,train
image_05.jpeg,..\processed_dataset\AI\gemini\8.0\image_05.png,1,8.0,Gemini,reference_based,Yes,1,,train
image_06.jpeg,..\processed_dataset\AI\gemini\8.0\image_06.png,1,8.0,Gemini,reference_based,Yes,1,,train
image_07.jpeg,..\processed_dataset\AI\gemini\8.0\image_07.png,1,8.0,Gemini,reference_based,Yes,1,,train
image_08.jpeg,..\processed_dataset\AI\gemini\8.0\image_08.png,1,8.0,Gemini,reference_based,Yes,1,,train
image_09.jpeg,..\processed_dataset\AI\gemini\8.0\image_09.png,1,8.0,Gemini,reference_based,Yes,1,,train
image_01.png,..\processed_dataset\AI\qn\55.0\image_01.png,1,55.0,QN,reference_based,Yes,1,,test
image_02.png,..\processed_dataset\AI\qn\55.0\image_02.png,1,55.0,QN,reference_based,Yes,1,,test
image_03.png,..\processed_dataset\AI\qn\55.0\image_03.png,1,55.0,QN,reference_based,Yes,1,,test
image_04.png,..\processed_dataset\AI\qn\55.0\image_04.png,1,55.0,QN,reference_based,Yes,1,,test
image_05.png,..\processed_dataset\AI\qn\55.0\image_05.png,1,55.0,QN,reference_based,Yes,1,,test
image_06.png,..\processed_dataset\AI\qn\55.0\image_06.png,1,55.0,QN,reference_based,Yes,1,,test
image_07.png,..\processed_dataset\AI\qn\55.0\image_07.png,1,55.0,QN,reference_based,Yes,1,,test
image_08.png,..\processed_dataset\AI\qn\55.0\image_08.png,1,55.0,QN,reference_based,Yes,1,,test
image_09.png,..\processed_dataset\AI\qn\55.0\image_09.png,1,55.0,QN,reference_based,Yes,1,,test
image_10.png,..\processed_dataset\AI\qn\55.0\image_10.png,1,55.0,QN,reference_based,Yes,1,,test
image_11.png,..\processed_dataset\AI\qn\55.0\image_11.png,1,55.0,QN,reference_based,Yes,1,,test
image_12.png,..\processed_dataset\AI\qn\55.0\image_12.png,1,55.0,QN,reference_based,Yes,1,,test
image_01.png,..\processed_dataset\AI\qn\56.0\image_01.png,1,56.0,QN,reference_based,Yes,1,,test
image_02.png,..\processed_dataset\AI\qn\56.0\image_02.png,1,56.0,QN,reference_based,Yes,1,,test
image_03.png,..\processed_dataset\AI\qn\56.0\image_03.png,1,56.0,QN,reference_based,Yes,1,,test
image_04.png,..\processed_dataset\AI\qn\56.0\image_04.png,1,56.0,QN,reference_based,Yes,1,,test
image_05.png,..\processed_dataset\AI\qn\56.0\image_05.png,1,56.0,QN,reference_based,Yes,1,,test
image_06.png,..\processed_dataset\AI\qn\56.0\image_06.png,1,56.0,QN,reference_based,Yes,1,,test
image_07.png,..\processed_dataset\AI\qn\56.0\image_07.png,1,56.0,QN,reference_based,Yes,1,,test
image_08.png,..\processed_dataset\AI\qn\56.0\image_08.png,1,56.0,QN,reference_based,Yes,1,,test
image_09.png,..\processed_dataset\AI\qn\56.0\image_09.png,1,56.0,QN,reference_based,Yes,1,,test
image_10.png,..\processed_dataset\AI\qn\56.0\image_10.png,1,56.0,QN,reference_based,Yes,1,,test
image_11.png,..\processed_dataset\AI\qn\56.0\image_11.png,1,56.0,QN,reference_based,Yes,1,,test
image_12.png,..\processed_dataset\AI\qn\56.0\image_12.png,1,56.0,QN,reference_based,Yes,1,,test
image_01.png,..\processed_dataset\AI\qn\57.0\image_01.png,1,57.0,QN,reference_based,Yes,1,,train
image_02.png,..\processed_dataset\AI\qn\57.0\image_02.png,1,57.0,QN,reference_based,Yes,1,,train
image_03.png,..\processed_dataset\AI\qn\57.0\image_03.png,1,57.0,QN,reference_based,Yes,1,,train
image_04.png,..\processed_dataset\AI\qn\57.0\image_04.png,1,57.0,QN,reference_based,Yes,1,,train
image_05.png,..\processed_dataset\AI\qn\57.0\image_05.png,1,57.0,QN,reference_based,Yes,1,,train
image_06.png,..\processed_dataset\AI\qn\57.0\image_06.png,1,57.0,QN,reference_based,Yes,1,,train
image_07.png,..\processed_dataset\AI\qn\57.0\image_07.png,1,57.0,QN,reference_based,Yes,1,,train
image_08.png,..\processed_dataset\AI\qn\57.0\image_08.png,1,57.0,QN,reference_based,Yes,1,,train
image_09.png,..\processed_dataset\AI\qn\57.0\image_09.png,1,57.0,QN,reference_based,Yes,1,,train
image_10.png,..\processed_dataset\AI\qn\57.0\image_10.png,1,57.0,QN,reference_based,Yes,1,,train
image_11.png,..\processed_dataset\AI\qn\57.0\image_11.png,1,57.0,QN,reference_based,Yes,1,,train
image_12.png,..\processed_dataset\AI\qn\57.0\image_12.png,1,57.0,QN,reference_based,Yes,1,,train
image_01.png,..\processed_dataset\AI\qn\58.0\image_01.png,1,58.0,QN,reference_based,Yes,1,,train
image_02.png,..\processed_dataset\AI\qn\58.0\image_02.png,1,58.0,QN,reference_based,Yes,1,,train
image_03.png,..\processed_dataset\AI\qn\58.0\image_03.png,1,58.0,QN,reference_based,Yes,1,,train
image_04.png,..\processed_dataset\AI\qn\58.0\image_04.png,1,58.0,QN,reference_based,Yes,1,,train
image_05.png,..\processed_dataset\AI\qn\58.0\image_05.png,1,58.0,QN,reference_based,Yes,1,,train
image_06.png,..\processed_dataset\AI\qn\58.0\image_06.png,1,58.0,QN,reference_based,Yes,1,,train
image_07.png,..\processed_dataset\AI\qn\58.0\image_07.png,1,58.0,QN,reference_based,Yes,1,,train
image_08.png,..\processed_dataset\AI\qn\58.0\image_08.png,1,58.0,QN,reference_based,Yes,1,,train
image_09.png,..\processed_dataset\AI\qn\58.0\image_09.png,1,58.0,QN,reference_based,Yes,1,,train
image_10.png,..\processed_dataset\AI\qn\58.0\image_10.png,1,58.0,QN,reference_based,Yes,1,,train
image_11.png,..\processed_dataset\AI\qn\58.0\image_11.png,1,58.0,QN,reference_based,Yes,1,,train
image_12.png,..\processed_dataset\AI\qn\58.0\image_12.png,1,58.0,QN,reference_based,Yes,1,,train
image_01.png,..\processed_dataset\AI\qn\59.0\image_01.png,1,59.0,QN,reference_based,Yes,1,,train
image_02.png,..\processed_dataset\AI\qn\59.0\image_02.png,1,59.0,QN,reference_based,Yes,1,,train
image_03.png,..\processed_dataset\AI\qn\59.0\image_03.png,1,59.0,QN,reference_based,Yes,1,,train
image_04.png,..\processed_dataset\AI\qn\59.0\image_04.png,1,59.0,QN,reference_based,Yes,1,,train
image_05.png,..\processed_dataset\AI\qn\59.0\image_05.png,1,59.0,QN,reference_based,Yes,1,,train
image_06.png,..\processed_dataset\AI\qn\59.0\image_06.png,1,59.0,QN,reference_based,Yes,1,,train
image_07.png,..\processed_dataset\AI\qn\59.0\image_07.png,1,59.0,QN,reference_based,Yes,1,,train
image_08.png,..\processed_dataset\AI\qn\59.0\image_08.png,1,59.0,QN,reference_based,Yes,1,,train
image_09.png,..\processed_dataset\AI\qn\59.0\image_09.png,1,59.0,QN,reference_based,Yes,1,,train
image_10.png,..\processed_dataset\AI\qn\59.0\image_10.png,1,59.0,QN,reference_based,Yes,1,,train
image_11.png,..\processed_dataset\AI\qn\59.0\image_11.png,1,59.0,QN,reference_based,Yes,1,,train
image_12.png,..\processed_dataset\AI\qn\59.0\image_12.png,1,59.0,QN,reference_based,Yes,1,,train
image_01.png,..\processed_dataset\AI\qn\60.0\image_01.png,1,60.0,QN,reference_based,Yes,1,,val
image_02.png,..\processed_dataset\AI\qn\60.0\image_02.png,1,60.0,QN,reference_based,Yes,1,,val
image_03.png,..\processed_dataset\AI\qn\60.0\image_03.png,1,60.0,QN,reference_based,Yes,1,,val
image_04.png,..\processed_dataset\AI\qn\60.0\image_04.png,1,60.0,QN,reference_based,Yes,1,,val
image_05.png,..\processed_dataset\AI\qn\60.0\image_05.png,1,60.0,QN,reference_based,Yes,1,,val
image_06.png,..\processed_dataset\AI\qn\60.0\image_06.png,1,60.0,QN,reference_based,Yes,1,,val
image_07.png,..\processed_dataset\AI\qn\60.0\image_07.png,1,60.0,QN,reference_based,Yes,1,,val
image_08.png,..\processed_dataset\AI\qn\60.0\image_08.png,1,60.0,QN,reference_based,Yes,1,,val
image_09.png,..\processed_dataset\AI\qn\60.0\image_09.png,1,60.0,QN,reference_based,Yes,1,,val
image_10.png,..\processed_dataset\AI\qn\60.0\image_10.png,1,60.0,QN,reference_based,Yes,1,,val
image_11.png,..\processed_dataset\AI\qn\60.0\image_11.png,1,60.0,QN,reference_based,Yes,1,,val
image_12.png,..\processed_dataset\AI\qn\60.0\image_12.png,1,60.0,QN,reference_based,Yes,1,,val
image_01.png,..\processed_dataset\AI\qn\61.0\image_01.png,1,61.0,QN,reference_based,Yes,1,,val
image_02.png,..\processed_dataset\AI\qn\61.0\image_02.png,1,61.0,QN,reference_based,Yes,1,,val
image_03.png,..\processed_dataset\AI\qn\61.0\image_03.png,1,61.0,QN,reference_based,Yes,1,,val
image_04.png,..\processed_dataset\AI\qn\61.0\image_04.png,1,61.0,QN,reference_based,Yes,1,,val
image_05.png,..\processed_dataset\AI\qn\61.0\image_05.png,1,61.0,QN,reference_based,Yes,1,,val
image_06.png,..\processed_dataset\AI\qn\61.0\image_06.png,1,61.0,QN,reference_based,Yes,1,,val
image_07.png,..\processed_dataset\AI\qn\61.0\image_07.png,1,61.0,QN,reference_based,Yes,1,,val
image_08.png,..\processed_dataset\AI\qn\61.0\image_08.png,1,61.0,QN,reference_based,Yes,1,,val
image_09.png,..\processed_dataset\AI\qn\61.0\image_09.png,1,61.0,QN,reference_based,Yes,1,,val
image_10.png,..\processed_dataset\AI\qn\61.0\image_10.png,1,61.0,QN,reference_based,Yes,1,,val
image_11.png,..\processed_dataset\AI\qn\61.0\image_11.png,1,61.0,QN,reference_based,Yes,1,,val
image_12.png,..\processed_dataset\AI\qn\61.0\image_12.png,1,61.0,QN,reference_based,Yes,1,,val
image_01.png,..\processed_dataset\AI\qn\62.0\image_01.png,1,62.0,QN,reference_based,Yes,1,,val
image_02.png,..\processed_dataset\AI\qn\62.0\image_02.png,1,62.0,QN,reference_based,Yes,1,,val
image_03.png,..\processed_dataset\AI\qn\62.0\image_03.png,1,62.0,QN,reference_based,Yes,1,,val
image_04.png,..\processed_dataset\AI\qn\62.0\image_04.png,1,62.0,QN,reference_based,Yes,1,,val
image_05.png,..\processed_dataset\AI\qn\62.0\image_05.png,1,62.0,QN,reference_based,Yes,1,,val
image_06.png,..\processed_dataset\AI\qn\62.0\image_06.png,1,62.0,QN,reference_based,Yes,1,,val
image_07.png,..\processed_dataset\AI\qn\62.0\image_07.png,1,62.0,QN,reference_based,Yes,1,,val
image_08.png,..\processed_dataset\AI\qn\62.0\image_08.png,1,62.0,QN,reference_based,Yes,1,,val
image_09.png,..\processed_dataset\AI\qn\62.0\image_09.png,1,62.0,QN,reference_based,Yes,1,,val
image_10.png,..\processed_dataset\AI\qn\62.0\image_10.png,1,62.0,QN,reference_based,Yes,1,,val
image_11.png,..\processed_dataset\AI\qn\62.0\image_11.png,1,62.0,QN,reference_based,Yes,1,,val
image_12.png,..\processed_dataset\AI\qn\62.0\image_12.png,1,62.0,QN,reference_based,Yes,1,,val
image_01.png,..\processed_dataset\AI\qn\63.0\image_01.png,1,63.0,QN,reference_based,Yes,1,,test
image_02.png,..\processed_dataset\AI\qn\63.0\image_02.png,1,63.0,QN,reference_based,Yes,1,,test
image_03.png,..\processed_dataset\AI\qn\63.0\image_03.png,1,63.0,QN,reference_based,Yes,1,,test
image_04.png,..\processed_dataset\AI\qn\63.0\image_04.png,1,63.0,QN,reference_based,Yes,1,,test
image_05.png,..\processed_dataset\AI\qn\63.0\image_05.png,1,63.0,QN,reference_based,Yes,1,,test
image_06.png,..\processed_dataset\AI\qn\63.0\image_06.png,1,63.0,QN,reference_based,Yes,1,,test
image_07.png,..\processed_dataset\AI\qn\63.0\image_07.png,1,63.0,QN,reference_based,Yes,1,,test
image_08.png,..\processed_dataset\AI\qn\63.0\image_08.png,1,63.0,QN,reference_based,Yes,1,,test
image_09.png,..\processed_dataset\AI\qn\63.0\image_09.png,1,63.0,QN,reference_based,Yes,1,,test
image_10.png,..\processed_dataset\AI\qn\63.0\image_10.png,1,63.0,QN,reference_based,Yes,1,,test
image_11.png,..\processed_dataset\AI\qn\63.0\image_11.png,1,63.0,QN,reference_based,Yes,1,,test
image_12.png,..\processed_dataset\AI\qn\63.0\image_12.png,1,63.0,QN,reference_based,Yes,1,,test
image_01.png,..\processed_dataset\AI\qn\64.0\image_01.png,1,64.0,QN,reference_based,Yes,1,,train
image_02.png,..\processed_dataset\AI\qn\64.0\image_02.png,1,64.0,QN,reference_based,Yes,1,,train
image_03.png,..\processed_dataset\AI\qn\64.0\image_03.png,1,64.0,QN,reference_based,Yes,1,,train
image_04.png,..\processed_dataset\AI\qn\64.0\image_04.png,1,64.0,QN,reference_based,Yes,1,,train
image_05.png,..\processed_dataset\AI\qn\64.0\image_05.png,1,64.0,QN,reference_based,Yes,1,,train
image_06.png,..\processed_dataset\AI\qn\64.0\image_06.png,1,64.0,QN,reference_based,Yes,1,,train
image_07.png,..\processed_dataset\AI\qn\64.0\image_07.png,1,64.0,QN,reference_based,Yes,1,,train
image_08.png,..\processed_dataset\AI\qn\64.0\image_08.png,1,64.0,QN,reference_based,Yes,1,,train
image_09.png,..\processed_dataset\AI\qn\64.0\image_09.png,1,64.0,QN,reference_based,Yes,1,,train
image_10.png,..\processed_dataset\AI\qn\64.0\image_10.png,1,64.0,QN,reference_based,Yes,1,,train
image_11.png,..\processed_dataset\AI\qn\64.0\image_11.png,1,64.0,QN,reference_based,Yes,1,,train
image_12.png,..\processed_dataset\AI\qn\64.0\image_12.png,1,64.0,QN,reference_based,Yes,1,,train
image_01.png,..\processed_dataset\AI\qn\65.0\image_01.png,1,65.0,QN,reference_based,Yes,1,,train
image_02.png,..\processed_dataset\AI\qn\65.0\image_02.png,1,65.0,QN,reference_based,Yes,1,,train
image_03.png,..\processed_dataset\AI\qn\65.0\image_03.png,1,65.0,QN,reference_based,Yes,1,,train
image_04.png,..\processed_dataset\AI\qn\65.0\image_04.png,1,65.0,QN,reference_based,Yes,1,,train
image_05.png,..\processed_dataset\AI\qn\65.0\image_05.png,1,65.0,QN,reference_based,Yes,1,,train
image_06.png,..\processed_dataset\AI\qn\65.0\image_06.png,1,65.0,QN,reference_based,Yes,1,,train
image_07.png,..\processed_dataset\AI\qn\65.0\image_07.png,1,65.0,QN,reference_based,Yes,1,,train
image_08.png,..\processed_dataset\AI\qn\65.0\image_08.png,1,65.0,QN,reference_based,Yes,1,,train
image_09.png,..\processed_dataset\AI\qn\65.0\image_09.png,1,65.0,QN,reference_based,Yes,1,,train
image_10.png,..\processed_dataset\AI\qn\65.0\image_10.png,1,65.0,QN,reference_based,Yes,1,,train
image_11.png,..\processed_dataset\AI\qn\65.0\image_11.png,1,65.0,QN,reference_based,Yes,1,,train
image_12.png,..\processed_dataset\AI\qn\65.0\image_12.png,1,65.0,QN,reference_based,Yes,1,,train
image_01.png,..\processed_dataset\AI\qn\66.0\image_01.png,1,66.0,QN,reference_based,Yes,1,,val
image_02.png,..\processed_dataset\AI\qn\66.0\image_02.png,1,66.0,QN,reference_based,Yes,1,,val
image_03.png,..\processed_dataset\AI\qn\66.0\image_03.png,1,66.0,QN,reference_based,Yes,1,,val
image_04.png,..\processed_dataset\AI\qn\66.0\image_04.png,1,66.0,QN,reference_based,Yes,1,,val
image_05.png,..\processed_dataset\AI\qn\66.0\image_05.png,1,66.0,QN,reference_based,Yes,1,,val
image_06.png,..\processed_dataset\AI\qn\66.0\image_06.png,1,66.0,QN,reference_based,Yes,1,,val
image_07.png,..\processed_dataset\AI\qn\66.0\image_07.png,1,66.0,QN,reference_based,Yes,1,,val
image_08.png,..\processed_dataset\AI\qn\66.0\image_08.png,1,66.0,QN,reference_based,Yes,1,,val
image_09.png,..\processed_dataset\AI\qn\66.0\image_09.png,1,66.0,QN,reference_based,Yes,1,,val
image_10.png,..\processed_dataset\AI\qn\66.0\image_10.png,1,66.0,QN,reference_based,Yes,1,,val
image_11.png,..\processed_dataset\AI\qn\66.0\image_11.png,1,66.0,QN,reference_based,Yes,1,,val
image_12.png,..\processed_dataset\AI\qn\66.0\image_12.png,1,66.0,QN,reference_based,Yes,1,,val
image_01.png,..\processed_dataset\AI\qn\67.0\image_01.png,1,67.0,QN,reference_based,Yes,1,,train
image_02.png,..\processed_dataset\AI\qn\67.0\image_02.png,1,67.0,QN,reference_based,Yes,1,,train
image_03.png,..\processed_dataset\AI\qn\67.0\image_03.png,1,67.0,QN,reference_based,Yes,1,,train
image_04.png,..\processed_dataset\AI\qn\67.0\image_04.png,1,67.0,QN,reference_based,Yes,1,,train
image_05.png,..\processed_dataset\AI\qn\67.0\image_05.png,1,67.0,QN,reference_based,Yes,1,,train
image_06.png,..\processed_dataset\AI\qn\67.0\image_06.png,1,67.0,QN,reference_based,Yes,1,,train
image_07.png,..\processed_dataset\AI\qn\67.0\image_07.png,1,67.0,QN,reference_based,Yes,1,,train
image_08.png,..\processed_dataset\AI\qn\67.0\image_08.png,1,67.0,QN,reference_based,Yes,1,,train
image_09.png,..\processed_dataset\AI\qn\67.0\image_09.png,1,67.0,QN,reference_based,Yes,1,,train
image_10.png,..\processed_dataset\AI\qn\67.0\image_10.png,1,67.0,QN,reference_based,Yes,1,,train
image_11.png,..\processed_dataset\AI\qn\67.0\image_11.png,1,67.0,QN,reference_based,Yes,1,,train
image_12.png,..\processed_dataset\AI\qn\67.0\image_12.png,1,67.0,QN,reference_based,Yes,1,,train
image_01.png,..\processed_dataset\AI\qn\68.0\image_01.png,1,68.0,QN,reference_based,Yes,1,,train
image_02.png,..\processed_dataset\AI\qn\68.0\image_02.png,1,68.0,QN,reference_based,Yes,1,,train
image_03.png,..\processed_dataset\AI\qn\68.0\image_03.png,1,68.0,QN,reference_based,Yes,1,,train
image_04.png,..\processed_dataset\AI\qn\68.0\image_04.png,1,68.0,QN,reference_based,Yes,1,,train
image_05.png,..\processed_dataset\AI\qn\68.0\image_05.png,1,68.0,QN,reference_based,Yes,1,,train
image_06.png,..\processed_dataset\AI\qn\68.0\image_06.png,1,68.0,QN,reference_based,Yes,1,,train
image_07.png,..\processed_dataset\AI\qn\68.0\image_07.png,1,68.0,QN,reference_based,Yes,1,,train
image_08.png,..\processed_dataset\AI\qn\68.0\image_08.png,1,68.0,QN,reference_based,Yes,1,,train
image_09.png,..\processed_dataset\AI\qn\68.0\image_09.png,1,68.0,QN,reference_based,Yes,1,,train
image_10.png,..\processed_dataset\AI\qn\68.0\image_10.png,1,68.0,QN,reference_based,Yes,1,,train
image_11.png,..\processed_dataset\AI\qn\68.0\image_11.png,1,68.0,QN,reference_based,Yes,1,,train
image_12.png,..\processed_dataset\AI\qn\68.0\image_12.png,1,68.0,QN,reference_based,Yes,1,,train
image_01.png,..\processed_dataset\AI\qn\69.0\image_01.png,1,69.0,QN,reference_based,Yes,1,,train
image_02.png,..\processed_dataset\AI\qn\69.0\image_02.png,1,69.0,QN,reference_based,Yes,1,,train
image_03.png,..\processed_dataset\AI\qn\69.0\image_03.png,1,69.0,QN,reference_based,Yes,1,,train
image_04.png,..\processed_dataset\AI\qn\69.0\image_04.png,1,69.0,QN,reference_based,Yes,1,,train
image_05.png,..\processed_dataset\AI\qn\69.0\image_05.png,1,69.0,QN,reference_based,Yes,1,,train
image_06.png,..\processed_dataset\AI\qn\69.0\image_06.png,1,69.0,QN,reference_based,Yes,1,,train
image_07.png,..\processed_dataset\AI\qn\69.0\image_07.png,1,69.0,QN,reference_based,Yes,1,,train
image_08.png,..\processed_dataset\AI\qn\69.0\image_08.png,1,69.0,QN,reference_based,Yes,1,,train
image_09.png,..\processed_dataset\AI\qn\69.0\image_09.png,1,69.0,QN,reference_based,Yes,1,,train
image_10.png,..\processed_dataset\AI\qn\69.0\image_10.png,1,69.0,QN,reference_based,Yes,1,,train
image_11.png,..\processed_dataset\AI\qn\69.0\image_11.png,1,69.0,QN,reference_based,Yes,1,,train
image_12.png,..\processed_dataset\AI\qn\69.0\image_12.png,1,69.0,QN,reference_based,Yes,1,,train
image_01.png,..\processed_dataset\AI\qn\70.0\image_01.png,1,70.0,QN,reference_based,Yes,1,,train
image_02.png,..\processed_dataset\AI\qn\70.0\image_02.png,1,70.0,QN,reference_based,Yes,1,,train
image_03.png,..\processed_dataset\AI\qn\70.0\image_03.png,1,70.0,QN,reference_based,Yes,1,,train
image_04.png,..\processed_dataset\AI\qn\70.0\image_04.png,1,70.0,QN,reference_based,Yes,1,,train
image_05.png,..\processed_dataset\AI\qn\70.0\image_05.png,1,70.0,QN,reference_based,Yes,1,,train
image_06.png,..\processed_dataset\AI\qn\70.0\image_06.png,1,70.0,QN,reference_based,Yes,1,,train
image_07.png,..\processed_dataset\AI\qn\70.0\image_07.png,1,70.0,QN,reference_based,Yes,1,,train
image_08.png,..\processed_dataset\AI\qn\70.0\image_08.png,1,70.0,QN,reference_based,Yes,1,,train
image_09.png,..\processed_dataset\AI\qn\70.0\image_09.png,1,70.0,QN,reference_based,Yes,1,,train
image_10.png,..\processed_dataset\AI\qn\70.0\image_10.png,1,70.0,QN,reference_based,Yes,1,,train
image_11.png,..\processed_dataset\AI\qn\70.0\image_11.png,1,70.0,QN,reference_based,Yes,1,,train
image_12.png,..\processed_dataset\AI\qn\70.0\image_12.png,1,70.0,QN,reference_based,Yes,1,,train
image_01.png,..\processed_dataset\AI\qn\71.0\image_01.png,1,71.0,QN,reference_based,Yes,1,,train
image_02.png,..\processed_dataset\AI\qn\71.0\image_02.png,1,71.0,QN,reference_based,Yes,1,,train
image_03.png,..\processed_dataset\AI\qn\71.0\image_03.png,1,71.0,QN,reference_based,Yes,1,,train
image_04.png,..\processed_dataset\AI\qn\71.0\image_04.png,1,71.0,QN,reference_based,Yes,1,,train
image_05.png,..\processed_dataset\AI\qn\71.0\image_05.png,1,71.0,QN,reference_based,Yes,1,,train
image_06.png,..\processed_dataset\AI\qn\71.0\image_06.png,1,71.0,QN,reference_based,Yes,1,,train
image_07.png,..\processed_dataset\AI\qn\71.0\image_07.png,1,71.0,QN,reference_based,Yes,1,,train
image_08.png,..\processed_dataset\AI\qn\71.0\image_08.png,1,71.0,QN,reference_based,Yes,1,,train
image_09.png,..\processed_dataset\AI\qn\71.0\image_09.png,1,71.0,QN,reference_based,Yes,1,,train
image_10.png,..\processed_dataset\AI\qn\71.0\image_10.png,1,71.0,QN,reference_based,Yes,1,,train
image_11.png,..\processed_dataset\AI\qn\71.0\image_11.png,1,71.0,QN,reference_based,Yes,1,,train
image_12.png,..\processed_dataset\AI\qn\71.0\image_12.png,1,71.0,QN,reference_based,Yes,1,,train
image_01.png,..\processed_dataset\AI\qn\72.0\image_01.png,1,72.0,QN,reference_based,Yes,1,,train
image_02.png,..\processed_dataset\AI\qn\72.0\image_02.png,1,72.0,QN,reference_based,Yes,1,,train
image_03.png,..\processed_dataset\AI\qn\72.0\image_03.png,1,72.0,QN,reference_based,Yes,1,,train
image_04.png,..\processed_dataset\AI\qn\72.0\image_04.png,1,72.0,QN,reference_based,Yes,1,,train
image_05.png,..\processed_dataset\AI\qn\72.0\image_05.png,1,72.0,QN,reference_based,Yes,1,,train
image_06.png,..\processed_dataset\AI\qn\72.0\image_06.png,1,72.0,QN,reference_based,Yes,1,,train
image_07.png,..\processed_dataset\AI\qn\72.0\image_07.png,1,72.0,QN,reference_based,Yes,1,,train
image_08.png,..\processed_dataset\AI\qn\72.0\image_08.png,1,72.0,QN,reference_based,Yes,1,,train
image_09.png,..\processed_dataset\AI\qn\72.0\image_09.png,1,72.0,QN,reference_based,Yes,1,,train
image_10.png,..\processed_dataset\AI\qn\72.0\image_10.png,1,72.0,QN,reference_based,Yes,1,,train
image_11.png,..\processed_dataset\AI\qn\72.0\image_11.png,1,72.0,QN,reference_based,Yes,1,,train
image_12.png,..\processed_dataset\AI\qn\72.0\image_12.png,1,72.0,QN,reference_based,Yes,1,,train
image_01.png,..\processed_dataset\AI\qn\73.0\image_01.png,1,73.0,QN,reference_based,Yes,1,,test
image_02.png,..\processed_dataset\AI\qn\73.0\image_02.png,1,73.0,QN,reference_based,Yes,1,,test
image_03.png,..\processed_dataset\AI\qn\73.0\image_03.png,1,73.0,QN,reference_based,Yes,1,,test
image_04.png,..\processed_dataset\AI\qn\73.0\image_04.png,1,73.0,QN,reference_based,Yes,1,,test
image_05.png,..\processed_dataset\AI\qn\73.0\image_05.png,1,73.0,QN,reference_based,Yes,1,,test
image_06.png,..\processed_dataset\AI\qn\73.0\image_06.png,1,73.0,QN,reference_based,Yes,1,,test
image_07.png,..\processed_dataset\AI\qn\73.0\image_07.png,1,73.0,QN,reference_based,Yes,1,,test
image_08.png,..\processed_dataset\AI\qn\73.0\image_08.png,1,73.0,QN,reference_based,Yes,1,,test
image_09.png,..\processed_dataset\AI\qn\73.0\image_09.png,1,73.0,QN,reference_based,Yes,1,,test
image_10.png,..\processed_dataset\AI\qn\73.0\image_10.png,1,73.0,QN,reference_based,Yes,1,,test
image_11.png,..\processed_dataset\AI\qn\73.0\image_11.png,1,73.0,QN,reference_based,Yes,1,,test
image_12.png,..\processed_dataset\AI\qn\73.0\image_12.png,1,73.0,QN,reference_based,Yes,1,,test
image_01.png,..\processed_dataset\AI\qn\74.0\image_01.png,1,74.0,QN,reference_based,Yes,1,,train
image_02.png,..\processed_dataset\AI\qn\74.0\image_02.png,1,74.0,QN,reference_based,Yes,1,,train
image_03.png,..\processed_dataset\AI\qn\74.0\image_03.png,1,74.0,QN,reference_based,Yes,1,,train
image_04.png,..\processed_dataset\AI\qn\74.0\image_04.png,1,74.0,QN,reference_based,Yes,1,,train
image_05.png,..\processed_dataset\AI\qn\74.0\image_05.png,1,74.0,QN,reference_based,Yes,1,,train
image_06.png,..\processed_dataset\AI\qn\74.0\image_06.png,1,74.0,QN,reference_based,Yes,1,,train
image_07.png,..\processed_dataset\AI\qn\74.0\image_07.png,1,74.0,QN,reference_based,Yes,1,,train
image_08.png,..\processed_dataset\AI\qn\74.0\image_08.png,1,74.0,QN,reference_based,Yes,1,,train
image_09.png,..\processed_dataset\AI\qn\74.0\image_09.png,1,74.0,QN,reference_based,Yes,1,,train
image_10.png,..\processed_dataset\AI\qn\74.0\image_10.png,1,74.0,QN,reference_based,Yes,1,,train
image_11.png,..\processed_dataset\AI\qn\74.0\image_11.png,1,74.0,QN,reference_based,Yes,1,,train
image_12.png,..\processed_dataset\AI\qn\74.0\image_12.png,1,74.0,QN,reference_based,Yes,1,,train
image_01.png,..\processed_dataset\AI\qn\75.0\image_01.png,1,75.0,QN,reference_based,Yes,1,,train
image_02.png,..\processed_dataset\AI\qn\75.0\image_02.png,1,75.0,QN,reference_based,Yes,1,,train
image_03.png,..\processed_dataset\AI\qn\75.0\image_03.png,1,75.0,QN,reference_based,Yes,1,,train
image_04.png,..\processed_dataset\AI\qn\75.0\image_04.png,1,75.0,QN,reference_based,Yes,1,,train
image_05.png,..\processed_dataset\AI\qn\75.0\image_05.png,1,75.0,QN,reference_based,Yes,1,,train
image_06.png,..\processed_dataset\AI\qn\75.0\image_06.png,1,75.0,QN,reference_based,Yes,1,,train
image_07.png,..\processed_dataset\AI\qn\75.0\image_07.png,1,75.0,QN,reference_based,Yes,1,,train
image_08.png,..\processed_dataset\AI\qn\75.0\image_08.png,1,75.0,QN,reference_based,Yes,1,,train
image_09.png,..\processed_dataset\AI\qn\75.0\image_09.png,1,75.0,QN,reference_based,Yes,1,,train
image_10.png,..\processed_dataset\AI\qn\75.0\image_10.png,1,75.0,QN,reference_based,Yes,1,,train
image_11.png,..\processed_dataset\AI\qn\75.0\image_11.png,1,75.0,QN,reference_based,Yes,1,,train
image_12.png,..\processed_dataset\AI\qn\75.0\image_12.png,1,75.0,QN,reference_based,Yes,1,,train
image_01.png,..\processed_dataset\AI\qn\76.0\image_01.png,1,76.0,QN,reference_based,Yes,1,,test
image_02.png,..\processed_dataset\AI\qn\76.0\image_02.png,1,76.0,QN,reference_based,Yes,1,,test
image_03.png,..\processed_dataset\AI\qn\76.0\image_03.png,1,76.0,QN,reference_based,Yes,1,,test
image_04.png,..\processed_dataset\AI\qn\76.0\image_04.png,1,76.0,QN,reference_based,Yes,1,,test
image_05.png,..\processed_dataset\AI\qn\76.0\image_05.png,1,76.0,QN,reference_based,Yes,1,,test
image_06.png,..\processed_dataset\AI\qn\76.0\image_06.png,1,76.0,QN,reference_based,Yes,1,,test
image_07.png,..\processed_dataset\AI\qn\76.0\image_07.png,1,76.0,QN,reference_based,Yes,1,,test
image_08.png,..\processed_dataset\AI\qn\76.0\image_08.png,1,76.0,QN,reference_based,Yes,1,,test
image_09.png,..\processed_dataset\AI\qn\76.0\image_09.png,1,76.0,QN,reference_based,Yes,1,,test
image_10.png,..\processed_dataset\AI\qn\76.0\image_10.png,1,76.0,QN,reference_based,Yes,1,,test
image_11.png,..\processed_dataset\AI\qn\76.0\image_11.png,1,76.0,QN,reference_based,Yes,1,,test
image_12.png,..\processed_dataset\AI\qn\76.0\image_12.png,1,76.0,QN,reference_based,Yes,1,,test
image_01.png,..\processed_dataset\AI\qn\77.0\image_01.png,1,77.0,QN,reference_based,Yes,1,,val
image_02.png,..\processed_dataset\AI\qn\77.0\image_02.png,1,77.0,QN,reference_based,Yes,1,,val
image_03.png,..\processed_dataset\AI\qn\77.0\image_03.png,1,77.0,QN,reference_based,Yes,1,,val
image_04.png,..\processed_dataset\AI\qn\77.0\image_04.png,1,77.0,QN,reference_based,Yes,1,,val
image_05.png,..\processed_dataset\AI\qn\77.0\image_05.png,1,77.0,QN,reference_based,Yes,1,,val
image_06.png,..\processed_dataset\AI\qn\77.0\image_06.png,1,77.0,QN,reference_based,Yes,1,,val
image_07.png,..\processed_dataset\AI\qn\77.0\image_07.png,1,77.0,QN,reference_based,Yes,1,,val
image_08.png,..\processed_dataset\AI\qn\77.0\image_08.png,1,77.0,QN,reference_based,Yes,1,,val
image_09.png,..\processed_dataset\AI\qn\77.0\image_09.png,1,77.0,QN,reference_based,Yes,1,,val
image_10.png,..\processed_dataset\AI\qn\77.0\image_10.png,1,77.0,QN,reference_based,Yes,1,,val
image_11.png,..\processed_dataset\AI\qn\77.0\image_11.png,1,77.0,QN,reference_based,Yes,1,,val
image_12.png,..\processed_dataset\AI\qn\77.0\image_12.png,1,77.0,QN,reference_based,Yes,1,,val
image_01.png,..\processed_dataset\AI\qn\78.0\image_01.png,1,78.0,QN,reference_based,Yes,1,,train
image_02.png,..\processed_dataset\AI\qn\78.0\image_02.png,1,78.0,QN,reference_based,Yes,1,,train
image_03.png,..\processed_dataset\AI\qn\78.0\image_03.png,1,78.0,QN,reference_based,Yes,1,,train
image_04.png,..\processed_dataset\AI\qn\78.0\image_04.png,1,78.0,QN,reference_based,Yes,1,,train
image_05.png,..\processed_dataset\AI\qn\78.0\image_05.png,1,78.0,QN,reference_based,Yes,1,,train
image_06.png,..\processed_dataset\AI\qn\78.0\image_06.png,1,78.0,QN,reference_based,Yes,1,,train
image_07.png,..\processed_dataset\AI\qn\78.0\image_07.png,1,78.0,QN,reference_based,Yes,1,,train
image_08.png,..\processed_dataset\AI\qn\78.0\image_08.png,1,78.0,QN,reference_based,Yes,1,,train
image_09.png,..\processed_dataset\AI\qn\78.0\image_09.png,1,78.0,QN,reference_based,Yes,1,,train
image_10.png,..\processed_dataset\AI\qn\78.0\image_10.png,1,78.0,QN,reference_based,Yes,1,,train
image_11.png,..\processed_dataset\AI\qn\78.0\image_11.png,1,78.0,QN,reference_based,Yes,1,,train
image_12.png,..\processed_dataset\AI\qn\78.0\image_12.png,1,78.0,QN,reference_based,Yes,1,,train
image_01.png,..\processed_dataset\AI\qn\79.0\image_01.png,1,79.0,QN,reference_based,Yes,1,,train
image_02.png,..\processed_dataset\AI\qn\79.0\image_02.png,1,79.0,QN,reference_based,Yes,1,,train
image_03.png,..\processed_dataset\AI\qn\79.0\image_03.png,1,79.0,QN,reference_based,Yes,1,,train
image_04.png,..\processed_dataset\AI\qn\79.0\image_04.png,1,79.0,QN,reference_based,Yes,1,,train
image_05.png,..\processed_dataset\AI\qn\79.0\image_05.png,1,79.0,QN,reference_based,Yes,1,,train
image_06.png,..\processed_dataset\AI\qn\79.0\image_06.png,1,79.0,QN,reference_based,Yes,1,,train
image_07.png,..\processed_dataset\AI\qn\79.0\image_07.png,1,79.0,QN,reference_based,Yes,1,,train
image_08.png,..\processed_dataset\AI\qn\79.0\image_08.png,1,79.0,QN,reference_based,Yes,1,,train
image_09.png,..\processed_dataset\AI\qn\79.0\image_09.png,1,79.0,QN,reference_based,Yes,1,,train
image_10.png,..\processed_dataset\AI\qn\79.0\image_10.png,1,79.0,QN,reference_based,Yes,1,,train
image_11.png,..\processed_dataset\AI\qn\79.0\image_11.png,1,79.0,QN,reference_based,Yes,1,,train
image_12.png,..\processed_dataset\AI\qn\79.0\image_12.png,1,79.0,QN,reference_based,Yes,1,,train
0001.jpeg,..\processed_dataset\AI\gpt\0001.png,1,NA,GPT,generic,No,0,,train
0002.jpeg,..\processed_dataset\AI\gpt\0002.png,1,NA,GPT,generic,No,0,,test
0003.jpeg,..\processed_dataset\AI\gpt\0003.png,1,NA,GPT,generic,No,0,,train
0004.jpeg,..\processed_dataset\AI\gpt\0004.png,1,NA,GPT,generic,No,0,,train
0005.jpeg,..\processed_dataset\AI\gpt\0005.png,1,NA,GPT,generic,No,0,,train
0006.jpeg,..\processed_dataset\AI\gpt\0006.png,1,NA,GPT,generic,No,0,,train
0007.jpeg,..\processed_dataset\AI\gpt\0007.png,1,NA,GPT,generic,No,0,,train
0008.jpeg,..\processed_dataset\AI\gpt\0008.png,1,NA,GPT,generic,No,0,,val
0009.jpeg,..\processed_dataset\AI\gpt\0009.png,1,NA,GPT,generic,No,0,,val
0010.jpeg,..\processed_dataset\AI\gpt\0010.png,1,NA,GPT,generic,No,0,,train
0011.jpeg,..\processed_dataset\AI\gpt\0011.png,1,NA,GPT,generic,No,0,,train
0012.jpeg,..\processed_dataset\AI\gpt\0012.png,1,NA,GPT,generic,No,0,,train
0013.jpeg,..\processed_dataset\AI\gpt\0013.png,1,NA,GPT,generic,No,0,,train
0014.jpeg,..\processed_dataset\AI\gpt\0014.png,1,NA,GPT,generic,No,0,,val
0015.jpeg,..\processed_dataset\AI\gpt\0015.png,1,NA,GPT,generic,No,0,,test
0016.jpeg,..\processed_dataset\AI\gpt\0016.png,1,NA,GPT,generic,No,0,,train
0017.jpeg,..\processed_dataset\AI\gpt\0017.png,1,NA,GPT,generic,No,0,,train
0018.jpeg,..\processed_dataset\AI\gpt\0018.png,1,NA,GPT,generic,No,0,,val
0019.jpeg,..\processed_dataset\AI\gpt\0019.png,1,NA,GPT,generic,No,0,,train
0020.jpeg,..\processed_dataset\AI\gpt\0020.png,1,NA,GPT,generic,No,0,,train
0021.jpeg,..\processed_dataset\AI\gpt\0021.png,1,NA,GPT,generic,No,0,,test
0022.jpeg,..\processed_dataset\AI\gpt\0022.png,1,NA,GPT,generic,No,0,,test
0023.jpeg,..\processed_dataset\AI\gpt\0023.png,1,NA,GPT,generic,No,0,,train
0024.jpeg,..\processed_dataset\AI\gpt\0024.png,1,NA,GPT,generic,No,0,,train
0025.jpeg,..\processed_dataset\AI\gpt\0025.png,1,NA,GPT,generic,No,0,,train
0026.jpeg,..\processed_dataset\AI\gpt\0026.png,1,NA,GPT,generic,No,0,,train
0027.jpeg,..\processed_dataset\AI\gpt\0027.png,1,NA,GPT,generic,No,0,,train
0028.jpeg,..\processed_dataset\AI\gpt\0028.png,1,NA,GPT,generic,No,0,,train
0029.jpeg,..\processed_dataset\AI\gpt\0029.png,1,NA,GPT,generic,No,0,,train
0030.jpeg,..\processed_dataset\AI\gpt\0030.png,1,NA,GPT,generic,No,0,,train
0031.jpeg,..\processed_dataset\AI\gpt\0031.png,1,NA,GPT,generic,No,0,,train
0032.jpeg,..\processed_dataset\AI\gpt\0032.png,1,NA,GPT,generic,No,0,,train
0033.jpeg,..\processed_dataset\AI\gpt\0033.png,1,NA,GPT,generic,No,0,,train
0034.jpeg,..\processed_dataset\AI\gpt\0034.png,1,NA,GPT,generic,No,0,,train
0035.jpeg,..\processed_dataset\AI\gpt\0035.png,1,NA,GPT,generic,No,0,,val
0036.jpeg,..\processed_dataset\AI\gpt\0036.png,1,NA,GPT,generic,No,0,,train
0037.jpeg,..\processed_dataset\AI\gpt\0037.png,1,NA,GPT,generic,No,0,,train
0038.jpeg,..\processed_dataset\AI\gpt\0038.png,1,NA,GPT,generic,No,0,,test
0039.jpeg,..\processed_dataset\AI\gpt\0039.png,1,NA,GPT,generic,No,0,,train
0040.jpeg,..\processed_dataset\AI\gpt\0040.png,1,NA,GPT,generic,No,0,,train
0041.jpeg,..\processed_dataset\AI\gpt\0041.png,1,NA,GPT,generic,No,0,,train
0042.jpeg,..\processed_dataset\AI\gpt\0042.png,1,NA,GPT,generic,No,0,,train
0043.jpeg,..\processed_dataset\AI\gpt\0043.png,1,NA,GPT,generic,No,0,,train
0044.jpeg,..\processed_dataset\AI\gpt\0044.png,1,NA,GPT,generic,No,0,,train
0045.jpeg,..\processed_dataset\AI\gpt\0045.png,1,NA,GPT,generic,No,0,,train
0046.jpeg,..\processed_dataset\AI\gpt\0046.png,1,NA,GPT,generic,No,0,,train
0047.jpeg,..\processed_dataset\AI\gpt\0047.png,1,NA,GPT,generic,No,0,,train
0048.jpeg,..\processed_dataset\AI\gpt\0048.png,1,NA,GPT,generic,No,0,,train
0049.jpeg,..\processed_dataset\AI\gpt\0049.png,1,NA,GPT,generic,No,0,,val
0050.jpeg,..\processed_dataset\AI\gpt\0050.png,1,NA,GPT,generic,No,0,,val
0051.jpeg,..\processed_dataset\AI\gpt\0051.png,1,NA,GPT,generic,No,0,,val
0052.jpeg,..\processed_dataset\AI\gpt\0052.png,1,NA,GPT,generic,No,0,,train
0053.jpeg,..\processed_dataset\AI\gpt\0053.png,1,NA,GPT,generic,No,0,,test
0054.jpeg,..\processed_dataset\AI\gpt\0054.png,1,NA,GPT,generic,No,0,,train
0055.jpeg,..\processed_dataset\AI\gpt\0055.png,1,NA,GPT,generic,No,0,,val
0056.jpeg,..\processed_dataset\AI\gpt\0056.png,1,NA,GPT,generic,No,0,,train
0057.jpeg,..\processed_dataset\AI\gpt\0057.png,1,NA,GPT,generic,No,0,,train
0058.jpeg,..\processed_dataset\AI\gpt\0058.png,1,NA,GPT,generic,No,0,,test
0059.jpeg,..\processed_dataset\AI\gpt\0059.png,1,NA,GPT,generic,No,0,,val
0060.jpeg,..\processed_dataset\AI\gpt\0060.png,1,NA,GPT,generic,No,0,,val
0061.jpeg,..\processed_dataset\AI\gpt\0061.png,1,NA,GPT,generic,No,0,,train
0062.jpeg,..\processed_dataset\AI\gpt\0062.png,1,NA,GPT,generic,No,0,,train
0063.jpeg,..\processed_dataset\AI\gpt\0063.png,1,NA,GPT,generic,No,0,,train
0064.jpeg,..\processed_dataset\AI\gpt\0064.png,1,NA,GPT,generic,No,0,,val
0065.jpeg,..\processed_dataset\AI\gpt\0065.png,1,NA,GPT,generic,No,0,,train
0066.jpeg,..\processed_dataset\AI\gpt\0066.png,1,NA,GPT,generic,No,0,,train
0067.jpeg,..\processed_dataset\AI\gpt\0067.png,1,NA,GPT,generic,No,0,,train
0068.jpeg,..\processed_dataset\AI\gpt\0068.png,1,NA,GPT,generic,No,0,,train
0069.jpeg,..\processed_dataset\AI\gpt\0069.png,1,NA,GPT,generic,No,0,,train
0070.jpeg,..\processed_dataset\AI\gpt\0070.png,1,NA,GPT,generic,No,0,,train
0071.jpeg,..\processed_dataset\AI\gpt\0071.png,1,NA,GPT,generic,No,0,,train
0072.jpeg,..\processed_dataset\AI\gpt\0072.png,1,NA,GPT,generic,No,0,,test
0073.jpeg,..\processed_dataset\AI\gpt\0073.png,1,NA,GPT,generic,No,0,,val
0074.jpeg,..\processed_dataset\AI\gpt\0074.png,1,NA,GPT,generic,No,0,,train
0075.jpeg,..\processed_dataset\AI\gpt\0075.png,1,NA,GPT,generic,No,0,,test
0076.jpeg,..\processed_dataset\AI\gpt\0076.png,1,NA,GPT,generic,No,0,,train
0077.jpeg,..\processed_dataset\AI\gpt\0077.png,1,NA,GPT,generic,No,0,,train
0078.jpeg,..\processed_dataset\AI\gpt\0078.png,1,NA,GPT,generic,No,0,,train
0079.jpeg,..\processed_dataset\AI\gpt\0079.png,1,NA,GPT,generic,No,0,,train
0080.jpeg,..\processed_dataset\AI\gpt\0080.png,1,NA,GPT,generic,No,0,,train
0081.jpeg,..\processed_dataset\AI\gpt\0081.png,1,NA,GPT,generic,No,0,,val
0082.jpeg,..\processed_dataset\AI\gpt\0082.png,1,NA,GPT,generic,No,0,,train
0083.jpeg,..\processed_dataset\AI\gpt\0083.png,1,NA,GPT,generic,No,0,,train
0084.jpeg,..\processed_dataset\AI\gpt\0084.png,1,NA,GPT,generic,No,0,,val
0085.jpeg,..\processed_dataset\AI\gpt\0085.png,1,NA,GPT,generic,No,0,,train
0086.jpeg,..\processed_dataset\AI\gpt\0086.png,1,NA,GPT,generic,No,0,,train
0087.jpeg,..\processed_dataset\AI\gpt\0087.png,1,NA,GPT,generic,No,0,,train
0088.jpeg,..\processed_dataset\AI\gpt\0088.png,1,NA,GPT,generic,No,0,,test
0089.jpeg,..\processed_dataset\AI\gpt\0089.png,1,NA,GPT,generic,No,0,,test
0090.jpeg,..\processed_dataset\AI\gpt\0090.png,1,NA,GPT,generic,No,0,,val
0091.jpeg,..\processed_dataset\AI\gpt\0091.png,1,NA,GPT,generic,No,0,,train
0092.jpeg,..\processed_dataset\AI\gpt\0092.png,1,NA,GPT,generic,No,0,,val
0093.jpeg,..\processed_dataset\AI\gpt\0093.png,1,NA,GPT,generic,No,0,,test
0094.jpeg,..\processed_dataset\AI\gpt\0094.png,1,NA,GPT,generic,No,0,,train
0095.jpeg,..\processed_dataset\AI\gpt\0095.png,1,NA,GPT,generic,No,0,,train
0096.jpeg,..\processed_dataset\AI\gpt\0096.png,1,NA,GPT,generic,No,0,,train
0097.jpeg,..\processed_dataset\AI\gpt\0097.png,1,NA,GPT,generic,No,0,,train
0098.jpeg,..\processed_dataset\AI\gpt\0098.png,1,NA,GPT,generic,No,0,,train
0099.jpeg,..\processed_dataset\AI\gpt\0099.png,1,NA,GPT,generic,No,0,,train
0100.jpeg,..\processed_dataset\AI\gpt\0100.png,1,NA,GPT,generic,No,0,,test
0101.jpeg,..\processed_dataset\AI\gpt\0101.png,1,NA,GPT,generic,No,0,,train
0102.jpeg,..\processed_dataset\AI\gpt\0102.png,1,NA,GPT,generic,No,0,,train
0103.jpeg,..\processed_dataset\AI\gpt\0103.png,1,NA,GPT,generic,No,0,,test
0104.jpeg,..\processed_dataset\AI\gpt\0104.png,1,NA,GPT,generic,No,0,,test
0105.jpeg,..\processed_dataset\AI\gpt\0105.png,1,NA,GPT,generic,No,0,,train
0106.jpeg,..\processed_dataset\AI\gpt\0106.png,1,NA,GPT,generic,No,0,,train
0107.jpeg,..\processed_dataset\AI\gpt\0107.png,1,NA,GPT,generic,No,0,,test
0108.jpeg,..\processed_dataset\AI\gpt\0108.png,1,NA,GPT,generic,No,0,,val
0109.jpeg,..\processed_dataset\AI\gpt\0109.png,1,NA,GPT,generic,No,0,,train
0110.jpeg,..\processed_dataset\AI\gpt\0110.png,1,NA,GPT,generic,No,0,,train
0111.jpeg,..\processed_dataset\AI\gpt\0111.png,1,NA,GPT,generic,No,0,,val
0112.jpeg,..\processed_dataset\AI\gpt\0112.png,1,NA,GPT,generic,No,0,,train
0113.jpeg,..\processed_dataset\AI\gpt\0113.png,1,NA,GPT,generic,No,0,,train
0114.jpeg,..\processed_dataset\AI\gpt\0114.png,1,NA,GPT,generic,No,0,,train
0115.jpeg,..\processed_dataset\AI\gpt\0115.png,1,NA,GPT,generic,No,0,,train
0116.jpeg,..\processed_dataset\AI\gpt\0116.png,1,NA,GPT,generic,No,0,,train
0117.jpeg,..\processed_dataset\AI\gpt\0117.png,1,NA,GPT,generic,No,0,,test
0118.jpeg,..\processed_dataset\AI\gpt\0118.png,1,NA,GPT,generic,No,0,,train
0119.jpeg,..\processed_dataset\AI\gpt\0119.png,1,NA,GPT,generic,No,0,,train
0120.jpeg,..\processed_dataset\AI\gpt\0120.png,1,NA,GPT,generic,No,0,,train
0121.jpeg,..\processed_dataset\AI\gpt\0121.png,1,NA,GPT,generic,No,0,,train
0122.jpeg,..\processed_dataset\AI\gpt\0122.png,1,NA,GPT,generic,No,0,,test
0123.jpeg,..\processed_dataset\AI\gpt\0123.png,1,NA,GPT,generic,No,0,,train
0124.jpeg,..\processed_dataset\AI\gpt\0124.png,1,NA,GPT,generic,No,0,,train
0125.jpeg,..\processed_dataset\AI\gpt\0125.png,1,NA,GPT,generic,No,0,,train
0126.jpeg,..\processed_dataset\AI\gpt\0126.png,1,NA,GPT,generic,No,0,,train
0127.jpeg,..\processed_dataset\AI\gpt\0127.png,1,NA,GPT,generic,No,0,,train
0128.jpeg,..\processed_dataset\AI\gpt\0128.png,1,NA,GPT,generic,No,0,,train
0129.jpeg,..\processed_dataset\AI\gpt\0129.png,1,NA,GPT,generic,No,0,,train
0130.jpeg,..\processed_dataset\AI\gpt\0130.png,1,NA,GPT,generic,No,0,,test
0131.jpeg,..\processed_dataset\AI\gpt\0131.png,1,NA,GPT,generic,No,0,,test
0132.jpeg,..\processed_dataset\AI\gpt\0132.png,1,NA,GPT,generic,No,0,,val
0133.jpeg,..\processed_dataset\AI\gpt\0133.png,1,NA,GPT,generic,No,0,,train
0134.jpeg,..\processed_dataset\AI\gpt\0134.png,1,NA,GPT,generic,No,0,,train
0135.jpeg,..\processed_dataset\AI\gpt\0135.png,1,NA,GPT,generic,No,0,,val
0136.jpeg,..\processed_dataset\AI\gpt\0136.png,1,NA,GPT,generic,No,0,,train
0137.jpeg,..\processed_dataset\AI\gpt\0137.png,1,NA,GPT,generic,No,0,,train
0138.jpeg,..\processed_dataset\AI\gpt\0138.png,1,NA,GPT,generic,No,0,,train
0139.jpeg,..\processed_dataset\AI\gpt\0139.png,1,NA,GPT,generic,No,0,,train
0140.jpeg,..\processed_dataset\AI\gpt\0140.png,1,NA,GPT,generic,No,0,,train
0141.jpeg,..\processed_dataset\AI\gpt\0141.png,1,NA,GPT,generic,No,0,,train
0142.jpeg,..\processed_dataset\AI\gpt\0142.png,1,NA,GPT,generic,No,0,,train
0143.jpeg,..\processed_dataset\AI\gpt\0143.png,1,NA,GPT,generic,No,0,,train
0144.jpeg,..\processed_dataset\AI\gpt\0144.png,1,NA,GPT,generic,No,0,,train
0145.jpeg,..\processed_dataset\AI\gpt\0145.png,1,NA,GPT,generic,No,0,,train
0146.jpeg,..\processed_dataset\AI\gpt\0146.png,1,NA,GPT,generic,No,0,,train
0147.jpeg,..\processed_dataset\AI\gpt\0147.png,1,NA,GPT,generic,No,0,,train
0148.jpeg,..\processed_dataset\AI\gpt\0148.png,1,NA,GPT,generic,No,0,,train
0149.jpeg,..\processed_dataset\AI\gpt\0149.png,1,NA,GPT,generic,No,0,,train
0150.jpeg,..\processed_dataset\AI\gpt\0150.png,1,NA,GPT,generic,No,0,,test
0151.jpeg,..\processed_dataset\AI\gpt\0151.png,1,NA,GPT,generic,No,0,,train
0152.jpeg,..\processed_dataset\AI\gpt\0152.png,1,NA,GPT,generic,No,0,,test
0153.jpeg,..\processed_dataset\AI\gpt\0153.png,1,NA,GPT,generic,No,0,,train
0154.jpeg,..\processed_dataset\AI\gpt\0154.png,1,NA,GPT,generic,No,0,,train
0155.jpeg,..\processed_dataset\AI\gpt\0155.png,1,NA,GPT,generic,No,0,,train
0156.jpeg,..\processed_dataset\AI\gpt\0156.png,1,NA,GPT,generic,No,0,,val
0157.jpeg,..\processed_dataset\AI\gpt\0157.png,1,NA,GPT,generic,No,0,,train
0158.jpeg,..\processed_dataset\AI\gpt\0158.png,1,NA,GPT,generic,No,0,,test
0159.jpeg,..\processed_dataset\AI\gpt\0159.png,1,NA,GPT,generic,No,0,,train
0160.jpeg,..\processed_dataset\AI\gpt\0160.png,1,NA,GPT,generic,No,0,,train
0161.jpeg,..\processed_dataset\AI\gpt\0161.png,1,NA,GPT,generic,No,0,,test
0162.jpeg,..\processed_dataset\AI\gpt\0162.png,1,NA,GPT,generic,No,0,,train
0163.jpeg,..\processed_dataset\AI\gpt\0163.png,1,NA,GPT,generic,No,0,,train
0164.jpeg,..\processed_dataset\AI\gpt\0164.png,1,NA,GPT,generic,No,0,,train
0165.jpeg,..\processed_dataset\AI\gpt\0165.png,1,NA,GPT,generic,No,0,,train
0166.jpeg,..\processed_dataset\AI\gpt\0166.png,1,NA,GPT,generic,No,0,,val
0167.jpeg,..\processed_dataset\AI\gpt\0167.png,1,NA,GPT,generic,No,0,,train
0168.jpeg,..\processed_dataset\AI\gpt\0168.png,1,NA,GPT,generic,No,0,,train
0169.jpeg,..\processed_dataset\AI\gpt\0169.png,1,NA,GPT,generic,No,0,,train
0170.jpeg,..\processed_dataset\AI\gpt\0170.png,1,NA,GPT,generic,No,0,,val
0171.jpeg,..\processed_dataset\AI\gpt\0171.png,1,NA,GPT,generic,No,0,,train
0172.jpeg,..\processed_dataset\AI\gpt\0172.png,1,NA,GPT,generic,No,0,,train
0173.jpeg,..\processed_dataset\AI\gpt\0173.png,1,NA,GPT,generic,No,0,,train
0174.jpeg,..\processed_dataset\AI\gpt\0174.png,1,NA,GPT,generic,No,0,,val
0175.jpeg,..\processed_dataset\AI\gpt\0175.png,1,NA,GPT,generic,No,0,,val
0176.jpeg,..\processed_dataset\AI\gpt\0176.png,1,NA,GPT,generic,No,0,,train
0177.jpeg,..\processed_dataset\AI\gpt\0177.png,1,NA,GPT,generic,No,0,,train
0178.jpeg,..\processed_dataset\AI\gpt\0178.png,1,NA,GPT,generic,No,0,,train
0179.jpeg,..\processed_dataset\AI\gpt\0179.png,1,NA,GPT,generic,No,0,,train
0180.jpeg,..\processed_dataset\AI\gpt\0180.png,1,NA,GPT,generic,No,0,,test
0181.jpeg,..\processed_dataset\AI\gpt\0181.png,1,NA,GPT,generic,No,0,,train
0182.jpeg,..\processed_dataset\AI\gpt\0182.png,1,NA,GPT,generic,No,0,,val
0183.jpeg,..\processed_dataset\AI\gpt\0183.png,1,NA,GPT,generic,No,0,,train
0184.jpeg,..\processed_dataset\AI\gpt\0184.png,1,NA,GPT,generic,No,0,,val
0185.jpeg,..\processed_dataset\AI\gpt\0185.png,1,NA,GPT,generic,No,0,,train
0186.jpeg,..\processed_dataset\AI\gpt\0186.png,1,NA,GPT,generic,No,0,,train
0187.jpeg,..\processed_dataset\AI\gpt\0187.png,1,NA,GPT,generic,No,0,,test
0188.jpeg,..\processed_dataset\AI\gpt\0188.png,1,NA,GPT,generic,No,0,,train
0189.jpeg,..\processed_dataset\AI\gpt\0189.png,1,NA,GPT,generic,No,0,,test
0190.jpeg,..\processed_dataset\AI\gpt\0190.png,1,NA,GPT,generic,No,0,,train
0191.jpeg,..\processed_dataset\AI\gpt\0191.png,1,NA,GPT,generic,No,0,,test
0192.jpeg,..\processed_dataset\AI\gpt\0192.png,1,NA,GPT,generic,No,0,,train
0193.jpeg,..\processed_dataset\AI\gpt\0193.png,1,NA,GPT,generic,No,0,,train
0194.jpeg,..\processed_dataset\AI\gpt\0194.png,1,NA,GPT,generic,No,0,,train
0195.jpeg,..\processed_dataset\AI\gpt\0195.png,1,NA,GPT,generic,No,0,,val
0196.jpeg,..\processed_dataset\AI\gpt\0196.png,1,NA,GPT,generic,No,0,,train
0197.jpeg,..\processed_dataset\AI\gpt\0197.png,1,NA,GPT,generic,No,0,,val
0198.jpeg,..\processed_dataset\AI\gpt\0198.png,1,NA,GPT,generic,No,0,,test
