filename,filepath,label,writer_id,generator,generation_type,reference_used,reference_based,generation_batch,split,width,height,mode,format,file_size_kb,bg_mean,bg_std,img_mean,img_std,exact_hash,phash
1-01.tif,..\dataset\genuine\1\1-01.tif,0,1,Human,genuine,No,0,,,1033,289,L,TIFF,291.8291015625,255.0,0.0,248.7833836341894,39.32671934247807,f0065a03f7fca1926c56ebde355fcd20,1111111111111111000011110000001110000011111111111111111111111111
1-02.tif,..\dataset\genuine\1\1-02.tif,0,1,Human,genuine,No,0,,,997,289,L,TIFF,281.6689453125,255.0,0.0,249.29700867307807,37.70595017089675,83804a511ae419100a287705c619fc37,1111111111111111000011110000001100010111111111111111111111111111
1-03.tif,..\dataset\genuine\1\1-03.tif,0,1,Human,genuine,No,0,,,1001,289,L,TIFF,282.7978515625,255.0,0.0,249.25985778926955,37.82574561243776,bc2dc720343f421d592690590e270b81,1111111111111111000011110000001110000011111111111111111111111111
1-04.tif,..\dataset\genuine\1\1-04.tif,0,1,Human,genuine,No,0,,,1032,292,L,TIFF,294.5703125,255.0,0.0,248.94114367633003,38.836820448962655,ea8ddc1d074a55c1acf0ed029ec832d3,1111111111111111101011110000001110000011110100111111111111111111
1-05.tif,..\dataset\genuine\1\1-05.tif,0,1,Human,genuine,No,0,,,997,292,L,TIFF,284.58984375,255.0,0.0,249.31005344801528,37.66378736919139,64637ede61b0235b49a102ed93d8db65,1111111111111111111111110000111100000011110000111111111111111111
1-06.tif,..\dataset\genuine\1\1-06.tif,0,1,Human,genuine,No,0,,,1001,292,L,TIFF,285.73046875,255.0,0.0,249.4296285905875,37.27486648884726,41e5a3c1cc438a81f11ce126115cd77b,1111111111111111000011110000001100000011111111111111111111111111
1-07.tif,..\dataset\genuine\1\1-07.tif,0,1,Human,genuine,No,0,,,1032,292,L,TIFF,294.5703125,255.0,0.0,249.60203289264098,36.70617881889128,fd8118d746d7e64bb697482b2eb113bc,1111111111111111000011110000001110000111111111111111111111111111
1-08.tif,..\dataset\genuine\1\1-08.tif,0,1,Human,genuine,No,0,,,998,292,L,TIFF,284.875,254.99098302687412,1.5163267594077707,249.4863871578774,37.08869569246732,b1e4c75ffb47252f20a2a92a1a31e031,1111111111111111011111110000011100000011111100111111111111111111
1-09.tif,..\dataset\genuine\1\1-09.tif,0,1,Human,genuine,No,0,,,1000,292,L,TIFF,285.4453125,255.0,0.0,249.69652397260273,36.390376873744025,4204572ef2ce06e2737e5a8bbc37766e,1111111111111111011111110000011100000111111111111111111111111111
1-10.tif,..\dataset\genuine\1\1-10.tif,0,1,Human,genuine,No,0,,,1032,292,L,TIFF,294.5703125,255.0,0.0,249.50048781459063,37.04228628205773,d04f10c9651c79277aba2bb60d8cb46e,1111111101111111000011110000011111000111111111111111111111111111
B-S-1-G-01.tif,..\dataset\genuine\1\B-S-1-G-01.tif,0,1,Human,genuine,No,0,,,1033,289,L,TIFF,291.8291015625,255.0,0.0,248.7833836341894,39.32671934247807,f0065a03f7fca1926c56ebde355fcd20,1111111111111111000011110000001110000011111111111111111111111111
B-S-1-G-02.tif,..\dataset\genuine\1\B-S-1-G-02.tif,0,1,Human,genuine,No,0,,,997,289,L,TIFF,281.6689453125,255.0,0.0,249.29700867307807,37.70595017089675,83804a511ae419100a287705c619fc37,1111111111111111000011110000001100010111111111111111111111111111
B-S-1-G-03.tif,..\dataset\genuine\1\B-S-1-G-03.tif,0,1,Human,genuine,No,0,,,1001,289,L,TIFF,282.7978515625,255.0,0.0,249.25985778926955,37.82574561243776,bc2dc720343f421d592690590e270b81,1111111111111111000011110000001110000011111111111111111111111111
B-S-1-G-04.tif,..\dataset\genuine\1\B-S-1-G-04.tif,0,1,Human,genuine,No,0,,,1032,292,L,TIFF,294.5703125,255.0,0.0,248.94114367633003,38.836820448962655,ea8ddc1d074a55c1acf0ed029ec832d3,1111111111111111101011110000001110000011110100111111111111111111
B-S-1-G-05.tif,..\dataset\genuine\1\B-S-1-G-05.tif,0,1,Human,genuine,No,0,,,997,292,L,TIFF,284.58984375,255.0,0.0,249.31005344801528,37.66378736919139,64637ede61b0235b49a102ed93d8db65,1111111111111111111111110000111100000011110000111111111111111111
B-S-1-G-06.tif,..\dataset\genuine\1\B-S-1-G-06.tif,0,1,Human,genuine,No,0,,,1001,292,L,TIFF,285.73046875,255.0,0.0,249.4296285905875,37.27486648884726,41e5a3c1cc438a81f11ce126115cd77b,1111111111111111000011110000001100000011111111111111111111111111
B-S-1-G-07.tif,..\dataset\genuine\1\B-S-1-G-07.tif,0,1,Human,genuine,No,0,,,1032,292,L,TIFF,294.5703125,255.0,0.0,249.60203289264098,36.70617881889128,fd8118d746d7e64bb697482b2eb113bc,1111111111111111000011110000001110000111111111111111111111111111
B-S-1-G-08.tif,..\dataset\genuine\1\B-S-1-G-08.tif,0,1,Human,genuine,No,0,,,998,292,L,TIFF,284.875,254.99098302687412,1.5163267594077707,249.4863871578774,37.08869569246732,b1e4c75ffb47252f20a2a92a1a31e031,1111111111111111011111110000011100000011111100111111111111111111
B-S-1-G-09.tif,..\dataset\genuine\1\B-S-1-G-09.tif,0,1,Human,genuine,No,0,,,1000,292,L,TIFF,285.4453125,255.0,0.0,249.69652397260273,36.390376873744025,4204572ef2ce06e2737e5a8bbc37766e,1111111111111111011111110000011100000111111111111111111111111111
B-S-1-G-10.tif,..\dataset\genuine\1\B-S-1-G-10.tif,0,1,Human,genuine,No,0,,,1032,292,L,TIFF,294.5703125,255.0,0.0,249.50048781459063,37.04228628205773,d04f10c9651c79277aba2bb60d8cb46e,1111111101111111000011110000011111000111111111111111111111111111
10-01.tif,..\dataset\genuine\10\10-01.tif,0,10,Human,genuine,No,0,,,999,279,P,TIFF,274.189453125,255.0,0.0,250.27732033108379,34.37993037105287,5df0466e89efef55e7e747e496a57a83,1111111111111111100000111000011111100111111111111111111111111111
10-02.tif,..\dataset\genuine\10\10-02.tif,0,10,Human,genuine,No,0,,,951,279,P,TIFF,261.111328125,255.0,0.0,248.3445835170675,40.655093587230866,fa4820e54d35aecd01b3668c4a93eadb,1111111111111111100000011100000111001001111001111111111111111111
10-03.tif,..\dataset\genuine\10\10-03.tif,0,10,Human,genuine,No,0,,,949,279,P,TIFF,260.56640625,255.0,0.0,248.21594887657636,41.035468643940234,8ded6ed4d9b57033ec9fa4a78fe5e32a,1111111111111111100001111000000111000001111011111110011111111111
10-04.tif,..\dataset\genuine\10\10-04.tif,0,10,Human,genuine,No,0,,,1000,278,P,TIFF,273.484375,255.0,0.0,249.67435251798562,36.46474443638654,9b2da432e9a09197755fe6faa3787d70,1111111111111111100011111000001111000011111011111111111111111111
10-05.tif,..\dataset\genuine\10\10-05.tif,0,10,Human,genuine,No,0,,,950,278,P,TIFF,259.91015625,255.0,0.0,248.4063044301401,40.47116935605253,ecab7f17b1b2afb7fbce5df0a88b0175,1111111111011111110001111100000111001001111001111111111111111111
10-06.tif,..\dataset\genuine\10\10-06.tif,0,10,Human,genuine,No,0,,,949,278,P,TIFF,259.638671875,255.0,0.0,248.3819582900592,40.54383010965277,1ed487354a2eb479e6a324e1b5831311,1111111111111111110001111100000111001001111001111111111111111111
10-07.tif,..\dataset\genuine\10\10-07.tif,0,10,Human,genuine,No,0,,,1000,278,P,TIFF,273.484375,255.0,0.0,248.93503597122302,38.85591381846231,717d129aae49da35bb2a27ca6f469f01,1111111111111111100000111100001111000011111011111111011111111111
10-08.tif,..\dataset\genuine\10\10-08.tif,0,10,Human,genuine,No,0,,,951,278,P,TIFF,260.181640625,255.0,0.0,248.89646642307605,38.976248408370054,70f53949118f31aee5601efe873b1944,1111111111111111110001111100000111001001111001111111111111111111
10-09.tif,..\dataset\genuine\10\10-09.tif,0,10,Human,genuine,No,0,,,948,278,P,TIFF,259.3671875,255.0,0.0,248.20468308897185,41.068594818801266,fdc3e3da7d3d181a0aeefe9708932597,1111111111111111110001111100000111001001111011111110011111111111
10-10.tif,..\dataset\genuine\10\10-10.tif,0,10,Human,genuine,No,0,,,1000,278,P,TIFF,273.484375,255.0,0.0,249.4138489208633,37.326444262759836,52ade3dbb50005123e6b509ab1a0d6ed,1111111111101111100000011100001111101111111101111111111111111111
100-01.tif,..\dataset\genuine\100\100-01.tif,0,100,Human,genuine,No,0,,,1050,289,P,TIFF,298.392578125,255.0,0.0,249.27058823529413,37.79118734348591,de1fb0434388957f2708ee672967eb87,1111111111111111100011110000011100001111111111111111111111111111
100-02.tif,..\dataset\genuine\100\100-02.tif,0,100,Human,genuine,No,0,,,999,289,P,TIFF,283.9609375,255.0,0.0,248.52587881999648,40.11217590517286,3aca7b2941edfd1a3056eee7ab6d83ad,1111111111111011100000110000011111111111111111111111111111111111
100-03.tif,..\dataset\genuine\100\100-03.tif,0,100,Human,genuine,No,0,,,1001,289,P,TIFF,284.525390625,255.0,0.0,248.03373097490746,41.56765205383433,5dc39e864ae13a865fd4699965600607,1111111111111111111111010000000110001011111111111111111111111111
100-04.tif,..\dataset\genuine\100\100-04.tif,0,100,Human,genuine,No,0,,,1050,290,P,TIFF,299.41796875,255.0,0.0,248.7836945812808,39.32576037045693,12e598a37e1d81367704d867a5c6066b,1111111111111111100000110000001111111111111111111111111111111111
100-05.tif,..\dataset\genuine\100\100-05.tif,0,100,Human,genuine,No,0,,,999,290,P,TIFF,284.935546875,255.0,0.0,248.83954644299473,39.153090159121895,d1df976d5af764f2c99f16d95883226a,1111111111111111111000011000001110001111111111111111111111111111
100-06.tif,..\dataset\genuine\100\100-06.tif,0,100,Human,genuine,No,0,,,1001,290,P,TIFF,285.501953125,255.0,0.0,248.54791759964175,40.04561954559255,bf4e23b84ffb41e3ce7c4e78fd49b5ec,1111111111111111100000010000001111111111111111111111111111111111
100-07.tif,..\dataset\genuine\100\100-07.tif,0,100,Human,genuine,No,0,,,1050,289,P,TIFF,298.392578125,255.0,0.0,249.44789915966388,37.215049248179874,c3ae3a202f709eab1bcbc89026338881,1111111111111111100000111000001111111111111111111111111111111111
100-08.tif,..\dataset\genuine\100\100-08.tif,0,100,Human,genuine,No,0,,,999,289,P,TIFF,283.9609375,255.0,0.0,247.63292704469174,42.712174373061,85aad5d6a4edf97e04e15f14f83e8d22,1111111111111111111010011000000110000011111111111111111111111111
100-09.tif,..\dataset\genuine\100\100-09.tif,0,100,Human,genuine,No,0,,,1001,289,P,TIFF,284.525390625,255.0,0.0,247.518070165129,43.0338568320128,5b3aa471e5492033b27b62199334533a,1111111111111111100000011000000110111111111111111111111111111111
100-10.tif,..\dataset\genuine\100\100-10.tif,0,100,Human,genuine,No,0,,,1050,291,P,TIFF,300.443359375,255.0,0.0,249.61541482572412,36.66163474180225,3c25f5307a2b5790aef93ca200252874,1111111111111111100000111000001110111111111111111111111111111111
11-01.tif,..\dataset\genuine\11\11-01.tif,0,11,Human,genuine,No,0,,,1000,279,P,TIFF,274.4609375,255.0,0.0,250.84048387096774,32.30131635824686,03504267fab807166392a350dc8a3a99,1111111111111111100001111000001110010111111111111111111111111111
11-02.tif,..\dataset\genuine\11\11-02.tif,0,11,Human,genuine,No,0,,,951,279,P,TIFF,261.111328125,255.0,0.0,250.4474068043825,33.76662790504382,a4eeb6845b5b502fbbbca35ecdee4672,1111111111111111110001111000001111010011111111111111111111111111
11-03.tif,..\dataset\genuine\11\11-03.tif,0,11,Human,genuine,No,0,,,950,279,P,TIFF,260.837890625,255.0,0.0,250.20594227504245,34.633823502379165,0dc1fb61821bacf413a36aa4f0042bd5,1111111111111111100000111000001111010111111111111111111111111111
11-04.tif,..\dataset\genuine\11\11-04.tif,0,11,Human,genuine,No,0,,,1000,278,P,TIFF,273.484375,255.0,0.0,250.19994604316545,34.65506082817173,06068d41e6be219502ac7cae01f0e538,1111111111111111110111111000001111000011111111111111111111111111
11-05.tif,..\dataset\genuine\11\11-05.tif,0,11,Human,genuine,No,0,,,951,278,P,TIFF,260.181640625,255.0,0.0,250.49083130971565,33.60811529593816,f66527e9975c24737b4fcc611e24a138,1111111111111111111111111000001110000011111111111111111111111111
11-06.tif,..\dataset\genuine\11\11-06.tif,0,11,Human,genuine,No,0,,,951,278,P,TIFF,260.181640625,255.0,0.0,250.6470848557747,33.030977756109934,169e2d8fee113d5d0be2f41103dde3cf,1111111111111111110011111100001111000011111111111111111111111111
11-07.tif,..\dataset\genuine\11\11-07.tif,0,11,Human,genuine,No,0,,,1000,278,P,TIFF,273.484375,255.0,0.0,250.71361510791368,32.781931792359465,efcdc85a7394517746136100e39aa74d,1111111111111111110000111000001111000111111111111111111111111111
11-08.tif,..\dataset\genuine\11\11-08.tif,0,11,Human,genuine,No,0,,,951,278,P,TIFF,260.181640625,255.0,0.0,250.48697319746725,33.622231093808594,66ef7d57c93fec16cb81579cd55b1563,1111111111111111110000111100001111000111111111111111111111111111
11-09.tif,..\dataset\genuine\11\11-09.tif,0,11,Human,genuine,No,0,,,950,278,P,TIFF,259.91015625,255.0,0.0,250.2524233244983,34.46871868757478,e19314bc6ff0b9d3f8a047168a2fd2b1,1111111111111111110010111100000111000011111111111111111111111111
11-10.tif,..\dataset\genuine\11\11-10.tif,0,11,Human,genuine,No,0,,,1001,278,P,TIFF,273.755859375,255.0,0.0,251.0193763071461,31.610341293532986,7cb4091f21b31ec797b8ac324ba7c7ea,1111111111111111110000111100001111010111111111111111111111111111
12-01.tif,..\dataset\genuine\12\12-01.tif,0,12,Human,genuine,No,0,,,999,279,P,TIFF,274.189453125,255.0,0.0,248.8125760168771,39.23657605028014,9033559c3d39f2af4f50bc178dc077bb,1111111111111111100001111000011110010111111111111111111111111111
12-02.tif,..\dataset\genuine\12\12-02.tif,0,12,Human,genuine,No,0,,,951,279,P,TIFF,261.111328125,255.0,0.0,247.62858564273034,42.72438310235972,2c646ccacb8c8eab156427dc51806b62,1111111111111111100000111000000111100001111110111111111111111111
12-03.tif,..\dataset\genuine\12\12-03.tif,0,12,Human,genuine,No,0,,,951,279,P,TIFF,261.111328125,255.0,0.0,247.21820833757334,43.86115128951111,5292c1031f0ca0f0618fcaabffd98bb1,1111111111101111100000111000001111100011111111111111111111111111
12-04.tif,..\dataset\genuine\12\12-04.tif,0,12,Human,genuine,No,0,,,1000,278,P,TIFF,273.484375,255.0,0.0,248.53143884892086,40.095396371153754,fb1fde67f7ebb79d9ff7373990806771,1111111111111111110000111000000111000001111111111111111111111111
12-05.tif,..\dataset\genuine\12\12-05.tif,0,12,Human,genuine,No,0,,,951,278,P,TIFF,260.181640625,255.0,0.0,248.0158523023852,41.61945871620234,470784755fcd8863c3411e7733ba0894,1111111111111111111011011000000111000001111011111111111111111111
12-06.tif,..\dataset\genuine\12\12-06.tif,0,12,Human,genuine,No,0,,,950,278,P,TIFF,259.91015625,255.0,0.0,247.69469897765998,42.53803401274797,2ef087c523fa8cdd4ab10f39e1a76c34,1111111111111111100100111000001110000011111111111111111111111111
12-07.tif,..\dataset\genuine\12\12-07.tif,0,12,Human,genuine,No,0,,,999,278,P,TIFF,273.212890625,255.0,0.0,248.15585369542205,41.21183044987096,61c670b2b7d8c7f3aacd678ae623913a,1111111111111111110011111100000111000001111111111111111111111111
12-08.tif,..\dataset\genuine\12\12-08.tif,0,12,Human,genuine,No,0,,,952,278,P,TIFF,260.453125,255.0,0.0,248.23227132579652,40.987420759475164,f355358e53c398cc30d980845ebf5ce2,1111111111111111110011111000000111100001111111111111111111111111
12-09.tif,..\dataset\genuine\12\12-09.tif,0,12,Human,genuine,No,0,,,950,278,P,TIFF,259.91015625,255.0,0.0,247.87525558500568,42.024372010115265,e2dc94f4631f950f22e826dd33bb1b60,1111111111111111100000111000001110000011111111111111111111111111
12-10.tif,..\dataset\genuine\12\12-10.tif,0,12,Human,genuine,No,0,,,999,278,P,TIFF,273.212890625,255.0,0.0,247.94558947436644,41.82236215438321,52e9cd7813eec8b25807dca0018f4542,1111111111111111110011111100000111000001111111111111111111111111
13-01.tif,..\dataset\genuine\13\13-01.tif,0,13,Human,genuine,No,0,,,1000,278,P,TIFF,273.484375,255.0,0.0,250.57419064748203,33.30155546618282,73923ee55e1d8b4e67a44e9e2bd7ba03,1111111111111111100111111000011110000111111111111111111111111111
13-02.tif,..\dataset\genuine\13\13-02.tif,0,13,Human,genuine,No,0,,,950,278,P,TIFF,259.91015625,255.0,0.0,247.97856872396818,41.727263009021726,3197a95b7109e0243029dc4c155c21a7,1111111111111111100000111000000111000011111011111111111111111111
13-03.tif,..\dataset\genuine\13\13-03.tif,0,13,Human,genuine,No,0,,,950,278,P,TIFF,259.91015625,255.0,0.0,248.94411207875805,38.82753715344374,f574d2d5a8956fb9dedc001713319201,1111111111111111100001111000001111000011111111111111111111111111
13-04.tif,..\dataset\genuine\13\13-04.tif,0,13,Human,genuine,No,0,,,1000,278,P,TIFF,273.484375,255.0,0.0,249.71654676258993,36.32307389838681,83153b10765c5dca2dc2bad909bedba4,1111111111111111110111111000001111000011110011111111111111111111
13-05.tif,..\dataset\genuine\13\13-05.tif,0,13,Human,genuine,No,0,,,951,278,P,TIFF,260.181640625,255.0,0.0,248.80194267299095,39.26943727325894,109040649246f1bf511752527b7befeb,1111111111111111110111111000001111000011110011111111111111111111
13-06.tif,..\dataset\genuine\13\13-06.tif,0,13,Human,genuine,No,0,,,949,278,P,TIFF,259.638671875,255.0,0.0,249.19966871602824,38.01895099038082,86443c8236f97d45fab3ac28f31a084e,1111111111111111100111111000001111000011110011111111111111111111
13-07.tif,..\dataset\genuine\13\13-07.tif,0,13,Human,genuine,No,0,,,1000,278,P,TIFF,273.484375,255.0,0.0,248.96255395683454,38.769807663735705,1a6dd374dc1ef7a8527a43ed5f158c5a,1111111111111111110011111100001111000011111011111111111111111111
13-08.tif,..\dataset\genuine\13\13-08.tif,0,13,Human,genuine,No,0,,,950,278,P,TIFF,259.91015625,255.0,0.0,248.79638394547518,39.2866038459914,f66d55946cfcf638de53e73df0ac8ed8,1111111111111111111111111000000111000001111011111111111111111111
13-09.tif,..\dataset\genuine\13\13-09.tif,0,13,Human,genuine,No,0,,,949,278,P,TIFF,259.638671875,255.0,0.0,249.37364965772377,37.45748949284251,4f48a186203bd05098a3fcfcb6813688,1111111111111111100011111000001111000011111111111111111111111111
13-10.tif,..\dataset\genuine\13\13-10.tif,0,13,Human,genuine,No,0,,,1000,278,P,TIFF,273.484375,255.0,0.0,249.2037949640288,38.00574024214821,5ea6e6e612f8f2b7dafdfd7049b2e58d,1111111111111111110111111100001111000011111011111111111111111111
14-01.tif,..\dataset\genuine\14\14-01.tif,0,14,Human,genuine,No,0,,,999,279,P,TIFF,274.189453125,255.0,0.0,250.9625754787045,31.831469588524996,bcd19eda9d29952f885caf5f995591a4,1111111111111111100001111000011111110111111111111111111111111111
14-02.tif,..\dataset\genuine\14\14-02.tif,0,14,Human,genuine,No,0,,,950,279,P,TIFF,260.837890625,255.0,0.0,250.37911714770797,34.014299478305574,513a40d0a3fd0c5b75d14056d17cac15,1111111111111111110000111000001111010011111111111111111111111111
14-03.tif,..\dataset\genuine\14\14-03.tif,0,14,Human,genuine,No,0,,,952,279,P,TIFF,261.3828125,255.0,0.0,249.65821812596005,36.51875879996968,1d5cba0892566a65b7af4cb5d3880fd1,1111111111111111110100111000001111000011111111111111111111111111
14-04.tif,..\dataset\genuine\14\14-04.tif,0,14,Human,genuine,No,0,,,999,278,P,TIFF,273.212890625,255.0,0.0,250.82501566314517,32.36032310847654,fe2bb1d53b84df9231303aeb8e14a540,1111111111111111110101111000001110000011111111111111111111111111
14-05.tif,..\dataset\genuine\14\14-05.tif,0,14,Human,genuine,No,0,,,950,278,P,TIFF,259.91015625,255.0,0.0,250.05834911018553,35.152539927946655,c8497ff408fb956d4ff0ac013b75cba2,1111111111111111110010111100000111000001111111111111111111111111
14-06.tif,..\dataset\genuine\14\14-06.tif,0,14,Human,genuine,No,0,,,951,278,P,TIFF,260.181640625,255.0,0.0,249.86678165354152,35.81369497489047,c9ccb946b5420a631991b64c3a799447,1111111111111111110110111100001111000011111111111111111111111111
14-07.tif,..\dataset\genuine\14\14-07.tif,0,14,Human,genuine,No,0,,,998,278,P,TIFF,272.94140625,255.0,0.0,250.79509738902266,32.47412754534631,a711ba5b2d2eb1a5ee5026b7343c2ec3,1111111111111111110011111100001111000011111111111111111111111111
14-08.tif,..\dataset\genuine\14\14-08.tif,0,14,Human,genuine,No,0,,,951,278,P,TIFF,260.181640625,255.0,0.0,250.48697319746725,33.622231093808594,e1673711d300343a72f0b41148d4a96d,1111111111111111110011111100001111000011111111111111111111111111
14-09.tif,..\dataset\genuine\14\14-09.tif,0,14,Human,genuine,No,0,,,950,278,P,TIFF,259.91015625,255.0,0.0,249.9106209769027,35.66356504962833,5181ab770520b70b0ce636f93b17d9df,1111111111111111110100111000001110000011111111111111111111111111
14-10.tif,..\dataset\genuine\14\14-10.tif,0,14,Human,genuine,No,0,,,999,277,P,TIFF,272.23828125,255.0,0.0,250.5629817543175,33.34295310461446,36385c5d5bb320fb4f56edcbbd8a21e6,1111111111111111110100111100001111000011111111111111111111111111
15-01.tif,..\dataset\genuine\15\15-01.tif,0,15,Human,genuine,No,0,,,1011,298,P,TIFF,296.240234375,255.0,0.0,246.21611933164718,46.50519337487058,005ec7422582f0847eb8d8da741bc3d5,1111111111111111001000111000000110000011110011111110111111111111
15-02.tif,..\dataset\genuine\15\15-02.tif,0,15,Human,genuine,No,0,,,1011,298,P,TIFF,296.240234375,255.0,0.0,245.94188755899867,47.19925075106084,76b16db0222ced629e26cc5c7eca4d87,1111111111111111100010111000000110000001111001111111011111111111
15-03.tif,..\dataset\genuine\15\15-03.tif,0,15,Human,genuine,No,0,,,1068,298,P,TIFF,312.8671875,255.0,0.0,246.29392579745118,46.306081605223994,cd05af94a9cd5b6fca8e83a3436e9236,1111111111111111001000111000000110000001111001111111111111111111
15-04.tif,..\dataset\genuine\15\15-04.tif,0,15,Human,genuine,No,0,,,1010,295,P,TIFF,292.982421875,255.0,0.0,246.69741567377076,45.25733196615005,401b1f4587466471f399858947372060,1111111111111111011111110000000100000001100010111110111111111111
15-05.tif,..\dataset\genuine\15\15-05.tif,0,15,Human,genuine,No,0,,,1012,295,P,TIFF,293.55859375,255.0,0.0,246.02281101359952,46.99567287990005,3139277ef8765efaa54864aac00991f2,1111111111111111001111110000000110000001100011011110111111111111
15-06.tif,..\dataset\genuine\15\15-06.tif,0,15,Human,genuine,No,0,,,1067,295,P,TIFF,309.451171875,255.0,0.0,246.04322272171302,46.944162009246064,9baef55560dd0027aba2e0d7fa937659,1111111101111111000100110000000110000001110010011100111111111111
15-07.tif,..\dataset\genuine\15\15-07.tif,0,15,Human,genuine,No,0,,,1011,298,P,TIFF,296.240234375,255.0,0.0,246.19495947264653,46.559173057377194,bf0b5f60544259d22889fd87bbd73537,1111111111111111000010010000000110000001111001011111111111111111
15-08.tif,..\dataset\genuine\15\15-08.tif,0,15,Human,genuine,No,0,,,1068,298,P,TIFF,312.8671875,255.0,0.0,246.79709297941332,44.993928553319435,cd0f8c156189556d2afe4f742e5a3cb0,1111111111111111000100111000000110001001110011111111111111111111
15-09.tif,..\dataset\genuine\15\15-09.tif,0,15,Human,genuine,No,0,,,1066,297,P,TIFF,311.244140625,255.0,0.0,246.0009570375424,47.05075112244786,d7008d450aec07aabfece03662508f2f,1111111111111111000100110000000100000001101011111110111111111111
15-10.tif,..\dataset\genuine\15\15-10.tif,0,15,Human,genuine,No,0,,,1066,297,P,TIFF,311.244140625,255.0,0.0,246.0009570375424,47.05075112244786,d7008d450aec07aabfece03662508f2f,1111111111111111000100110000000100000001101011111110111111111111
16-01.tif,..\dataset\genuine\16\16-01.tif,0,16,Human,genuine,No,0,,,1009,297,P,TIFF,294.673828125,254.9911996134732,1.4980057134490776,247.91262476098947,41.91717784118038,a767b6d51da6feb3e4f75c76e756ce06,1111111111111111100111111000000110000001100011111111111111111111
16-02.tif,..\dataset\genuine\16\16-02.tif,0,16,Human,genuine,No,0,,,1012,297,P,TIFF,295.54296875,255.0,0.0,247.9344831716373,41.85433386377815,6c0ebe3c864b1d81bc1313f0a98eb168,1111111111011111100111111000000110000001110111111111111111111111
16-03.tif,..\dataset\genuine\16\16-03.tif,0,16,Human,genuine,No,0,,,1068,297,P,TIFF,311.82421875,255.0,0.0,248.2301952105323,40.993535641937086,f1a702fbba515c37529c98584197b7a7,1111111111111111100111111000000110000011101111111111111111111111
16-04.tif,..\dataset\genuine\16\16-04.tif,0,16,Human,genuine,No,0,,,1010,296,P,TIFF,293.96875,255.0,0.0,247.6483643296762,42.668730340887684,903c7a48f4ab4e6416ad7bf68bdeed85,1111111111011111110000011000000010000001110111111111111111111111
16-05.tif,..\dataset\genuine\16\16-05.tif,0,16,Human,genuine,No,0,,,1011,296,P,TIFF,294.2578125,255.0,0.0,246.95008621381024,44.58617390529601,7202e5ee8f03f7fa06d5d4bb611623c2,1111111111011111100111111000000010000001100111111111111111111111
16-06.tif,..\dataset\genuine\16\16-06.tif,0,16,Human,genuine,No,0,,,1068,296,P,TIFF,310.78125,255.0,0.0,247.94839432128757,41.81428350962884,c2611295581704dccaead159d826dc31,1111111110011111100000110000000110000001111111111111111111111111
16-07.tif,..\dataset\genuine\16\16-07.tif,0,16,Human,genuine,No,0,,,1068,296,L,TIFF,309.0078125,255.0,0.0,247.94839432128757,41.81428350962884,7c798ae9e724edda8668edda2c7a84a7,1111111110011111100000110000000110000001111111111111111111111111
16-08.tif,..\dataset\genuine\16\16-08.tif,0,16,Human,genuine,No,0,,,1011,297,P,TIFF,295.25390625,255.0,0.0,247.18695361128596,43.94636657620154,817b23485a428e34bdf3429d5259a07c,1111111111011111100000011000000110011111111111111111111111111111
16-09.tif,..\dataset\genuine\16\16-09.tif,0,16,Human,genuine,No,0,,,1068,297,P,TIFF,311.82421875,255.0,0.0,247.80411795861235,42.22758816461447,3862419c613bfddc22eacb9e2227db9b,1111111110011111100001110000000110000001111111111111111111111111
16-10.tif,..\dataset\genuine\16\16-10.tif,0,16,Human,genuine,No,0,,,1009,297,P,TIFF,294.673828125,255.0,0.0,247.48375729545205,43.129432934668394,37d6c111df81730e1079660b7ab530e1,1111111111011111100000011000000110001001111111111111111111111111
17-01.tif,..\dataset\genuine\17\17-01.tif,0,17,Human,genuine,No,0,,,970,279,P,TIFF,266.287109375,255.0,0.0,250.67886043675867,32.91228253253683,da608bb0a1602fde4277a8cb3c31780c,1111111111111111000001110000011111111111111111111111111111111111
17-02.tif,..\dataset\genuine\17\17-02.tif,0,17,Human,genuine,No,0,,,969,279,P,TIFF,266.015625,255.0,0.0,250.445199019053,33.77466562625672,edf1b3182f97057f936371ea12dc44cd,1111111110000011000000111001011111111111111111111111111111111111
17-03.tif,..\dataset\genuine\17\17-03.tif,0,17,Human,genuine,No,0,,,1022,279,P,TIFF,280.455078125,255.0,0.0,250.63937461860573,33.05970989798125,39003759a9f251699a77af11a5819f1c,1111111111111111100000011000001111111111111111111111111111111111
17-04.tif,..\dataset\genuine\17\17-04.tif,0,17,Human,genuine,No,0,,,970,280,P,TIFF,267.234375,255.0,0.0,250.2389359351988,34.51671487113395,3871a9aa191474ea321bc07adf51e98f,1111111110000011000000111111111111111111111111111111111111111111
17-05.tif,..\dataset\genuine\17\17-05.tif,0,17,Human,genuine,No,0,,,970,280,P,TIFF,267.234375,255.0,0.0,250.15537555228278,34.812481211894024,ecf5e9479bb26077a0955ecd7a8ded7a,1111111111011111000000110001001111111111111111111111111111111111
17-06.tif,..\dataset\genuine\17\17-06.tif,0,17,Human,genuine,No,0,,,1021,280,P,TIFF,281.1796875,255.0,0.0,251.51323982090386,29.613617629782777,96276d8019228279614090e6f545bf8b,1111111111111111100000111001001111111111111111111111111111111111
17-07.tif,..\dataset\genuine\17\17-07.tif,0,17,Human,genuine,No,0,,,970,282,P,TIFF,269.13671875,255.0,0.0,250.91686773415222,32.008229546333475,2e3223e7eec0121a621cef61537bea6b,1111111110000011000000011111001111111111111111111111111111111111
17-08.tif,..\dataset\genuine\17\17-08.tif,0,17,Human,genuine,No,0,,,970,282,P,TIFF,269.13671875,255.0,0.0,250.7453388901075,32.66246227495044,85192cd38acd710d3b73a91834cda1b5,1111111111111111000000110000001111111011111111111111111111111111
17-09.tif,..\dataset\genuine\17\17-09.tif,0,17,Human,genuine,No,0,,,1021,282,P,TIFF,283.181640625,255.0,0.0,251.0907120678517,31.33027115365224,91f6617e46100d99ad7e4d671544956f,1111111111111111110110110001001100010011111111111111111111111111
17-10.tif,..\dataset\genuine\17\17-10.tif,0,17,Human,genuine,No,0,,,970,282,P,TIFF,269.13671875,255.0,0.0,250.46940118447029,33.68644196606106,87808383de3b62eb1bc04bdfce6984dd,1111111110000111100000111111001111111111111111111111111111111111
18-01.tif,..\dataset\genuine\18\18-01.tif,0,18,Human,genuine,No,0,,,1009,297,P,TIFF,294.673828125,255.0,0.0,249.3540959646014,37.52105137985487,f133ac87ed885980229fcfd9fc7d9902,1111111111111111101111111000001110000011101101111111111111111111
18-02.tif,..\dataset\genuine\18\18-02.tif,0,18,Human,genuine,No,0,,,1011,297,P,TIFF,295.25390625,255.0,0.0,249.6591033979758,36.515797362274,d9c6db155cfef52f2e8efce4dd142fe3,1111111111111111101111111000001110000011111100111111111111111111
18-03.tif,..\dataset\genuine\18\18-03.tif,0,18,Human,genuine,No,0,,,1068,297,P,TIFF,311.82421875,255.0,0.0,248.65627246245225,39.71659153306131,f8218bceee618937b6d711d5a153ab8a,1111111111111111100110111000000110000001111100111111111111111111
18-04.tif,..\dataset\genuine\18\18-04.tif,0,18,Human,genuine,No,0,,,1067,298,L,TIFF,310.802734375,255.0,0.0,249.0253045923149,38.57266316635509,69b4d8c2d5c528b9c895f02db0da8ce0,1111111111111111100000111000000111000001111110111111111111111111
18-05.tif,..\dataset\genuine\18\18-05.tif,0,18,Human,genuine,No,0,,,1011,296,P,TIFF,294.2578125,255.0,0.0,249.94185580238994,35.55618016135524,5c7f8bab771e7e8c47806867bc001626,1111111111111111100100111000001110000001111110111111111111111111
18-06.tif,..\dataset\genuine\18\18-06.tif,0,18,Human,genuine,No,0,,,1067,296,P,TIFF,310.4921875,255.0,0.0,249.20293067200285,38.00850780872187,ff9d578642dc5bea85ee5d6e091c20c7,1111111111111111111110111000000110000001110110011111111111111111
18-07.tif,..\dataset\genuine\18\18-07.tif,0,18,Human,genuine,No,0,,,1009,298,P,TIFF,295.658203125,255.0,0.0,249.14745478611957,38.185687686082055,aa5ee0c53ea626557d65781779129b6f,1111111110111111100100111000001110000011111110111111111111111111
18-08.tif,..\dataset\genuine\18\18-08.tif,0,18,Human,genuine,No,0,,,1011,298,P,TIFF,296.240234375,255.0,0.0,249.945332881923,35.544204245348695,43e9c6b8f7ba993b9117595450813385,1111111111111111100000011000000111111001111111111111111111111111
18-09.tif,..\dataset\genuine\18\18-09.tif,0,18,Human,genuine,No,0,,,1067,298,P,TIFF,312.576171875,255.0,0.0,249.0253045923149,38.57266316635509,09674ec5a37b9171cc4435a13cec6b5b,1111111111111111100000111000000111000001111110111111111111111111
18-10.tif,..\dataset\genuine\18\18-10.tif,0,18,Human,genuine,No,0,,,1009,296,P,TIFF,293.6796875,255.0,0.0,249.32136112822437,37.627197249685594,469f16881fe2d14b6fa994ddfa977100,1111111111111111100110111000001111000001111100111111111111111111
19-01.tif,..\dataset\genuine\19\19-01.tif,0,19,Human,genuine,No,0,,,1049,289,P,TIFF,298.111328125,255.0,0.0,249.51073851847698,37.008508294388704,564d84709921688b8de7f3207ebf1292,1111111111111001100000011000001111101111111111111111111111111111
19-02.tif,..\dataset\genuine\19\19-02.tif,0,19,Human,genuine,No,0,,,999,289,P,TIFF,283.9609375,255.0,0.0,249.3764352587882,37.4484249149468,ed016d579e3673c69883e2cb8270f12c,1111111111111111000000110000001111000011111111111111111111111111
19-03.tif,..\dataset\genuine\19\19-03.tif,0,19,Human,genuine,No,0,,,1001,289,P,TIFF,284.525390625,255.0,0.0,248.85614385614386,39.10161567463572,78d8d359b30deb001a9737eb5dabd696,1111111111111111000000110000001111000011111111111111111111111111
19-04.tif,..\dataset\genuine\19\19-04.tif,0,19,Human,genuine,No,0,,,1049,289,P,TIFF,298.111328125,255.0,0.0,249.14316155442157,38.19936186698531,8a9fdc126f7206ba5e4130befa77f512,1111111110001011100000011000001111111111111111111111111111111111
19-05.tif,..\dataset\genuine\19\19-05.tif,0,19,Human,genuine,No,0,,,999,289,P,TIFF,283.9609375,255.0,0.0,249.06376965200494,38.45126666306692,76d7169fd208bf25808b8f7ebc7b2622,1111111111101001000000010000001111111111111111111111111111111111
19-06.tif,..\dataset\genuine\19\19-06.tif,0,19,Human,genuine,No,0,,,1000,289,P,TIFF,284.2421875,255.0,0.0,248.06117647058824,41.48798293515463,1cf3769c6fa83fa6906fcab5758ea5be,1111111111111011000000010000001111111111111111111111111111111111
19-07.tif,..\dataset\genuine\19\19-07.tif,0,19,Human,genuine,No,0,,,1050,290,P,TIFF,299.41796875,255.0,0.0,249.02822660098522,38.56345600720438,af0cc857a53eb7001bd73c147183276b,1111111110001001000000011010001111111111111111111111111111111111
19-08.tif,..\dataset\genuine\19\19-08.tif,0,19,Human,genuine,No,0,,,998,290,P,TIFF,284.65234375,255.0,0.0,249.52942091078708,36.94685957125394,b34781ac5a390b72f2223ef68ac4f998,1111111111111111000000110000001111111111111111111111111111111111
19-09.tif,..\dataset\genuine\19\19-09.tif,0,19,Human,genuine,No,0,,,1000,290,P,TIFF,285.21875,255.0,0.0,248.70325862068967,39.572971833389246,294242c2543d8da42be3f4200adb28e3,1111111110111001000000010000001111111111111111111111111111111111
19-10.tif,..\dataset\genuine\19\19-10.tif,0,19,Human,genuine,No,0,,,1049,290,P,TIFF,299.134765625,255.0,0.0,249.35866671049604,37.506204120655084,4fd41530755a4b6b84eb3aecb6ccc066,1111111111111011000000111000001111111111111111111111111111111111
2-01.tif,..\dataset\genuine\2\2-01.tif,0,2,Human,genuine,No,0,,,1074,304,L,TIFF,319.1328125,254.99604307615914,1.0044898815675087,251.46666421640694,29.807988242358984,757e93016622ab9da2a86bad4af6b083,1111111110111111000001110000111110001111111111111111111111111111
2-02.tif,..\dataset\genuine\2\2-02.tif,0,2,Human,genuine,No,0,,,1037,304,L,TIFF,308.1484375,255.0,0.0,251.7943809318378,28.41050630965943,2edebb22198ade61400b113ba393af73,1111111111111111100001111000011110001111111111111111111111111111
2-03.tif,..\dataset\genuine\2\2-03.tif,0,2,Human,genuine,No,0,,,1041,304,L,TIFF,309.3359375,255.0,0.0,252.0967787805248,27.053515806951324,a40f6c23fb388e7221b95fc0cae62251,1111111111111111000001110000111111111111111111111111111111111111
2-04.tif,..\dataset\genuine\2\2-04.tif,0,2,Human,genuine,No,0,,,1043,303,L,TIFF,308.9111328125,255.0,0.0,252.35744188033377,25.823810855469716,2c7944664534a121677d3f8d5bd1507c,1111111110111111000011110000111111111111111111111111111111111111
2-05.tif,..\dataset\genuine\2\2-05.tif,0,2,Human,genuine,No,0,,,1075,302,L,TIFF,317.330078125,255.0,0.0,251.46620976436162,29.80987817248326,53a251310158c7f9f89927e4815f52f4,1111111110111111001001110000011100001111111111111111111111111111
2-06.tif,..\dataset\genuine\2\2-06.tif,0,2,Human,genuine,No,0,,,1037,303,L,TIFF,307.1357421875,254.99588815789474,1.0239642716406694,252.00697938646323,27.463832290101443,9170990879ddfaa31cdf40a7295301a5,1111111111111111000011110000111100001111111111111111111111111111
2-07.tif,..\dataset\genuine\2\2-07.tif,0,2,Human,genuine,No,0,,,1070,303,L,TIFF,316.900390625,255.0,0.0,252.4304154714537,25.468437135599135,e07bd400c8743232625ce41a2e89b927,1111111111111111101111111000111110001111111111111111111111111111
2-08.tif,..\dataset\genuine\2\2-08.tif,0,2,Human,genuine,No,0,,,1043,304,L,TIFF,309.9296875,255.0,0.0,252.1554252661856,26.781989315702766,d18324279b5fc02f6fc6056db6c16a34,1111111110111111000011110000111110111111111111111111111111111111
2-09.tif,..\dataset\genuine\2\2-09.tif,0,2,Human,genuine,No,0,,,1037,304,L,TIFF,308.1484375,255.0,0.0,251.80085202761,28.382180769105833,fff205e421cd499cf69afec82801d505,1111111111111111000011110000111111111111111111111111111111111111
2-10.tif,..\dataset\genuine\2\2-10.tif,0,2,Human,genuine,No,0,,,1070,304,L,TIFF,317.9453125,255.0,0.0,252.3118697737334,26.04317883025448,c7af511b3c84a694fa4227c9dd5e26b5,1111111111111111101111110000111100001111111111111111111111111111
B-S-2-G-01.tif,..\dataset\genuine\2\B-S-2-G-01.tif,0,2,Human,genuine,No,0,,,1074,304,L,TIFF,319.1328125,254.99604307615914,1.0044898815675087,251.46666421640694,29.807988242358984,757e93016622ab9da2a86bad4af6b083,1111111110111111000001110000111110001111111111111111111111111111
B-S-2-G-02.tif,..\dataset\genuine\2\B-S-2-G-02.tif,0,2,Human,genuine,No,0,,,1037,304,L,TIFF,308.1484375,255.0,0.0,251.7943809318378,28.41050630965943,2edebb22198ade61400b113ba393af73,1111111111111111100001111000011110001111111111111111111111111111
B-S-2-G-03.tif,..\dataset\genuine\2\B-S-2-G-03.tif,0,2,Human,genuine,No,0,,,1041,304,L,TIFF,309.3359375,255.0,0.0,252.0967787805248,27.053515806951324,a40f6c23fb388e7221b95fc0cae62251,1111111111111111000001110000111111111111111111111111111111111111
B-S-2-G-04.tif,..\dataset\genuine\2\B-S-2-G-04.tif,0,2,Human,genuine,No,0,,,1043,303,L,TIFF,308.9111328125,255.0,0.0,252.35744188033377,25.823810855469716,2c7944664534a121677d3f8d5bd1507c,1111111110111111000011110000111111111111111111111111111111111111
B-S-2-G-05.tif,..\dataset\genuine\2\B-S-2-G-05.tif,0,2,Human,genuine,No,0,,,1075,302,L,TIFF,317.330078125,255.0,0.0,251.46620976436162,29.80987817248326,53a251310158c7f9f89927e4815f52f4,1111111110111111001001110000011100001111111111111111111111111111
B-S-2-G-06.tif,..\dataset\genuine\2\B-S-2-G-06.tif,0,2,Human,genuine,No,0,,,1037,303,L,TIFF,307.1357421875,254.99588815789474,1.0239642716406694,252.00697938646323,27.463832290101443,9170990879ddfaa31cdf40a7295301a5,1111111111111111000011110000111100001111111111111111111111111111
B-S-2-G-07.tif,..\dataset\genuine\2\B-S-2-G-07.tif,0,2,Human,genuine,No,0,,,1070,303,L,TIFF,316.900390625,255.0,0.0,252.4304154714537,25.468437135599135,e07bd400c8743232625ce41a2e89b927,1111111111111111101111111000111110001111111111111111111111111111
B-S-2-G-08.tif,..\dataset\genuine\2\B-S-2-G-08.tif,0,2,Human,genuine,No,0,,,1043,304,L,TIFF,309.9296875,255.0,0.0,252.1554252661856,26.781989315702766,d18324279b5fc02f6fc6056db6c16a34,1111111110111111000011110000111110111111111111111111111111111111
B-S-2-G-09.tif,..\dataset\genuine\2\B-S-2-G-09.tif,0,2,Human,genuine,No,0,,,1037,304,L,TIFF,308.1484375,255.0,0.0,251.80085202761,28.382180769105833,fff205e421cd499cf69afec82801d505,1111111111111111000011110000111111111111111111111111111111111111
B-S-2-G-10.tif,..\dataset\genuine\2\B-S-2-G-10.tif,0,2,Human,genuine,No,0,,,1070,304,L,TIFF,317.9453125,255.0,0.0,252.3118697737334,26.04317883025448,c7af511b3c84a694fa4227c9dd5e26b5,1111111111111111101111110000111100001111111111111111111111111111
20-01.tif,..\dataset\genuine\20\20-01.tif,0,20,Human,genuine,No,0,,,1000,289,P,TIFF,284.2421875,254.99551845342705,1.0690062169317505,251.47588235294117,29.76962537234368,ed46a9b66247365966886f94bff16480,1111111110111111000011110000111111111111111111111111111111111111
20-02.tif,..\dataset\genuine\20\20-02.tif,0,20,Human,genuine,No,0,,,998,289,P,TIFF,283.677734375,255.0,0.0,252.00017682423672,27.494653493612038,1f971bebc6c1d8f6706f6a53c1dd1fd3,1111111111111111000011110000111111111111111111111111111111111111
20-03.tif,..\dataset\genuine\20\20-03.tif,0,20,Human,genuine,No,0,,,1051,289,P,TIFF,298.67578125,255.0,0.0,251.97850786365925,27.592591035220302,7513309fbe0ca3d704ec7cc4ad5597df,1011111110111111000011110000111111111111111111111111111111111111
20-04.tif,..\dataset\genuine\20\20-04.tif,0,20,Human,genuine,No,0,,,1000,289,P,TIFF,284.2421875,255.0,0.0,250.9279411764706,31.965502294469207,2f6842bb5510492a5de19977621cf4ec,1011111100101111000001110000011111111111111111111111111111111111
20-05.tif,..\dataset\genuine\20\20-05.tif,0,20,Human,genuine,No,0,,,998,289,P,TIFF,283.677734375,255.0,0.0,252.13014263821762,26.8993967586177,793e3636fc7533edc4db4f9f152f9921,1111111100111111000001110000011111111111111111111111111111111111
20-06.tif,..\dataset\genuine\20\20-06.tif,0,20,Human,genuine,No,0,,,1052,289,P,TIFF,298.95703125,255.0,0.0,251.87821516439274,28.041212393903738,ce28cb6e743be5fed22657fc3cd1fa6a,1111111110111111000011110000111101101111111111111111111111111111
20-07.tif,..\dataset\genuine\20\20-07.tif,0,20,Human,genuine,No,0,,,998,289,P,TIFF,283.677734375,255.0,0.0,252.13014263821762,26.8993967586177,793e3636fc7533edc4db4f9f152f9921,1111111100111111000001110000011111111111111111111111111111111111
20-08.tif,..\dataset\genuine\20\20-08.tif,0,20,Human,genuine,No,0,,,1000,289,P,TIFF,284.2421875,254.99551845342705,1.0690062169317505,251.47588235294117,29.76962537234368,ed46a9b66247365966886f94bff16480,1111111110111111000011110000111111111111111111111111111111111111
20-09.tif,..\dataset\genuine\20\20-09.tif,0,20,Human,genuine,No,0,,,1052,289,P,TIFF,298.95703125,255.0,0.0,251.87821516439274,28.041212393903738,ce28cb6e743be5fed22657fc3cd1fa6a,1111111110111111000011110000111101101111111111111111111111111111
20-10.tif,..\dataset\genuine\20\20-10.tif,0,20,Human,genuine,No,0,,,1000,289,P,TIFF,284.2421875,254.99551845342705,1.0690062169317505,251.47588235294117,29.76962537234368,ed46a9b66247365966886f94bff16480,1111111110111111000011110000111111111111111111111111111111111111
21-01.tif,..\dataset\genuine\21\21-01.tif,0,21,Human,genuine,No,0,,,999,292,P,TIFF,286.88671875,255.0,0.0,250.80577152494962,32.433573787619004,21c4cb3ea53a6ebcacb9fba003e0b625,1111111111111111111111111100001111000011111100111111111111111111
21-02.tif,..\dataset\genuine\21\21-02.tif,0,21,Human,genuine,No,0,,,999,292,P,TIFF,286.88671875,255.0,0.0,251.33289111028836,30.35893738699468,66d10dff4282a79020b3d89024fbe099,1111111111111111111000111100001111000011111110111111111111111111
21-03.tif,..\dataset\genuine\21\21-03.tif,0,21,Human,genuine,No,0,,,1052,292,P,TIFF,302.0390625,255.0,0.0,251.57657950934944,29.34710236565248,22a13e0b933d55b19b87d6cb4151259f,1111111111111111111000111100001111100011111110111111111111111111
21-04.tif,..\dataset\genuine\21\21-04.tif,0,21,Human,genuine,No,0,,,999,291,P,TIFF,285.912109375,255.0,0.0,250.8659174638556,32.20404335329906,d3999c5bbf9bf874ba9bd2a02ece8457,1111111111111111110000111100001111110011111100111111111111111111
21-05.tif,..\dataset\genuine\21\21-05.tif,0,21,Human,genuine,No,0,,,999,291,P,TIFF,285.912109375,255.0,0.0,250.9378450615564,31.927236124650626,2473bdf61e43a903708fb5f3f34b5269,1111111111111111110010111100001111000011111100111111111111111111
21-06.tif,..\dataset\genuine\21\21-06.tif,0,21,Human,genuine,No,0,,,1052,291,P,TIFF,301.01171875,255.0,0.0,251.4598604523539,29.83626981767243,3c0d2d50ce63f5c3861ebc68fa9538c7,1111111111111111110000111100001111000011111111111111111111111111
21-07.tif,..\dataset\genuine\21\21-07.tif,0,21,Human,genuine,No,0,,,1000,292,P,TIFF,287.171875,255.0,0.0,251.6264897260274,29.135280130700906,62e731168f444fc2724f98fa335b48fc,1111111111111111110001111100011111000111111101111111111111111111
21-08.tif,..\dataset\genuine\21\21-08.tif,0,21,Human,genuine,No,0,,,999,292,P,TIFF,286.88671875,255.0,0.0,250.88007528076022,32.14975931035787,6c4e5649b70a68201b189296af69e667,1111111111111111110001111100011111000111111101111111111111111111
21-09.tif,..\dataset\genuine\21\21-09.tif,0,21,Human,genuine,No,0,,,1052,292,P,TIFF,302.0390625,255.0,0.0,251.9335316943591,27.794715146389503,6c0754fa05a27b8d41a64b3b8bbbf697,1111111111111111111000111110001111110011111110111111111111111111
21-10.tif,..\dataset\genuine\21\21-10.tif,0,21,Human,genuine,No,0,,,1000,290,P,TIFF,285.21875,255.0,0.0,251.3341551724138,30.3537808639145,0ece4f4c7ad88b82774824a7539cce54,1111111111111111110000111100001111110011111100111111111111111111
22-01.tif,..\dataset\genuine\22\22-01.tif,0,22,Human,genuine,No,0,,,1050,289,P,TIFF,298.392578125,255.0,0.0,251.19663865546218,30.909409333405556,fd9ddfb0ee8ca701a7260b3a1c9d7b8a,1111111111111111100011111000011110010111111111111111111111111111
22-02.tif,..\dataset\genuine\22\22-02.tif,0,22,Human,genuine,No,0,,,999,289,P,TIFF,283.9609375,255.0,0.0,250.88058646882178,32.14779747680385,d8c8a0a0f03cbc8789392cca231db82b,1111111111111111110111111000011100000011111111111111111111111111
22-03.tif,..\dataset\genuine\22\22-03.tif,0,22,Human,genuine,No,0,,,1001,289,P,TIFF,284.525390625,255.0,0.0,250.9205500381971,31.994028009440868,aba0338b5360fea2b6061ccff66715dd,1111111111111111111111111100001110000011100111111111111111111111
22-04.tif,..\dataset\genuine\22\22-04.tif,0,22,Human,genuine,No,0,,,1049,290,P,TIFF,299.134765625,255.0,0.0,251.11644916340686,31.22856859080877,dada6dfbe1370e44ecb26eafeca7679c,1111111111111111110001111000001110011111111111111111111111111111
22-05.tif,..\dataset\genuine\22\22-05.tif,0,22,Human,genuine,No,0,,,999,290,P,TIFF,284.935546875,255.0,0.0,250.57704255980119,33.29101372341925,3721e0896849ee501d4acf47079be410,1111111111111111100011111000001110000111111111111111111111111111
22-06.tif,..\dataset\genuine\22\22-06.tif,0,22,Human,genuine,No,0,,,1001,290,P,TIFF,285.501953125,255.0,0.0,250.99347204519617,31.711391679053584,de9d2ecd605e00465bd13f97da9b3d7b,1111111111111111111011111100001110000011110111111111111111111111
22-07.tif,..\dataset\genuine\22\22-07.tif,0,22,Human,genuine,No,0,,,1049,290,P,TIFF,299.134765625,255.0,0.0,250.88090463824332,32.1465763441258,a51dcdb543e7db628b03b396891ac98e,1111111111111111110011111000001110000011111111111111111111111111
22-08.tif,..\dataset\genuine\22\22-08.tif,0,22,Human,genuine,No,0,,,999,290,P,TIFF,284.935546875,255.0,0.0,250.8921507714611,32.103381877817924,8bf1016a42a062360bbb385f6ad4385b,1111111111111111110001111000001110011111111111111111111111111111
22-09.tif,..\dataset\genuine\22\22-09.tif,0,22,Human,genuine,No,0,,,1001,290,P,TIFF,285.501953125,255.0,0.0,250.57358159082298,33.30380630509134,aa67b3166d8990bb54a0fb0edbac110c,1111111111111111111011111100001110000001110111111111111111111111
22-10.tif,..\dataset\genuine\22\22-10.tif,0,22,Human,genuine,No,0,,,1050,291,P,TIFF,300.443359375,255.0,0.0,251.0617083946981,31.444462447044582,1f7589e65582fba99dac904b859250fc,1111111111111111110011111000001110000011101111111111111111111111
23-01.tif,..\dataset\genuine\23\23-01.tif,0,23,Human,genuine,No,0,,,1011,297,P,TIFF,295.25390625,255.0,0.0,250.7818041942671,32.524556178469005,ec56b9c8420b5e70a5152ef5a9c1b975,1111111111111111100000111000001111001111111111111111111111111111
23-02.tif,..\dataset\genuine\23\23-02.tif,0,23,Human,genuine,No,0,,,1011,297,P,TIFF,295.25390625,255.0,0.0,250.66206076591834,32.97509344781665,f268c43daf178372e5f65a47a3e3c2db,1111111111111111000000110000001110000111111111111111111111111111
23-03.tif,..\dataset\genuine\23\23-03.tif,0,23,Human,genuine,No,0,,,1067,297,P,TIFF,311.53515625,255.0,0.0,250.61855670103094,33.13715431136223,64c8de17b3003df6dbf9e7e4871182e8,1111111111111111100001111000001110000111110111111111111111111111
23-04.tif,..\dataset\genuine\23\23-04.tif,0,23,Human,genuine,No,0,,,1010,296,P,TIFF,293.96875,255.0,0.0,251.00560275622158,31.66411356445014,7f0e05b30d956c21e6b8dc381d2c4f3c,1111111111111111100101111000001111000011111111111111111111111111
23-05.tif,..\dataset\genuine\23\23-05.tif,0,23,Human,genuine,No,0,,,1011,296,P,TIFF,294.2578125,255.0,0.0,250.77607466516963,32.54626576348698,b0d3e53fd9c6b801b7ef97d838f7f235,1111111111111111100000111000001111011111111111111111111111111111
23-06.tif,..\dataset\genuine\23\23-06.tif,0,23,Human,genuine,No,0,,,1067,296,P,TIFF,310.4921875,255.0,0.0,250.42532105676435,33.84694141412789,8e9483ae2fadce3e7975a633ec0e3709,1111111111111111100000111000001111000011111111111111111111111111
23-07.tif,..\dataset\genuine\23\23-07.tif,0,23,Human,genuine,No,0,,,1011,298,P,TIFF,296.240234375,255.0,0.0,250.47432935693945,33.66844693791182,fa880464eb6a4d657c2bca0f21c4567f,1111111111111111100000111000001111010111111111111111111111111111
23-08.tif,..\dataset\genuine\23\23-08.tif,0,23,Human,genuine,No,0,,,1067,298,P,TIFF,312.576171875,255.0,0.0,250.03097815489707,35.24782819414749,360ab603dbcd1b1ace837c005f1179e6,1111111111111111100100111000001110000011111111111111111111111111
23-09.tif,..\dataset\genuine\23\23-09.tif,0,23,Human,genuine,No,0,,,1010,296,P,TIFF,293.96875,255.0,0.0,250.6874498260637,32.88011869429673,c743e6d47ffbacb64fb2947decc88874,1111111111111111100000111000001111000011111111111111111111111111
23-10.tif,..\dataset\genuine\23\23-10.tif,0,23,Human,genuine,No,0,,,1066,296,P,TIFF,310.203125,255.0,0.0,250.85177285634603,32.25817932240466,ce02ee22996120790e8350aac60fd4f5,1111111111111111100000111000001111010011111111111111111111111111
25-01.tif,..\dataset\genuine\24\25-01.tif,0,24,Human,genuine,No,0,,,1050,290,P,TIFF,299.41796875,255.0,0.0,248.2996551724138,40.788396759690386,217637b267b65bcce6ac0c3a6c153ecd,1111111111111111101111110000001100000011111111111111111111111111
25-02.tif,..\dataset\genuine\24\25-02.tif,0,24,Human,genuine,No,0,,,999,290,P,TIFF,284.935546875,255.0,0.0,247.6046391218805,42.79165410921681,1b1f50197a8f10618d57cf9d9a767f65,1111111111111111101000010000000100000111111111111111111111111111
25-03.tif,..\dataset\genuine\24\25-03.tif,0,24,Human,genuine,No,0,,,1002,290,P,TIFF,285.78515625,255.0,0.0,247.0633904604584,44.28143698661965,ca9af9574296fbcd1c978240b7199c26,1111111111111111111111110000000110000001111111111111111111111111
25-04.tif,..\dataset\genuine\24\25-04.tif,0,24,Human,genuine,No,0,,,1050,290,P,TIFF,299.41796875,255.0,0.0,248.48137931034483,40.24619062925669,381311fe17b94f9c9bc3d6440b0ab2dc,1111111111111111000000010000000111111111111111111111111111111111
25-05.tif,..\dataset\genuine\24\25-05.tif,0,24,Human,genuine,No,0,,,999,290,P,TIFF,284.935546875,255.0,0.0,247.35554520037277,43.484460267104566,78dce2d6d47ebf0f79881c4c094cec54,1111111111111111000000010000000111111111111111111111111111111111
25-06.tif,..\dataset\genuine\24\25-06.tif,0,24,Human,genuine,No,0,,,1001,290,P,TIFF,285.501953125,255.0,0.0,247.15296772193324,44.03881600740422,7ec4de8505d64dae894b13fc8b0ed33d,1111111111111111000000010000000111011111111111111111111111111111
25-07.tif,..\dataset\genuine\24\25-07.tif,0,24,Human,genuine,No,0,,,1051,290,P,TIFF,299.701171875,255.0,0.0,248.69004888611832,39.61340746490074,85f186a0cdb0824137008ef08e991510,1111111111111111000000010000000111101111111111111111111111111111
25-08.tif,..\dataset\genuine\24\25-08.tif,0,24,Human,genuine,No,0,,,999,290,P,TIFF,284.935546875,255.0,0.0,247.90478409443926,41.93969440960991,bf607239d02b426669f88d4c25372ef0,1111111111111111001000010000000000001111111111111111111111111111
25-09.tif,..\dataset\genuine\24\25-09.tif,0,24,Human,genuine,No,0,,,1001,290,P,TIFF,285.501953125,255.0,0.0,247.0370147094285,44.35258858688942,2bb095e338163b21c58ab95beefcc59d,1111111111111111000000010000000111001111111111111111111111111111
25-10.tif,..\dataset\genuine\24\25-10.tif,0,24,Human,genuine,No,0,,,1050,291,P,TIFF,300.443359375,255.0,0.0,248.3911143838979,40.516520865189264,105d34d997f46eaa50801c12b1941574,1111111111111111000000010000000110001111111111111111111111111111
25-01.tif,..\dataset\genuine\25\25-01.tif,0,25,Human,genuine,No,0,,,1050,290,P,TIFF,299.41796875,255.0,0.0,248.2996551724138,40.788396759690386,217637b267b65bcce6ac0c3a6c153ecd,1111111111111111101111110000001100000011111111111111111111111111
25-02.tif,..\dataset\genuine\25\25-02.tif,0,25,Human,genuine,No,0,,,999,290,P,TIFF,284.935546875,255.0,0.0,247.6046391218805,42.79165410921681,1b1f50197a8f10618d57cf9d9a767f65,1111111111111111101000010000000100000111111111111111111111111111
25-03.tif,..\dataset\genuine\25\25-03.tif,0,25,Human,genuine,No,0,,,1002,290,P,TIFF,285.78515625,255.0,0.0,247.0633904604584,44.28143698661965,ca9af9574296fbcd1c978240b7199c26,1111111111111111111111110000000110000001111111111111111111111111
25-04.tif,..\dataset\genuine\25\25-04.tif,0,25,Human,genuine,No,0,,,1050,290,P,TIFF,299.41796875,255.0,0.0,248.48137931034483,40.24619062925669,381311fe17b94f9c9bc3d6440b0ab2dc,1111111111111111000000010000000111111111111111111111111111111111
25-05.tif,..\dataset\genuine\25\25-05.tif,0,25,Human,genuine,No,0,,,999,290,P,TIFF,284.935546875,255.0,0.0,247.35554520037277,43.484460267104566,78dce2d6d47ebf0f79881c4c094cec54,1111111111111111000000010000000111111111111111111111111111111111
25-06.tif,..\dataset\genuine\25\25-06.tif,0,25,Human,genuine,No,0,,,1001,290,P,TIFF,285.501953125,255.0,0.0,247.15296772193324,44.03881600740422,7ec4de8505d64dae894b13fc8b0ed33d,1111111111111111000000010000000111011111111111111111111111111111
25-07.tif,..\dataset\genuine\25\25-07.tif,0,25,Human,genuine,No,0,,,1051,290,P,TIFF,299.701171875,255.0,0.0,248.69004888611832,39.61340746490074,85f186a0cdb0824137008ef08e991510,1111111111111111000000010000000111101111111111111111111111111111
25-08.tif,..\dataset\genuine\25\25-08.tif,0,25,Human,genuine,No,0,,,999,290,P,TIFF,284.935546875,255.0,0.0,247.90478409443926,41.93969440960991,bf607239d02b426669f88d4c25372ef0,1111111111111111001000010000000000001111111111111111111111111111
25-09.tif,..\dataset\genuine\25\25-09.tif,0,25,Human,genuine,No,0,,,1001,290,P,TIFF,285.501953125,255.0,0.0,247.0370147094285,44.35258858688942,2bb095e338163b21c58ab95beefcc59d,1111111111111111000000010000000111001111111111111111111111111111
25-10.tif,..\dataset\genuine\25\25-10.tif,0,25,Human,genuine,No,0,,,1050,291,P,TIFF,300.443359375,255.0,0.0,248.3911143838979,40.516520865189264,105d34d997f46eaa50801c12b1941574,1111111111111111000000010000000110001111111111111111111111111111
26-01.tif,..\dataset\genuine\25\26-01.tif,0,25,Human,genuine,No,0,,,1050,290,L,TIFF,297.65234375,255.0,0.0,249.62699507389164,36.6230402099778,a19feea77d6724a775bb9e376e1e5cc9,1111111111101111000000110000001110111111111111111111111111111111
26-02.tif,..\dataset\genuine\25\26-02.tif,0,25,Human,genuine,No,0,,,999,290,L,TIFF,283.208984375,255.0,0.0,248.2841462151807,40.83429959078337,a39e8a19741374fd286e52814399bf67,1111111111111001000000001000011111111111111111111111111111111111
26-03.tif,..\dataset\genuine\25\26-03.tif,0,25,Human,genuine,No,0,,,1001,290,L,TIFF,283.775390625,254.9463421477169,3.6986312558940044,247.85922697991663,42.0702564859891,3b89f60aff5c5fbffcba43fed56f0485,1111111111111111000000001000000011111111111111111111111111111111
26-04.tif,..\dataset\genuine\25\26-04.tif,0,25,Human,genuine,No,0,,,1050,289,L,TIFF,296.626953125,254.88420008073197,5.432823372064032,249.48655462184874,37.08814489147056,9ebbe4c76d91e6a7559a1abb066cc60c,1111111111111111000000010000000111111111111111111111111111111111
26-05.tif,..\dataset\genuine\25\26-05.tif,0,25,Human,genuine,No,0,,,999,289,L,TIFF,282.2333984375,254.88222545919635,5.478926634156201,247.89348171701113,41.97212837176246,9f46a851b9f49c1bcf692cef35cb0102,1111111111111101000000000000000111111111111111111111111111111111
26-06.tif,..\dataset\genuine\25\26-06.tif,0,25,Human,genuine,No,0,,,1001,289,L,TIFF,282.7978515625,254.6506112984823,9.432499479049389,247.54804019509902,42.95018096953598,22198a383ca39ada0c7e6b52a33f6916,1111111111111101000000000000000111111111111111111111111111111111
26-07.tif,..\dataset\genuine\25\26-07.tif,0,25,Human,genuine,No,0,,,1050,290,L,TIFF,297.65234375,254.91437206178642,4.672022270993222,249.4863054187192,37.08896453516808,73d23b970925ee7a32bd0bc64e66a346,1111111111111111000000010000000110111111111111111111111111111111
26-08.tif,..\dataset\genuine\25\26-08.tif,0,25,Human,genuine,No,0,,,999,290,L,TIFF,283.208984375,254.84173286991063,6.350832204390521,247.83788961375168,42.131251148150284,0bfa1476e60deb19fcdaccc22a2852fe,1111111101000000000000001011111111111111111111111111111111111111
26-09.tif,..\dataset\genuine\25\26-09.tif,0,25,Human,genuine,No,0,,,1001,290,L,TIFF,283.775390625,254.61098057094762,9.952317232292213,248.1429604877881,41.24955860057179,d02077cb61f1226da1f833dc6380a237,1111111111111001000000010000000111111111111111111111111111111111
26-10.tif,..\dataset\genuine\25\26-10.tif,0,25,Human,genuine,No,0,,,1050,291,L,TIFF,298.677734375,254.72219428801287,8.412091329931275,249.99680903289152,35.366393324161706,1b213b572ff2ca16ff03c0f9567cd1dc,1111111100000001000000011111111111111111111111111111111111111111
26-01.tif,..\dataset\genuine\26\26-01.tif,0,26,Human,genuine,No,0,,,1050,290,L,TIFF,297.65234375,255.0,0.0,249.62699507389164,36.6230402099778,a19feea77d6724a775bb9e376e1e5cc9,1111111111101111000000110000001110111111111111111111111111111111
26-02.tif,..\dataset\genuine\26\26-02.tif,0,26,Human,genuine,No,0,,,999,290,L,TIFF,283.208984375,255.0,0.0,248.2841462151807,40.83429959078337,a39e8a19741374fd286e52814399bf67,1111111111111001000000001000011111111111111111111111111111111111
26-03.tif,..\dataset\genuine\26\26-03.tif,0,26,Human,genuine,No,0,,,1001,290,L,TIFF,283.775390625,254.9463421477169,3.6986312558940044,247.85922697991663,42.0702564859891,3b89f60aff5c5fbffcba43fed56f0485,1111111111111111000000001000000011111111111111111111111111111111
26-04.tif,..\dataset\genuine\26\26-04.tif,0,26,Human,genuine,No,0,,,1050,289,L,TIFF,296.626953125,254.88420008073197,5.432823372064032,249.48655462184874,37.08814489147056,9ebbe4c76d91e6a7559a1abb066cc60c,1111111111111111000000010000000111111111111111111111111111111111
26-05.tif,..\dataset\genuine\26\26-05.tif,0,26,Human,genuine,No,0,,,999,289,L,TIFF,282.2333984375,254.88222545919635,5.478926634156201,247.89348171701113,41.97212837176246,9f46a851b9f49c1bcf692cef35cb0102,1111111111111101000000000000000111111111111111111111111111111111
26-06.tif,..\dataset\genuine\26\26-06.tif,0,26,Human,genuine,No,0,,,1001,289,L,TIFF,282.7978515625,254.6506112984823,9.432499479049389,247.54804019509902,42.95018096953598,22198a383ca39ada0c7e6b52a33f6916,1111111111111101000000000000000111111111111111111111111111111111
26-07.tif,..\dataset\genuine\26\26-07.tif,0,26,Human,genuine,No,0,,,1050,290,L,TIFF,297.65234375,254.91437206178642,4.672022270993222,249.4863054187192,37.08896453516808,73d23b970925ee7a32bd0bc64e66a346,1111111111111111000000010000000110111111111111111111111111111111
26-08.tif,..\dataset\genuine\26\26-08.tif,0,26,Human,genuine,No,0,,,999,290,L,TIFF,283.208984375,254.84173286991063,6.350832204390521,247.83788961375168,42.131251148150284,0bfa1476e60deb19fcdaccc22a2852fe,1111111101000000000000001011111111111111111111111111111111111111
26-09.tif,..\dataset\genuine\26\26-09.tif,0,26,Human,genuine,No,0,,,1001,290,L,TIFF,283.775390625,254.61098057094762,9.952317232292213,248.1429604877881,41.24955860057179,d02077cb61f1226da1f833dc6380a237,1111111111111001000000010000000111111111111111111111111111111111
26-10.tif,..\dataset\genuine\26\26-10.tif,0,26,Human,genuine,No,0,,,1050,291,L,TIFF,298.677734375,254.72219428801287,8.412091329931275,249.99680903289152,35.366393324161706,1b213b572ff2ca16ff03c0f9567cd1dc,1111111100000001000000011111111111111111111111111111111111111111
27-01.tif,..\dataset\genuine\26\27-01.tif,0,26,Human,genuine,No,0,,,998,291,L,TIFF,283.900390625,255.0,0.0,247.0528169741545,44.309975779098735,2f02a99e27026f75e5444803dbfae903,1111111111111111000000010000000111111101111111111111111111111111
27-02.tif,..\dataset\genuine\26\27-02.tif,0,26,Human,genuine,No,0,,,999,291,L,TIFF,284.1845703125,254.25969198088157,13.719711692015546,245.74502337388935,47.69029720297789,be594f5fade0fba4b216cd689451aaf3,1111111111111111000000010000000111111101111111111111111111111111
27-03.tif,..\dataset\genuine\26\27-03.tif,0,26,Human,genuine,No,0,,,1052,291,L,TIFF,299.24609375,254.1118553248493,15.022918864169865,246.7002469522951,45.249874325923436,c3b5a225c78f6986c6d8bb643e178198,1111111111111111000011110000000111000001111111111111111111111111
27-04.tif,..\dataset\genuine\26\27-04.tif,0,26,Human,genuine,No,0,,,999,290,L,TIFF,283.208984375,254.534242445737,10.888124091766956,246.47447447447448,45.84020531719532,18c0d3e72f61b7743c8d4702315bd860,1111111111111111000000010000000111111111111111111111111111111111
27-05.tif,..\dataset\genuine\26\27-05.tif,0,26,Human,genuine,No,0,,,998,290,L,TIFF,282.92578125,254.4254311262508,12.090696150981755,244.63946859235713,50.34476038179324,95f167e193af4c11ed4b6ec090c4ca57,1111111111111111000001110000000011110000111111111111111111111111
27-06.tif,..\dataset\genuine\26\27-06.tif,0,26,Human,genuine,No,0,,,1051,290,L,TIFF,297.935546875,254.34525407800228,12.904709136088472,245.7919223071623,47.573849086197306,08f682179e6353ffc126ba30a5f18a23,1111111110011111000000000100000011111111111111111111111111111111
27-07.tif,..\dataset\genuine\26\27-07.tif,0,26,Human,genuine,No,0,,,998,291,L,TIFF,283.900390625,253.6089759484255,18.782337054782115,245.64882342003594,47.92812873940693,4e6903b9321e523774580d24d5e6c49e,1111111100011111000000010100000111111111111111111111111111111111
27-08.tif,..\dataset\genuine\26\27-08.tif,0,26,Human,genuine,No,0,,,999,291,L,TIFF,284.1845703125,254.65693043016464,9.346926959074416,245.21784671269208,48.97712287718759,59c58e7884063604338adc2d0e345215,1111111111111111000101110000000001000001111111111111111111111111
27-09.tif,..\dataset\genuine\26\27-09.tif,0,26,Human,genuine,No,0,,,1051,291,L,TIFF,298.9619140625,254.286587817463,13.468895634191718,245.23242469126114,48.942069595763144,6714e915430b92e8bf64b840d4eeb5a2,1111111111111111000000010000000111111111111111111111111111111111
27-10.tif,..\dataset\genuine\26\27-10.tif,0,26,Human,genuine,No,0,,,999,290,L,TIFF,283.208984375,254.6201588877855,9.834388864803383,244.56182044113078,50.5250452251995,8baadfe02f742550fc06942a67bc92d8,1111111101111111000000010000000111111101111111111111111111111111
27-01.tif,..\dataset\genuine\27\27-01.tif,0,27,Human,genuine,No,0,,,998,291,L,TIFF,283.900390625,255.0,0.0,247.0528169741545,44.309975779098735,2f02a99e27026f75e5444803dbfae903,1111111111111111000000010000000111111101111111111111111111111111
27-02.tif,..\dataset\genuine\27\27-02.tif,0,27,Human,genuine,No,0,,,999,291,L,TIFF,284.1845703125,254.25969198088157,13.719711692015546,245.74502337388935,47.69029720297789,be594f5fade0fba4b216cd689451aaf3,1111111111111111000000010000000111111101111111111111111111111111
27-03.tif,..\dataset\genuine\27\27-03.tif,0,27,Human,genuine,No,0,,,1052,291,L,TIFF,299.24609375,254.1118553248493,15.022918864169865,246.7002469522951,45.249874325923436,c3b5a225c78f6986c6d8bb643e178198,1111111111111111000011110000000111000001111111111111111111111111
27-04.tif,..\dataset\genuine\27\27-04.tif,0,27,Human,genuine,No,0,,,999,290,L,TIFF,283.208984375,254.534242445737,10.888124091766956,246.47447447447448,45.84020531719532,18c0d3e72f61b7743c8d4702315bd860,1111111111111111000000010000000111111111111111111111111111111111
27-05.tif,..\dataset\genuine\27\27-05.tif,0,27,Human,genuine,No,0,,,998,290,L,TIFF,282.92578125,254.4254311262508,12.090696150981755,244.63946859235713,50.34476038179324,95f167e193af4c11ed4b6ec090c4ca57,1111111111111111000001110000000011110000111111111111111111111111
27-06.tif,..\dataset\genuine\27\27-06.tif,0,27,Human,genuine,No,0,,,1051,290,L,TIFF,297.935546875,254.34525407800228,12.904709136088472,245.7919223071623,47.573849086197306,08f682179e6353ffc126ba30a5f18a23,1111111110011111000000000100000011111111111111111111111111111111
27-07.tif,..\dataset\genuine\27\27-07.tif,0,27,Human,genuine,No,0,,,998,291,L,TIFF,283.900390625,253.6089759484255,18.782337054782115,245.64882342003594,47.92812873940693,4e6903b9321e523774580d24d5e6c49e,1111111100011111000000010100000111111111111111111111111111111111
27-08.tif,..\dataset\genuine\27\27-08.tif,0,27,Human,genuine,No,0,,,999,291,L,TIFF,284.1845703125,254.65693043016464,9.346926959074416,245.21784671269208,48.97712287718759,59c58e7884063604338adc2d0e345215,1111111111111111000101110000000001000001111111111111111111111111
27-09.tif,..\dataset\genuine\27\27-09.tif,0,27,Human,genuine,No,0,,,1051,291,L,TIFF,298.9619140625,254.286587817463,13.468895634191718,245.23242469126114,48.942069595763144,6714e915430b92e8bf64b840d4eeb5a2,1111111111111111000000010000000111111111111111111111111111111111
27-10.tif,..\dataset\genuine\27\27-10.tif,0,27,Human,genuine,No,0,,,999,290,L,TIFF,283.208984375,254.6201588877855,9.834388864803383,244.56182044113078,50.5250452251995,8baadfe02f742550fc06942a67bc92d8,1111111101111111000000010000000111111101111111111111111111111111
28-01.tif,..\dataset\genuine\27\28-01.tif,0,27,Human,genuine,No,0,,,999,291,L,TIFF,284.1845703125,255.0,0.0,250.99486084022166,31.705982811675863,d7334e1c3d5024f05ec29366d1f3b0e4,1111111111111111000000111000001111011111111111111111111111111111
28-02.tif,..\dataset\genuine\27\28-02.tif,0,27,Human,genuine,No,0,,,998,291,L,TIFF,283.900390625,255.0,0.0,251.32450467946202,30.393124895046398,db982dbbed216f2b9f3d0aeadca84c00,1111111111111111000000110000001111011111111111111111111111111111
28-03.tif,..\dataset\genuine\27\28-03.tif,0,27,Human,genuine,No,0,,,1051,291,L,TIFF,298.9619140625,255.0,0.0,251.55987915289316,29.41762030772616,f3f930281c474be7f726765076b43d4b,1111111111111111111111110000011100000111110111111111111111111111
28-04.tif,..\dataset\genuine\27\28-04.tif,0,27,Human,genuine,No,0,,,998,290,L,TIFF,282.92578125,255.0,0.0,250.9981687512957,31.693095700428056,755d5f873406666fa15c58c5a3cb7c3b,1111111111111111000000111000001111010011111111111111111111111111
28-05.tif,..\dataset\genuine\27\28-05.tif,0,27,Human,genuine,No,0,,,999,290,L,TIFF,283.208984375,255.0,0.0,251.0805115460288,31.370482400209365,939190692703b3fecc5b188e9023f0ff,1111111111111111000000110000001111011111111111111111111111111111
28-06.tif,..\dataset\genuine\27\28-06.tif,0,27,Human,genuine,No,0,,,1051,290,L,TIFF,297.935546875,255.0,0.0,251.28698448111814,30.545580254292357,8909fe63fdc18f2a76e7cd018a5b38eb,1111111111111111100000110000001111011111111111111111111111111111
28-07.tif,..\dataset\genuine\27\28-07.tif,0,27,Human,genuine,No,0,,,998,291,L,TIFF,283.900390625,254.9864510644327,1.858707883450883,250.95221370576203,31.871632075355965,514f3d4098acea5845d7f1ee23ee1397,1111111111011111100000111000001111111111111111111111111111111111
28-08.tif,..\dataset\genuine\27\28-08.tif,0,27,Human,genuine,No,0,,,999,291,L,TIFF,284.1845703125,255.0,0.0,250.74048275079204,32.680780458118385,16599657255f75d2aa1e60c2ebf5660d,1111111110111111000000110000001111011111111111111111111111111111
28-09.tif,..\dataset\genuine\27\28-09.tif,0,27,Human,genuine,No,0,,,1051,291,L,TIFF,298.9619140625,255.0,0.0,251.5165232915142,29.59986403153419,be1e92d5d41c9b3a3207b223adba107b,1111111111111111100100110000001110010111111111111111111111111111
28-10.tif,..\dataset\genuine\27\28-10.tif,0,27,Human,genuine,No,0,,,999,290,L,TIFF,283.208984375,255.0,0.0,250.83493838666251,32.322484018994565,a1b91cf3240ee471c6326704beb534fd,1111111111111111110000011000000111100101111111111111111111111111
28-01.tif,..\dataset\genuine\28\28-01.tif,0,28,Human,genuine,No,0,,,999,291,L,TIFF,284.1845703125,255.0,0.0,250.99486084022166,31.705982811675863,d7334e1c3d5024f05ec29366d1f3b0e4,1111111111111111000000111000001111011111111111111111111111111111
28-02.tif,..\dataset\genuine\28\28-02.tif,0,28,Human,genuine,No,0,,,998,291,L,TIFF,283.900390625,255.0,0.0,251.32450467946202,30.393124895046398,db982dbbed216f2b9f3d0aeadca84c00,1111111111111111000000110000001111011111111111111111111111111111
28-03.tif,..\dataset\genuine\28\28-03.tif,0,28,Human,genuine,No,0,,,1051,291,L,TIFF,298.9619140625,255.0,0.0,251.55987915289316,29.41762030772616,f3f930281c474be7f726765076b43d4b,1111111111111111111111110000011100000111110111111111111111111111
28-04.tif,..\dataset\genuine\28\28-04.tif,0,28,Human,genuine,No,0,,,998,290,L,TIFF,282.92578125,255.0,0.0,250.9981687512957,31.693095700428056,755d5f873406666fa15c58c5a3cb7c3b,1111111111111111000000111000001111010011111111111111111111111111
28-05.tif,..\dataset\genuine\28\28-05.tif,0,28,Human,genuine,No,0,,,999,290,L,TIFF,283.208984375,255.0,0.0,251.0805115460288,31.370482400209365,939190692703b3fecc5b188e9023f0ff,1111111111111111000000110000001111011111111111111111111111111111
28-06.tif,..\dataset\genuine\28\28-06.tif,0,28,Human,genuine,No,0,,,1051,290,L,TIFF,297.935546875,255.0,0.0,251.28698448111814,30.545580254292357,8909fe63fdc18f2a76e7cd018a5b38eb,1111111111111111100000110000001111011111111111111111111111111111
28-07.tif,..\dataset\genuine\28\28-07.tif,0,28,Human,genuine,No,0,,,998,291,L,TIFF,283.900390625,254.9864510644327,1.858707883450883,250.95221370576203,31.871632075355965,514f3d4098acea5845d7f1ee23ee1397,1111111111011111100000111000001111111111111111111111111111111111
28-08.tif,..\dataset\genuine\28\28-08.tif,0,28,Human,genuine,No,0,,,999,291,L,TIFF,284.1845703125,255.0,0.0,250.74048275079204,32.680780458118385,16599657255f75d2aa1e60c2ebf5660d,1111111110111111000000110000001111011111111111111111111111111111
28-09.tif,..\dataset\genuine\28\28-09.tif,0,28,Human,genuine,No,0,,,1051,291,L,TIFF,298.9619140625,255.0,0.0,251.5165232915142,29.59986403153419,be1e92d5d41c9b3a3207b223adba107b,1111111111111111100100110000001110010111111111111111111111111111
28-10.tif,..\dataset\genuine\28\28-10.tif,0,28,Human,genuine,No,0,,,999,290,L,TIFF,283.208984375,255.0,0.0,250.83493838666251,32.322484018994565,a1b91cf3240ee471c6326704beb534fd,1111111111111111110000011000000111100101111111111111111111111111
29-01.tif,..\dataset\genuine\28\29-01.tif,0,28,Human,genuine,No,0,,,1000,278,L,TIFF,271.7734375,255.0,0.0,246.55289568345324,45.63614827507687,a09759e1fbd6ce78dd811783a1c568e2,1111111111111111100001111000001110000111100111111111111111111111
29-02.tif,..\dataset\genuine\28\29-02.tif,0,28,Human,genuine,No,0,,,951,278,L,TIFF,258.470703125,255.0,0.0,246.44367156117377,45.92007181557561,8ffc00c415d78349d2a61160a6d1a811,1111111111111111100001111000001111000011111111111111111111111111
29-03.tif,..\dataset\genuine\28\29-03.tif,0,28,Human,genuine,No,0,,,950,278,L,TIFF,258.19921875,255.0,0.0,245.769405528209,47.62979861393541,a2c072ae0d4623101cdf39849a9ce301,1111111111111111110011111000001110000011110000111111111111111111
29-04.tif,..\dataset\genuine\28\29-04.tif,0,28,Human,genuine,No,0,,,1000,278,L,TIFF,271.7734375,255.0,0.0,247.0839928057554,44.22576923732409,d400909024bb3ef18157b02ff64d91f6,1111111111111111111111111000011110000111110001111111111111111111
29-05.tif,..\dataset\genuine\28\29-05.tif,0,28,Human,genuine,No,0,,,951,278,L,TIFF,258.470703125,255.0,0.0,246.4533168417947,45.89508048076178,a183ef087ab5c918da952625c25029f3,1111111111111111100000111000001110000011111101111111111111111111
29-06.tif,..\dataset\genuine\28\29-06.tif,0,28,Human,genuine,No,0,,,950,278,L,TIFF,258.19921875,255.0,0.0,245.4189132904203,48.4910289476965,d743b26c94c9a78e54b90be64c700e2a,1111111111111111111011111000001110000011110100111111111111111111
29-07.tif,..\dataset\genuine\28\29-07.tif,0,28,Human,genuine,No,0,,,999,278,L,TIFF,271.501953125,255.0,0.0,247.9428349212522,41.83029423912763,ac9a5c2588cd2e42395579db4dde7ebd,1111111111111111111011111000001110000011111101111111111111111111
29-08.tif,..\dataset\genuine\28\29-08.tif,0,28,Human,genuine,No,0,,,952,278,L,TIFF,258.7421875,255.0,0.0,245.99017214799588,47.07790462986112,4098bbda1f31a6f8d4f6062b8365e548,1111111111111111110000111000001110000011111111111111111111111111
29-09.tif,..\dataset\genuine\28\29-09.tif,0,28,Human,genuine,No,0,,,949,278,L,TIFF,257.927734375,255.0,0.0,245.5306039678268,48.218528876252854,9f0b15e12e935a7886084293c0d1a30c,1111111111111111111011111000001110000011110000111111111111111111
29-10.tif,..\dataset\genuine\28\29-10.tif,0,28,Human,genuine,No,0,,,1000,278,L,TIFF,271.7734375,255.0,0.0,247.3536690647482,43.48963108279742,30e85ae9ec5c8d2d171f1cbc0b789f39,1111111111101111100000111000001111000011111111111111111111111111
29-01.tif,..\dataset\genuine\29\29-01.tif,0,29,Human,genuine,No,0,,,1000,278,L,TIFF,271.7734375,255.0,0.0,246.55289568345324,45.63614827507687,a09759e1fbd6ce78dd811783a1c568e2,1111111111111111100001111000001110000111100111111111111111111111
29-02.tif,..\dataset\genuine\29\29-02.tif,0,29,Human,genuine,No,0,,,951,278,L,TIFF,258.470703125,255.0,0.0,246.44367156117377,45.92007181557561,8ffc00c415d78349d2a61160a6d1a811,1111111111111111100001111000001111000011111111111111111111111111
29-03.tif,..\dataset\genuine\29\29-03.tif,0,29,Human,genuine,No,0,,,950,278,L,TIFF,258.19921875,255.0,0.0,245.769405528209,47.62979861393541,a2c072ae0d4623101cdf39849a9ce301,1111111111111111110011111000001110000011110000111111111111111111
29-04.tif,..\dataset\genuine\29\29-04.tif,0,29,Human,genuine,No,0,,,1000,278,L,TIFF,271.7734375,255.0,0.0,247.0839928057554,44.22576923732409,d400909024bb3ef18157b02ff64d91f6,1111111111111111111111111000011110000111110001111111111111111111
29-05.tif,..\dataset\genuine\29\29-05.tif,0,29,Human,genuine,No,0,,,951,278,L,TIFF,258.470703125,255.0,0.0,246.4533168417947,45.89508048076178,a183ef087ab5c918da952625c25029f3,1111111111111111100000111000001110000011111101111111111111111111
29-06.tif,..\dataset\genuine\29\29-06.tif,0,29,Human,genuine,No,0,,,950,278,L,TIFF,258.19921875,255.0,0.0,245.4189132904203,48.4910289476965,d743b26c94c9a78e54b90be64c700e2a,1111111111111111111011111000001110000011110100111111111111111111
29-07.tif,..\dataset\genuine\29\29-07.tif,0,29,Human,genuine,No,0,,,999,278,L,TIFF,271.501953125,255.0,0.0,247.9428349212522,41.83029423912763,ac9a5c2588cd2e42395579db4dde7ebd,1111111111111111111011111000001110000011111101111111111111111111
29-08.tif,..\dataset\genuine\29\29-08.tif,0,29,Human,genuine,No,0,,,952,278,L,TIFF,258.7421875,255.0,0.0,245.99017214799588,47.07790462986112,4098bbda1f31a6f8d4f6062b8365e548,1111111111111111110000111000001110000011111111111111111111111111
29-09.tif,..\dataset\genuine\29\29-09.tif,0,29,Human,genuine,No,0,,,949,278,L,TIFF,257.927734375,255.0,0.0,245.5306039678268,48.218528876252854,9f0b15e12e935a7886084293c0d1a30c,1111111111111111111011111000001110000011110000111111111111111111
29-10.tif,..\dataset\genuine\29\29-10.tif,0,29,Human,genuine,No,0,,,1000,278,L,TIFF,271.7734375,255.0,0.0,247.3536690647482,43.48963108279742,30e85ae9ec5c8d2d171f1cbc0b789f39,1111111111101111100000111000001111000011111111111111111111111111
30-01.tif,..\dataset\genuine\29\30-01.tif,0,29,Human,genuine,No,0,,,999,279,L,TIFF,272.4775390625,255.0,0.0,247.551852928197,42.939522686058744,e6a4626aaa6bb8d4c3cb6aa918a24ea4,1111111111111111100111111000000110000011100010111111111111111111
30-02.tif,..\dataset\genuine\29\30-02.tif,0,29,Human,genuine,No,0,,,952,279,L,TIFF,259.671875,255.0,0.0,247.27342549923196,43.71014234911542,fccdfc6d12098c445f515930d067d781,1111111111111111100111111000000110000001100001111111111111111111
30-03.tif,..\dataset\genuine\29\30-03.tif,0,29,Human,genuine,No,0,,,950,279,L,TIFF,259.126953125,255.0,0.0,247.63910582908886,42.694791843818486,fb94889d339f077d7efe5acc63bc2ee8,1111111111111111110110011000000110000011100001111111111111111111
30-04.tif,..\dataset\genuine\29\30-04.tif,0,29,Human,genuine,No,0,,,1000,277,L,TIFF,270.796875,255.0,0.0,247.45862815884476,43.19927696441244,61583ad80054a6448d470e4d2134c52e,1111111111111111100101111000000110000011100011111111111111111111
30-05.tif,..\dataset\genuine\29\30-05.tif,0,29,Human,genuine,No,0,,,951,277,L,TIFF,257.5419921875,255.0,0.0,247.14653395437824,44.0562925437878,326099d45bdd88dfa1ebb3769c2264f1,1111111111011111100110011000000110000011100111111111111111111111
30-06.tif,..\dataset\genuine\29\30-06.tif,0,29,Human,genuine,No,0,,,950,277,L,TIFF,257.271484375,255.0,0.0,247.72549876496294,42.45090631206703,2e8cdcd4216d3892be0cddca2a26b588,1111111111111111100100011000000110000011100011111111111111111111
30-07.tif,..\dataset\genuine\29\30-07.tif,0,29,Human,genuine,No,0,,,999,279,L,TIFF,272.4775390625,255.0,0.0,247.46219337617188,43.189375549756974,6aed20dd12d6f95c3d7b901b78d9fe3e,1111111111011111100100111000000110000011101001111111111111111111
30-08.tif,..\dataset\genuine\29\30-08.tif,0,29,Human,genuine,No,0,,,952,279,L,TIFF,259.671875,255.0,0.0,247.60848694316437,42.780852775788794,7c19a5c2df1ad926ea680b176a992874,1111111111111111100111111000000110000001100000111111111111111111
30-09.tif,..\dataset\genuine\29\30-09.tif,0,29,Human,genuine,No,0,,,949,279,L,TIFF,258.8544921875,255.0,0.0,247.76714594876327,42.33277223781682,743b0ce73054e605f2bbf523faf0e784,1111111111111111110110111000000110000001100001111111111111111111
30-10.tif,..\dataset\genuine\29\30-10.tif,0,29,Human,genuine,No,0,,,1000,277,L,TIFF,270.796875,255.0,0.0,247.22848375451264,43.833094550184384,c4fd997fb0b8e8ba960674b72345fedb,1111111111011111100000011000000110000011111001111111111111111111
3-01.tif,..\dataset\genuine\3\3-01.tif,0,3,Human,genuine,No,0,,,1012,286,L,TIFF,282.9375,254.96417029647324,3.0224643309178596,244.07955927471738,51.62805786888227,c5c62ef0bc7d76e5f50083a05aeaa3a2,1111111111001111100000111000001110010011101111111111111111111111
3-02.tif,..\dataset\genuine\3\3-02.tif,0,3,Human,genuine,No,0,,,1013,304,L,TIFF,301.0234375,254.97063661786478,2.736201790122684,245.2124357042656,48.99012635796255,c742624c1d0fc60f73e49759e4dbb415,1101111111001111100000011000000110010111101111111111111111111111
3-03.tif,..\dataset\genuine\3\3-03.tif,0,3,Human,genuine,No,0,,,1068,293,L,TIFF,305.87890625,254.99581706636923,1.0327780879340778,243.89950914599072,52.032723074738485,a4d9d441f84eae30a6435fa478a5b1a7,1101111111011111100000110000001110111111111111111111111111111111
3-04.tif,..\dataset\genuine\3\3-04.tif,0,3,Human,genuine,No,0,,,1014,297,P,TIFF,296.123046875,254.96488328857674,2.9922446807555745,244.8790169944016,49.78369581929387,dd11fd773620ff3e8ecf7d6b84e6f9fd,1111111111101111111001111000000110000001110111111111111111111111
3-05.tif,..\dataset\genuine\3\3-05.tif,0,3,Human,genuine,No,0,,,1009,297,P,TIFF,294.673828125,254.98239922694643,2.1184634387796537,244.64165940875554,50.33966260279377,c681ad1fc036c22124b2480a834ae3b0,1110111111101111100000011000000110001011111111111111111111111111
3-06.tif,..\dataset\genuine\3\3-06.tif,0,3,Human,genuine,No,0,,,1067,287,L,TIFF,299.3408203125,254.978855020067,2.321965282414552,244.9833294691228,49.53702955213954,90d258ab17987981c9f2845ffb314825,1101111110000011100000011000000110111111111111111111111111111111
3-07.tif,..\dataset\genuine\3\3-07.tif,0,3,Human,genuine,No,0,,,1009,287,L,TIFF,283.0849609375,254.98656763590392,1.8506951170021013,243.88095986297537,52.07419880682288,4bf0ad1641cf94d19a56641a89cd1359,1111111110000001100000001000100110111111111111111111111111111111
3-08.tif,..\dataset\genuine\3\3-08.tif,0,3,Human,genuine,No,0,,,1014,287,L,TIFF,284.486328125,254.87047222027604,5.745677191061827,243.2435622538812,53.47595531434597,328daa16c676a2a515b5f0a3ce214d3a,1110111110000111100000011000000011111001111111111111111111111111
3-09.tif,..\dataset\genuine\3\3-09.tif,0,3,Human,genuine,No,0,,,1067,297,L,TIFF,309.7607421875,254.95844062713908,3.2551363870137053,244.49660617420693,50.6758733887984,ba693e5771bcdeca7727856b71fdb101,1100111110000011100000011000000110111111111111111111111111111111
3-10.tif,..\dataset\genuine\3\3-10.tif,0,3,Human,genuine,No,0,,,1009,297,L,TIFF,292.9384765625,254.98239922694643,2.1184634387796537,244.49189616682185,50.68674611071003,7e95501aafa13e3e996e988b05347366,1110111111101111100000011000000110011011111111111111111111111111
B-S-3-G-01.tif,..\dataset\genuine\3\B-S-3-G-01.tif,0,3,Human,genuine,No,0,,,1012,286,L,TIFF,282.9375,254.96417029647324,3.0224643309178596,244.07955927471738,51.62805786888227,c5c62ef0bc7d76e5f50083a05aeaa3a2,1111111111001111100000111000001110010011101111111111111111111111
B-S-3-G-02.tif,..\dataset\genuine\3\B-S-3-G-02.tif,0,3,Human,genuine,No,0,,,1013,304,L,TIFF,301.0234375,254.97063661786478,2.736201790122684,245.2124357042656,48.99012635796255,c742624c1d0fc60f73e49759e4dbb415,1101111111001111100000011000000110010111101111111111111111111111
B-S-3-G-03.tif,..\dataset\genuine\3\B-S-3-G-03.tif,0,3,Human,genuine,No,0,,,1068,293,L,TIFF,305.87890625,254.99581706636923,1.0327780879340778,243.89950914599072,52.032723074738485,a4d9d441f84eae30a6435fa478a5b1a7,1101111111011111100000110000001110111111111111111111111111111111
B-S-3-G-04.tif,..\dataset\genuine\3\B-S-3-G-04.tif,0,3,Human,genuine,No,0,,,1014,297,P,TIFF,296.123046875,254.96488328857674,2.9922446807555745,244.8790169944016,49.78369581929387,dd11fd773620ff3e8ecf7d6b84e6f9fd,1111111111101111111001111000000110000001110111111111111111111111
B-S-3-G-05.tif,..\dataset\genuine\3\B-S-3-G-05.tif,0,3,Human,genuine,No,0,,,1009,297,P,TIFF,294.673828125,254.98239922694643,2.1184634387796537,244.64165940875554,50.33966260279377,c681ad1fc036c22124b2480a834ae3b0,1110111111101111100000011000000110001011111111111111111111111111
B-S-3-G-06.tif,..\dataset\genuine\3\B-S-3-G-06.tif,0,3,Human,genuine,No,0,,,1067,287,L,TIFF,299.3408203125,254.978855020067,2.321965282414552,244.9833294691228,49.53702955213954,90d258ab17987981c9f2845ffb314825,1101111110000011100000011000000110111111111111111111111111111111
B-S-3-G-07.tif,..\dataset\genuine\3\B-S-3-G-07.tif,0,3,Human,genuine,No,0,,,1009,287,L,TIFF,283.0849609375,254.98656763590392,1.8506951170021013,243.88095986297537,52.07419880682288,4bf0ad1641cf94d19a56641a89cd1359,1111111110000001100000001000100110111111111111111111111111111111
B-S-3-G-08.tif,..\dataset\genuine\3\B-S-3-G-08.tif,0,3,Human,genuine,No,0,,,1014,287,L,TIFF,284.486328125,254.87047222027604,5.745677191061827,243.2435622538812,53.47595531434597,328daa16c676a2a515b5f0a3ce214d3a,1110111110000111100000011000000011111001111111111111111111111111
B-S-3-G-09.tif,..\dataset\genuine\3\B-S-3-G-09.tif,0,3,Human,genuine,No,0,,,1067,297,L,TIFF,309.7607421875,254.95844062713908,3.2551363870137053,244.49660617420693,50.6758733887984,ba693e5771bcdeca7727856b71fdb101,1100111110000011100000011000000110111111111111111111111111111111
B-S-3-G-10.tif,..\dataset\genuine\3\B-S-3-G-10.tif,0,3,Human,genuine,No,0,,,1009,297,L,TIFF,292.9384765625,254.98239922694643,2.1184634387796537,244.49189616682185,50.68674611071003,7e95501aafa13e3e996e988b05347366,1110111111101111100000011000000110011011111111111111111111111111
30-01.tif,..\dataset\genuine\30\30-01.tif,0,30,Human,genuine,No,0,,,1049,289,L,TIFF,296.3447265625,255.0,0.0,246.87966130208042,44.774395220935865,89b56e632cca0f7d362536ef672c052f,1111111111011111100000111000001111000111111111111111111111111111
30-02.tif,..\dataset\genuine\30\30-02.tif,0,30,Human,genuine,No,0,,,999,289,L,TIFF,282.2333984375,255.0,0.0,245.4495672142731,48.41641864043305,5c9ab0691e84d67112e9b0208bf92ec6,1111111111101111110000011000000110000111111111111111111111111111
30-03.tif,..\dataset\genuine\30\30-03.tif,0,30,Human,genuine,No,0,,,1050,290,L,TIFF,297.65234375,255.0,0.0,246.56783251231528,45.59716285931876,82079f8ee9441dfffb57d3928165a77a,1111111111011111100000111000001111001111111111111111111111111111
30-04.tif,..\dataset\genuine\30\30-04.tif,0,30,Human,genuine,No,0,,,999,290,L,TIFF,283.208984375,255.0,0.0,245.90235062648856,47.298344221780795,0a482c69e61c9e0125e967b40c30c282,1111111111001111110000011000000111000111111111111111111111111111
30-05.tif,..\dataset\genuine\30\30-05.tif,0,30,Human,genuine,No,0,,,1050,290,L,TIFF,297.65234375,255.0,0.0,246.17926108374385,46.59917369027657,8b0eb5535f8e4fda4bc1302a42c1df28,1111111111011111100010011000000110000111111011111111111111111111
30-06.tif,..\dataset\genuine\30\30-06.tif,0,30,Human,genuine,No,0,,,998,290,L,TIFF,282.92578125,255.0,0.0,245.81570036624973,47.51468243442032,e20cba924f6938280b5bc71a53416c87,1111111111101111100000011000000111100111111111111111111111111111
30-07.tif,..\dataset\genuine\30\30-07.tif,0,30,Human,genuine,No,0,,,1050,291,L,TIFF,298.677734375,255.0,0.0,246.75871379479628,45.09555614482286,8fcabeb697e0b7a81048c9ddc106d26a,1111111111011111100000111000001111100111111111111111111111111111
30-08.tif,..\dataset\genuine\30\30-08.tif,0,30,Human,genuine,No,0,,,999,291,L,TIFF,284.1845703125,255.0,0.0,246.39061742154524,46.05725881035213,c42d47e2c5ee342674b70a6e48ff63ce,1111111111001111110000111000001110000011111111111111111111111111
30-09.tif,..\dataset\genuine\30\30-09.tif,0,30,Human,genuine,No,0,,,1050,291,L,TIFF,298.677734375,255.0,0.0,247.22439862542956,43.84425131963417,ef213d7006dd89bceda4fa37d866144b,1111111111111111100010111000001110000111111111111111111111111111
30-10.tif,..\dataset\genuine\30\30-10.tif,0,30,Human,genuine,No,0,,,999,291,L,TIFF,284.1845703125,255.0,0.0,246.49763165227083,45.780057461196705,e96bccf86e0ab20c134d81361e313a8b,1111111111001111100000111000000111100111111111111111111111111111
31-01.tif,..\dataset\genuine\31\31-01.tif,0,31,Human,genuine,No,0,,,1049,290,L,TIFF,297.369140625,255.0,0.0,247.09542750073962,44.194838170484715,fe361e034816a73c9f0455dfc0cd7af1,1111111100001111000011110000111111111111111111111111111111111111
31-02.tif,..\dataset\genuine\31\31-02.tif,0,31,Human,genuine,No,0,,,999,290,L,TIFF,283.208984375,255.0,0.0,247.0606813710262,44.288751055950414,8bdee555085c2c182968ca77c9a3c51d,1110111110101111000001111000011111111111111111111111111111111111
31-03.tif,..\dataset\genuine\31\31-03.tif,0,31,Human,genuine,No,0,,,1050,288,L,TIFF,295.6015625,255.0,0.0,248.78690476190476,39.31585854685923,48a8833ac71948d58a1b0f4d5d6ddbf8,1011111100001111000011111000111111111111111111111111111111111111
31-04.tif,..\dataset\genuine\31\31-04.tif,0,31,Human,genuine,No,0,,,998,288,L,TIFF,280.9765625,255.0,0.0,247.46952237808952,43.16901319665622,916d57a89482b1c48aa88f37544f8f38,1111111110100111100001111000011111111111111111111111111111111111
31-05.tif,..\dataset\genuine\31\31-05.tif,0,31,Human,genuine,No,0,,,1050,290,L,TIFF,297.65234375,255.0,0.0,249.49384236453201,37.06416632190332,75ecdaab272b94106aa3353d8fb11d50,1111111110100111100001111000011111111111111111111111111111111111
31-06.tif,..\dataset\genuine\31\31-06.tif,0,31,Human,genuine,No,0,,,998,290,L,TIFF,282.92578125,255.0,0.0,247.72850874162117,42.442380774008434,c23c7eb0e23c3b5ee2637fdb8ea3680f,1111111110010111100001111000011111111111111111111111111111111111
31-07.tif,..\dataset\genuine\31\31-07.tif,0,31,Human,genuine,No,0,,,1050,290,L,TIFF,297.65234375,255.0,0.0,249.08266009852215,38.391493372454605,c680dfa040a1acb3292653a6d3b17b7d,1111111110100111000001110000111111111111111111111111111111111111
31-08.tif,..\dataset\genuine\31\31-08.tif,0,31,Human,genuine,No,0,,,998,290,L,TIFF,282.92578125,255.0,0.0,246.99457535761178,44.466801775077556,7c0c6cdd69f39262343dff576289d2b6,1111111110110111100001111000011111110111111111111111111111111111
31-09.tif,..\dataset\genuine\31\31-09.tif,0,31,Human,genuine,No,0,,,1050,291,L,TIFF,298.677734375,255.0,0.0,247.35876288659793,43.47559038465484,038a60cff8486ab3bfecf8b0b4c47b7f,1111111110111111100001111000011111011111111111111111111111111111
31-10.tif,..\dataset\genuine\31\31-10.tif,0,31,Human,genuine,No,0,,,998,291,L,TIFF,283.900390625,255.0,0.0,247.52169287027664,43.02375205108204,3fed34a278e8dcb380d0851e16e4649c,1111111111010111100000111000001111101111111111111111111111111111
32-01.tif,..\dataset\genuine\32\32-01.tif,0,32,Human,genuine,No,0,,,1049,290,L,TIFF,297.369140625,255.0,0.0,246.53632359225534,45.679357106245185,895fac80ad51bee0c35bd41f84a0af84,1111111111100011100001111000111110011111111111111111111111111111
32-02.tif,..\dataset\genuine\32\32-02.tif,0,32,Human,genuine,No,0,,,998,290,L,TIFF,282.92578125,255.0,0.0,246.1760590145809,46.60732792992658,9106de816c1c7b1b39ec33cc0c6ff1d8,1111111100000011000001111000111111111111111111111111111111111111
32-03.tif,..\dataset\genuine\32\32-03.tif,0,32,Human,genuine,No,0,,,1048,288,L,TIFF,295.0390625,255.0,0.0,245.2933663326972,48.795213371917924,e083114a903d778280c825deff03a991,1111111111111111110000011000000111001111110011111111111111111111
32-04.tif,..\dataset\genuine\32\32-04.tif,0,32,Human,genuine,No,0,,,998,288,L,TIFF,280.9765625,255.0,0.0,244.35991775217101,50.99028949668581,24dcf0186d270f0558e306b9b86092b6,1111111111111111110000011000000110001111110011111111111111111111
32-05.tif,..\dataset\genuine\32\32-05.tif,0,32,Human,genuine,No,0,,,1049,289,L,TIFF,296.3447265625,255.0,0.0,243.93820445241968,51.946073421352224,36b9d18f1b1edfbde7e9f3c6b95b918b,1111111111111111110011001000000111000001111001111111011111111111
32-06.tif,..\dataset\genuine\32\32-06.tif,0,32,Human,genuine,No,0,,,998,289,L,TIFF,281.951171875,255.0,0.0,244.38170458564187,50.940329142583515,4e619e1a89d84cd7d36d0f4bb3d3c4b6,1111111111111111100000011000100111000111110011111111111111111111
32-07.tif,..\dataset\genuine\32\32-07.tif,0,32,Human,genuine,No,0,,,1049,290,L,TIFF,297.369140625,255.0,0.0,245.33261562736269,48.700356204181965,3e291a83da22f325488faec0fde0403a,1111111111111111110000011100000111000001111001111111111111111111
32-08.tif,..\dataset\genuine\32\32-08.tif,0,32,Human,genuine,No,0,,,998,290,L,TIFF,282.92578125,255.0,0.0,244.87823923709487,49.785529560298144,8d98e140b4a82aab91b4176a50604425,1111111111111111100000011000100111001111111011111111111111111111
32-09.tif,..\dataset\genuine\32\32-09.tif,0,32,Human,genuine,No,0,,,1049,291,L,TIFF,298.3935546875,255.0,0.0,244.83705640128548,49.882513921028014,b91ce4399230d08d12c60ece98ccbd98,1111111111111111110000011000000111001011111011111111111111111111
32-10.tif,..\dataset\genuine\32\32-10.tif,0,32,Human,genuine,No,0,,,998,291,L,TIFF,283.900390625,255.0,0.0,244.46609714273907,50.74625226748596,91dd85b9420682ab40392ed9f7d652b1,1111111111111111110000001000000111000111111101111111111111111111
33-01.tif,..\dataset\genuine\33\33-01.tif,0,33,Human,genuine,No,0,,,998,291,L,TIFF,283.900390625,255.0,0.0,243.05683532012478,53.878268446541234,b577abe0aed182702251f7d5fb03d9bf,1111111111110111000000010000000111011011111111111111111111111111
33-02.tif,..\dataset\genuine\33\33-02.tif,0,33,Human,genuine,No,0,,,998,291,L,TIFF,283.900390625,255.0,0.0,241.18923413837985,57.714885783726935,a9a6fecc5290c819d7133b98f4a93af3,1111111110010011000000011000000111111111111111111111111111111111
33-03.tif,..\dataset\genuine\33\33-03.tif,0,33,Human,genuine,No,0,,,998,289,L,TIFF,281.951171875,254.53319944549105,10.900286172486014,241.7231521867264,56.65087381963266,326ccaac9d39d95a9fb88b67b7c38ab8,1010011100000011000000110011111111111111111111111111111111111111
33-04.tif,..\dataset\genuine\33\33-04.tif,0,33,Human,genuine,No,0,,,998,289,L,TIFF,281.951171875,254.59664806455052,10.133708637798136,240.60739125309442,58.84698840144174,709198c1b67c2f793ef1ca997d047a6c,1011111100010111000000011100000111011011111111111111111111111111
33-05.tif,..\dataset\genuine\33\33-05.tif,0,33,Human,genuine,No,0,,,998,290,L,TIFF,282.92578125,254.38471364700874,12.510773066305566,241.97422431069035,56.141802326481745,e6c980c8432b10fbd191094e9a9ead56,1011011100000001000000110101101110111111111111111111111111111111
33-06.tif,..\dataset\genuine\33\33-06.tif,0,33,Human,genuine,No,0,,,998,290,L,TIFF,282.92578125,254.0770704705131,15.313237120307459,240.9768502522286,58.131355195223925,ee2091ce7ffa5af6fc93b54f74979cc3,1111111100110111000000011100000101011011111111111111111111111111
33-07.tif,..\dataset\genuine\33\33-07.tif,0,33,Human,genuine,No,0,,,999,291,L,TIFF,284.1845703125,254.54407859798195,10.772747708444038,241.67409677718956,56.749675110197344,0e5e14067339581380ee8e5c8407db5a,1011011100000001000000111101001111111111111111111111111111111111
33-08.tif,..\dataset\genuine\33\33-08.tif,0,33,Human,genuine,No,0,,,997,291,L,TIFF,283.6162109375,254.2454017081901,13.851106303451811,240.46872576492365,59.11274819401885,c8e79d402b6427b89768ee2febc55bdc,1111111100010011000000011100001101111011111111111111111111111111
33-09.tif,..\dataset\genuine\33\33-09.tif,0,33,Human,genuine,No,0,,,999,290,L,TIFF,283.208984375,254.14535749751738,14.737822916768225,242.1430568499534,55.79623209588935,7e431541d5cc726d213db9186e647a0c,0010011100000011000000110111111111111111111111111111111111111111
33-10.tif,..\dataset\genuine\33\33-10.tif,0,33,Human,genuine,No,0,,,998,290,L,TIFF,282.92578125,254.7285501383862,8.315409171180203,241.18302121484348,57.727122632827,af75fbfb10b587acc8d58eb10b33be28,1011111100010011000000011000000110011111111111111111111111111111
34-01.tif,..\dataset\genuine\34\34-01.tif,0,34,Human,genuine,No,0,,,1050,288,L,TIFF,295.6015625,255.0,0.0,248.52633928571427,40.110786567944174,8b2dc3b33e30f78da8af1bc287a15b7a,1110111110001111000011110001111111011111111111111111111111111111
34-02.tif,..\dataset\genuine\34\34-02.tif,0,34,Human,genuine,No,0,,,998,288,L,TIFF,280.9765625,255.0,0.0,248.79587299599197,39.28818135445038,c45adff059f872f2988d78a0c68fc746,1111111110000111100001110001111111011111111111111111111111111111
34-03.tif,..\dataset\genuine\34\34-03.tif,0,34,Human,genuine,No,0,,,1050,289,L,TIFF,296.626953125,255.0,0.0,248.81932773109244,39.21569480292024,7d20bc96881d8ee7f9b845fb664124b4,1100011110000111000001111001111111111111111111111111111111111111
34-04.tif,..\dataset\genuine\34\34-04.tif,0,34,Human,genuine,No,0,,,998,289,L,TIFF,281.951171875,255.0,0.0,248.10562301072733,41.35859884225186,b375494223c6364931ea7ca3d6ed7d0b,1111111111100111000001110000111111011111111111111111111111111111
34-05.tif,..\dataset\genuine\34\34-05.tif,0,34,Human,genuine,No,0,,,1049,290,L,TIFF,297.369140625,255.0,0.0,248.5992242201111,39.890197959990815,b616e2ebfc49dc86d332a8d6b1d5be69,1000011100000111000111111101111111111111111111111111111111111111
34-06.tif,..\dataset\genuine\34\34-06.tif,0,34,Human,genuine,No,0,,,999,290,L,TIFF,283.208984375,255.0,0.0,247.77891684788236,42.29931632899283,e492e7602302b8cd6ac7c6e73eefea15,1111111111110111100001111000011110001111111111111111111111111111
34-07.tif,..\dataset\genuine\34\34-07.tif,0,34,Human,genuine,No,0,,,1050,290,L,TIFF,297.65234375,255.0,0.0,249.14546798029556,38.19201644133085,0febeeb85701dc5aa5849e10d6dba662,1111111111110111100001111000011110001111111111111111111111111111
34-08.tif,..\dataset\genuine\34\34-08.tif,0,34,Human,genuine,No,0,,,999,290,L,TIFF,283.208984375,255.0,0.0,248.10986848917884,41.3462165502841,97ef51762b849ab2ffa17b7fc8f98fbe,1111111111000011110000111100001111111111111111111111111111111111
34-09.tif,..\dataset\genuine\34\34-09.tif,0,34,Human,genuine,No,0,,,1050,291,L,TIFF,298.677734375,255.0,0.0,249.38591065292096,37.41757320174798,78719bc65a07ddb5c0c8ce809d2ff796,1111001111000011100001111000111111111111111111111111111111111111
34-10.tif,..\dataset\genuine\34\34-10.tif,0,34,Human,genuine,No,0,,,998,291,L,TIFF,283.900390625,255.0,0.0,249.015246988823,38.60433588659881,334b03757bf9e2a3f7b0e79dae3aeb28,1111111111111001110000111100001111000111111111111111111111111111
35-01.tif,..\dataset\genuine\35\35-01.tif,0,35,Human,genuine,No,0,,,1049,290,L,TIFF,297.369140625,255.0,0.0,247.1155451826041,44.140359657216116,58f3348a6751f06787a3c3a2310408be,1111111110000111100001111000111111111111111111111111111111111111
35-02.tif,..\dataset\genuine\35\35-02.tif,0,35,Human,genuine,No,0,,,998,290,L,TIFF,282.92578125,255.0,0.0,244.4165572524359,50.860285491116514,4300218a0227e233c4b2b6656f798624,1111111110000111000001110000011110011111111111111111111111111111
35-03.tif,..\dataset\genuine\35\35-03.tif,0,35,Human,genuine,No,0,,,1049,289,L,TIFF,296.3447265625,255.0,0.0,246.78797734537093,45.0180903732074,2a92e57455fc32d91ddf2b2a9ecec2fc,1111111110011111100001110000011110000111111111111111111111111111
35-04.tif,..\dataset\genuine\35\35-04.tif,0,35,Human,genuine,No,0,,,998,289,L,TIFF,281.951171875,255.0,0.0,246.79447129553225,45.00087908385162,87efd26a86e4945bc06bea10dfbbf421,1111111110111111000001110000011110100111111111111111111111111111
35-05.tif,..\dataset\genuine\35\35-05.tif,0,35,Human,genuine,No,0,,,1050,290,L,TIFF,297.65234375,255.0,0.0,247.22689655172414,43.83742969304595,e63c6c4c47d5418b79b276399dce5f4a,1111111110111111000001110000011111101111111111111111111111111111
35-06.tif,..\dataset\genuine\35\35-06.tif,0,35,Human,genuine,No,0,,,998,290,L,TIFF,282.92578125,255.0,0.0,246.93818671826412,44.618040672502396,7792ec63b1d70977547ef1ba3f703220,1111111110111111000001110000011111101111111111111111111111111111
35-07.tif,..\dataset\genuine\35\35-07.tif,0,35,Human,genuine,No,0,,,1050,290,L,TIFF,297.65234375,255.0,0.0,245.4414778325123,48.43612088806252,8e4e42b2bddb0d3c6c19f5fa7b0aa7be,1101111111011111100001110000011110000111111111111111111111111111
35-08.tif,..\dataset\genuine\35\35-08.tif,0,35,Human,genuine,No,0,,,998,290,L,TIFF,282.92578125,255.0,0.0,247.25361066961509,43.76440027682603,21c8da87e5b3577461bace23c510b1d9,1011111100000111000001111010011111111111111111111111111111111111
35-09.tif,..\dataset\genuine\35\35-09.tif,0,35,Human,genuine,No,0,,,1050,291,L,TIFF,298.677734375,255.0,0.0,246.04683357879233,46.935042861833125,76b6457161bac3a6e6f7d39ef5bfdc8e,1111111110011111000001110000011110100111111111111111111111111111
35-10.tif,..\dataset\genuine\35\35-10.tif,0,35,Human,genuine,No,0,,,998,291,L,TIFF,283.900390625,255.0,0.0,246.4750635291201,45.83867644513568,4761043ea495a7a280f42a11ea4c0dc0,1111111111111111100001110000011100000111111111111111111111111111
36-01.tif,..\dataset\genuine\36\36-01.tif,0,36,Human,genuine,No,0,,,1049,291,L,TIFF,298.3935546875,255.0,0.0,249.67293347616285,36.46949856838017,0db6dac28d04f01a79b4331af9f8632b,1111111111111111000011110000111100001111111111111111111111111111
36-02.tif,..\dataset\genuine\36\36-02.tif,0,36,Human,genuine,No,0,,,998,291,L,TIFF,283.900390625,255.0,0.0,249.56665909137863,36.8236437397109,918e67c00429e4d320af85c22adc21dc,1111111111111111110000111100001111111111111111111111111111111111
36-03.tif,..\dataset\genuine\36\36-03.tif,0,36,Human,genuine,No,0,,,1049,288,L,TIFF,295.3203125,255.0,0.0,251.0692226723864,31.414920151771625,e6e3bdc686737044db206f8018eace76,1111111111111111110000111100001111111111111111111111111111111111
36-04.tif,..\dataset\genuine\36\36-04.tif,0,36,Human,genuine,No,0,,,998,288,L,TIFF,280.9765625,255.0,0.0,250.32361598196394,34.21416895257074,2b7edc7b2978d2fddd2d80479964db02,1111111111111111110001111100011111010111111111111111111111111111
36-05.tif,..\dataset\genuine\36\36-05.tif,0,36,Human,genuine,No,0,,,1049,290,L,TIFF,297.369140625,255.0,0.0,250.40813911442754,33.90928102199349,8daef1a5b7bc881a23b232d87b900ce1,1111111111001111110000111110001111111111111111111111111111111111
36-06.tif,..\dataset\genuine\36\36-06.tif,0,36,Human,genuine,No,0,,,998,290,L,TIFF,282.92578125,255.0,0.0,249.68360859650335,36.4337177671518,6db6d886a326f972868b03b2b0043a83,1111111111111111110000111100001111111111111111111111111111111111
36-07.tif,..\dataset\genuine\36\36-07.tif,0,36,Human,genuine,No,0,,,1049,289,L,TIFF,296.3447265625,255.0,0.0,249.8833623058375,35.756994151048474,9902e4363d29f2e2e2122537b9cabb6b,1111111111111111110000111100001111111011111111111111111111111111
36-08.tif,..\dataset\genuine\36\36-08.tif,0,36,Human,genuine,No,0,,,998,289,L,TIFF,281.951171875,255.0,0.0,249.80932453141577,36.009431162805335,99241a79015e44e8146d2a1a3bc8b94b,1111111111111111110000111100001111111111111111111111111111111111
36-09.tif,..\dataset\genuine\36\36-09.tif,0,36,Human,genuine,No,0,,,1050,291,L,TIFF,298.677734375,255.0,0.0,249.75144820814924,36.20543344596504,aa9f0afd3bd99ffa531ca3f10fe6a5d6,1111111111111111110000111100000111111011111111111111111111111111
36-10.tif,..\dataset\genuine\36\36-10.tif,0,36,Human,genuine,No,0,,,998,291,L,TIFF,283.900390625,255.0,0.0,249.56929322562652,36.81491072101104,65dfcd3777ab42b9a748b0e54779d130,1111111111111111110000111100001111111011111111111111111111111111
37-01.tif,..\dataset\genuine\37\37-01.tif,0,37,Human,genuine,No,0,,,946,274,L,TIFF,253.41796875,255.0,0.0,246.3358397246956,46.19841119482853,869d464ab8f1fc4220ff8b7ba76f65d5,1111101111111011110000111000001110001111111111111111111111111111
37-02.tif,..\dataset\genuine\37\37-02.tif,0,37,Human,genuine,No,0,,,942,274,L,TIFF,252.34765625,255.0,0.0,247.0538495513506,44.30718968128115,084417f7a2e53fad9fb601bf0d2e9e4f,1111001111111011100000111000001110000111111111111111111111111111
37-03.tif,..\dataset\genuine\37\37-03.tif,0,37,Human,genuine,No,0,,,991,274,L,TIFF,265.458984375,254.99030749933482,1.5720985099699119,246.98658363225232,44.48827184655269,c9b832f0744d0e7d38b833a821753f47,1111100111111001110000111100001111000111111111111111111111111111
37-04.tif,..\dataset\genuine\37\37-04.tif,0,37,Human,genuine,No,0,,,946,275,L,TIFF,254.341796875,255.0,0.0,247.46223332692676,43.18926458294908,a63a69ae5548c62fe69f680f38bdf7fc,1111111111111011110000111000001110001011111111111111111111111111
37-05.tif,..\dataset\genuine\37\37-05.tif,0,37,Human,genuine,No,0,,,943,275,L,TIFF,253.5361328125,255.0,0.0,246.8846428227128,44.7611110015523,273e3c01b2e60371cc9a6ae64729a044,1111011111111011110000111000001110000011111111111111111111111111
37-06.tif,..\dataset\genuine\37\37-06.tif,0,37,Human,genuine,No,0,,,991,275,L,TIFF,266.4267578125,255.0,0.0,247.78299238601963,42.287725673825776,7d9d1a9fec06822cf7f630e449f0217f,1111101111111011110000111000001110000011110111111111111111111111
37-07.tif,..\dataset\genuine\37\37-07.tif,0,37,Human,genuine,No,0,,,947,276,L,TIFF,255.53515625,255.0,0.0,246.86039438042332,44.82573204477327,a28b3a2de1ba7b62740b96e87a936459,1111110111100001110000011000000111011111111111111111111111111111
37-08.tif,..\dataset\genuine\37\37-08.tif,0,37,Human,genuine,No,0,,,942,276,L,TIFF,254.1875,255.0,0.0,247.0771023723807,44.24439612227958,645ec14d74d434db4f56f987c44c1ba1,1111111111111001110000111100001111000011110111111111111111111111
37-09.tif,..\dataset\genuine\37\37-09.tif,0,37,Human,genuine,No,0,,,991,276,L,TIFF,267.39453125,255.0,0.0,247.9172882025183,41.90377908914234,0ae09fb72e82b799f3d94f159b3f162e,1111111111111001111000111100001111000011111111111111111111111111
37-10.tif,..\dataset\genuine\37\37-10.tif,0,37,Human,genuine,No,0,,,946,276,L,TIFF,255.265625,255.0,0.0,246.436712933174,45.93809221824258,819c2f0c8069f69862ce101194836a26,1111110111101001110000011100000111010111111111111111111111111111
38-01.tif,..\dataset\genuine\38\38-01.tif,0,38,Human,genuine,No,0,,,993,275,L,TIFF,266.9638671875,255.0,0.0,249.20104366932162,38.01454944883437,6aeb12d28256ef09132cc142f9533b25,1111111111111111111111110000000100001001110111111111111111111111
38-02.tif,..\dataset\genuine\38\38-02.tif,0,38,Human,genuine,No,0,,,941,275,L,TIFF,252.9990234375,255.0,0.0,249.56840884938654,36.81784297020958,36b8ab8a814e9fe1146d3a4aef8c4cb3,1111111111111111111111110000000100000001110111111111111111111111
38-03.tif,..\dataset\genuine\38\38-03.tif,0,38,Human,genuine,No,0,,,944,275,L,TIFF,253.8046875,254.9949398737945,1.1359166243723398,248.76153697996918,39.394030629723154,1693eacd98ae0d889b3bb8d4ac4df376,1111111111111111111111110000000100001001111111111111111111111111
38-04.tif,..\dataset\genuine\38\38-04.tif,0,38,Human,genuine,No,0,,,993,276,L,TIFF,267.93359375,255.0,0.0,249.854744078112,35.85479886402539,f912e4d139dd2d6d7fbe63ce639dcb2b,1111111111111111111111110000001100000001100111111111111111111111
38-05.tif,..\dataset\genuine\38\38-05.tif,0,38,Human,genuine,No,0,,,942,276,L,TIFF,254.1875,255.0,0.0,249.71545278316256,36.32675461703898,816a5fb4e52781bf3959bf2b05a98c7d,1111111111111111111111110000000100000001110011111111111111111111
38-06.tif,..\dataset\genuine\38\38-06.tif,0,38,Human,genuine,No,0,,,944,276,L,TIFF,254.7265625,255.0,0.0,249.19618183493,38.03011079131449,5e336a821583af8cfd29f733ce7e3626,1111111111111111001011110000000110001011111111111111111111111111
38-07.tif,..\dataset\genuine\38\38-07.tif,0,38,Human,genuine,No,0,,,993,275,L,TIFF,266.9638671875,254.81636597938143,6.840537537664964,250.16380115352925,34.78278146680389,74eb1282298a0693008cc04aeb9fe1d7,1111111111111111000011110000000110001011111111111111111111111111
38-08.tif,..\dataset\genuine\38\38-08.tif,0,38,Human,genuine,No,0,,,942,275,L,TIFF,253.267578125,255.0,0.0,249.9157498552403,35.64595611537491,ea4b455328032ec1db54dbddabfb8d80,1111111111111111001011110000000111001001111111111111111111111111
38-09.tif,..\dataset\genuine\38\38-09.tif,0,38,Human,genuine,No,0,,,944,275,L,TIFF,253.8046875,254.9848196213835,1.9674262637550262,249.56209553158706,36.838768090663876,ce0f85b335955969e38c4065ae3679ae,1111111111111111111111110000000100000001111111111111111111111111
38-10.tif,..\dataset\genuine\38\38-10.tif,0,38,Human,genuine,No,0,,,993,276,L,TIFF,267.93359375,254.2957666553172,13.382210515843282,250.20272341170804,34.645225751174934,b98580c2185704a72daeabe4dd11cd5f,1111111111111111000111110000001110001011111111111111111111111111
39-01.tif,..\dataset\genuine\39\39-01.tif,0,39,Human,genuine,No,0,,,993,276,L,TIFF,267.93359375,255.0,0.0,248.60518192565348,39.87210692645137,f679cb036d9eff00a2303d62e0ffbb78,1111111111111111100000111000001111111111111111111111111111111111
39-02.tif,..\dataset\genuine\39\39-02.tif,0,39,Human,genuine,No,0,,,942,276,L,TIFF,254.1875,254.97977635022602,2.270819608941322,248.831752515462,39.177236139455744,5e30782e3bff07645f420fbebd759477,1111111111111111100000111000001111111011111111111111111111111111
39-03.tif,..\dataset\genuine\39\39-03.tif,0,39,Human,genuine,No,0,,,943,276,L,TIFF,254.45703125,254.9898933851215,1.6053300752053834,248.60902992300245,39.86041734740492,6239725aacf8e10b65f3d5004de230f9,1111111111111111110000111000000111001001111111111111111111111111
39-04.tif,..\dataset\genuine\39\39-04.tif,0,39,Human,genuine,No,0,,,993,275,L,TIFF,266.9638671875,255.0,0.0,248.06086240043945,41.48889558981183,090bc68869c94caec910603cc361da82,1111111111111111100000111000001111111111111111111111111111111111
39-05.tif,..\dataset\genuine\39\39-05.tif,0,39,Human,genuine,No,0,,,942,275,L,TIFF,253.267578125,255.0,0.0,248.6341053850608,39.78414901139628,ea444695aa09c74b12531aad7f98d6c8,1111111111111111110000111000000111001001111111111111111111111111
39-06.tif,..\dataset\genuine\39\39-06.tif,0,39,Human,genuine,No,0,,,943,275,L,TIFF,253.5361328125,255.0,0.0,248.73427166682734,39.477859281043926,17337edd068bb25145e46046d9bbde72,1111111111111111110000011100000111111111111111111111111111111111
39-07.tif,..\dataset\genuine\39\39-07.tif,0,39,Human,genuine,No,0,,,993,276,L,TIFF,267.93359375,255.0,0.0,248.11763868820876,41.323543377604054,0ad3378a0bc74269c836f671d0f1afac,1111111111111011100000111000001111111111111111111111111111111111
39-08.tif,..\dataset\genuine\39\39-08.tif,0,39,Human,genuine,No,0,,,942,276,L,TIFF,254.1875,255.0,0.0,248.74838456567895,39.43449302594403,792d25abf30d48183f65112a2ac32d3f,1111111111111111110000011000000111001001111111111111111111111111
39-09.tif,..\dataset\genuine\39\39-09.tif,0,39,Human,genuine,No,0,,,944,276,L,TIFF,254.7265625,255.0,0.0,249.37626658069271,37.44897387582104,8632b7db0fe2b20ec155dfc658fa6729,1111111111111111110000011100000111111111111111111111111111111111
39-10.tif,..\dataset\genuine\39\39-10.tif,0,39,Human,genuine,No,0,,,993,275,L,TIFF,266.9638671875,254.98550257731958,1.9226628951120837,249.12353748970062,38.26179724596565,c46f22fe83c18f57c23228eb5cc8e3ea,1111111111110011100000111000101111111111111111111111111111111111
4-01.tif,..\dataset\genuine\4\4-01.tif,0,4,Human,genuine,No,0,,,1069,289,L,TIFF,301.9892578125,254.98315886801174,2.072246373691032,240.80971771309086,58.45646133473755,a1ca413b58ad1f56e86cea02fbd4cb25,1111111111111111000000000000000000011111111111111111111111111111
4-02.tif,..\dataset\genuine\4\4-02.tif,0,4,Human,genuine,No,0,,,1009,289,L,TIFF,285.0556640625,254.5092035274356,11.17641352699683,242.13286305602517,55.81717215677068,d0f3c992f24661e16cd408467bcb6bc9,1111111110111111000000000000000011111111111111111111111111111111
4-03.tif,..\dataset\genuine\4\4-03.tif,0,4,Human,genuine,No,0,,,1013,289,L,TIFF,286.1845703125,254.9866408214585,1.8456467864759947,242.58347366587307,54.88209260766486,d7fddcfea258f48a71dcda60bc49fee9,1111111110111111000000000000000111111111111111111111111111111111
4-04.tif,..\dataset\genuine\4\4-04.tif,0,4,Human,genuine,No,0,,,1069,296,L,TIFF,309.296875,254.9916813466432,1.4564296776692516,243.5726114327611,52.75792713118338,5263ec751f56d1411eb7189e295fcbb8,1111111110111111000011110000000100000001111111111111111111111111
4-05.tif,..\dataset\genuine\4\4-05.tif,0,4,Human,genuine,No,0,,,1009,296,L,TIFF,291.953125,254.99559220078822,1.060174216961752,242.04355061205905,56.00022333154279,0a540c8c375e06efc2fbf7fc444384df,1111111110101111000000000000000011111111111111111111111111111111
4-06.tif,..\dataset\genuine\4\4-06.tif,0,4,Human,genuine,No,0,,,1013,296,L,TIFF,293.109375,254.99560071768684,1.0591494871692577,243.62973906779436,52.63205965992589,dee2347b2bf813f89f86a228e0e2a150,1111111111111111100000000000000100011111111111111111111111111111
4-07.tif,..\dataset\genuine\4\4-07.tif,0,4,Human,genuine,No,0,,,1068,297,L,TIFF,310.05078125,255.0,0.0,243.5047573109371,52.90695872218123,9212431f05e9c12503018fba5d357d68,1111111110111111000010000000000000000001111111111111111111111111
4-08.tif,..\dataset\genuine\4\4-08.tif,0,4,Human,genuine,No,0,,,1009,297,L,TIFF,292.9384765625,255.0,0.0,242.76025868196334,54.50984102496442,ee689de00748d45dd15bbedc6b765f0b,1111111111111111000000010000000100011111111111111111111111111111
4-09.tif,..\dataset\genuine\4\4-09.tif,0,4,Human,genuine,No,0,,,1014,297,L,TIFF,294.388671875,255.0,0.0,244.0890163967087,51.60669777895102,fe3bce918656f997ac9269c711333001,1111111110111111100000010000000100011111111111111111111111111111
4-10.tif,..\dataset\genuine\4\4-10.tif,0,4,Human,genuine,No,0,,,1068,297,L,TIFF,310.05078125,255.0,0.0,242.45483864865886,55.151020582223175,77d5bff57e93720c351f48bd6e144f8e,1111111110111111001110010000000010000001111111111111111111111111
B-S-4-G-01.tif,..\dataset\genuine\4\B-S-4-G-01.tif,0,4,Human,genuine,No,0,,,1069,289,L,TIFF,301.9892578125,254.98315886801174,2.072246373691032,240.80971771309086,58.45646133473755,a1ca413b58ad1f56e86cea02fbd4cb25,1111111111111111000000000000000000011111111111111111111111111111
B-S-4-G-02.tif,..\dataset\genuine\4\B-S-4-G-02.tif,0,4,Human,genuine,No,0,,,1009,289,L,TIFF,285.0556640625,254.5092035274356,11.17641352699683,242.13286305602517,55.81717215677068,d0f3c992f24661e16cd408467bcb6bc9,1111111110111111000000000000000011111111111111111111111111111111
B-S-4-G-03.tif,..\dataset\genuine\4\B-S-4-G-03.tif,0,4,Human,genuine,No,0,,,1013,289,L,TIFF,286.1845703125,254.9866408214585,1.8456467864759947,242.58347366587307,54.88209260766486,d7fddcfea258f48a71dcda60bc49fee9,1111111110111111000000000000000111111111111111111111111111111111
B-S-4-G-04.tif,..\dataset\genuine\4\B-S-4-G-04.tif,0,4,Human,genuine,No,0,,,1069,296,L,TIFF,309.296875,254.9916813466432,1.4564296776692516,243.5726114327611,52.75792713118338,5263ec751f56d1411eb7189e295fcbb8,1111111110111111000011110000000100000001111111111111111111111111
B-S-4-G-05.tif,..\dataset\genuine\4\B-S-4-G-05.tif,0,4,Human,genuine,No,0,,,1009,296,L,TIFF,291.953125,254.99559220078822,1.060174216961752,242.04355061205905,56.00022333154279,0a540c8c375e06efc2fbf7fc444384df,1111111110101111000000000000000011111111111111111111111111111111
B-S-4-G-06.tif,..\dataset\genuine\4\B-S-4-G-06.tif,0,4,Human,genuine,No,0,,,1013,296,L,TIFF,293.109375,254.99560071768684,1.0591494871692577,243.62973906779436,52.63205965992589,dee2347b2bf813f89f86a228e0e2a150,1111111111111111100000000000000100011111111111111111111111111111
B-S-4-G-07.tif,..\dataset\genuine\4\B-S-4-G-07.tif,0,4,Human,genuine,No,0,,,1068,297,L,TIFF,310.05078125,255.0,0.0,243.5047573109371,52.90695872218123,9212431f05e9c12503018fba5d357d68,1111111110111111000010000000000000000001111111111111111111111111
B-S-4-G-08.tif,..\dataset\genuine\4\B-S-4-G-08.tif,0,4,Human,genuine,No,0,,,1009,297,L,TIFF,292.9384765625,255.0,0.0,242.76025868196334,54.50984102496442,ee689de00748d45dd15bbedc6b765f0b,1111111111111111000000010000000100011111111111111111111111111111
B-S-4-G-09.tif,..\dataset\genuine\4\B-S-4-G-09.tif,0,4,Human,genuine,No,0,,,1014,297,L,TIFF,294.388671875,255.0,0.0,244.0890163967087,51.60669777895102,fe3bce918656f997ac9269c711333001,1111111110111111100000010000000100011111111111111111111111111111
B-S-4-G-10.tif,..\dataset\genuine\4\B-S-4-G-10.tif,0,4,Human,genuine,No,0,,,1068,297,L,TIFF,310.05078125,255.0,0.0,242.45483864865886,55.151020582223175,77d5bff57e93720c351f48bd6e144f8e,1111111110111111001110010000000010000001111111111111111111111111
40-01.tif,..\dataset\genuine\40\40-01.tif,0,40,Human,genuine,No,0,,,1049,290,L,TIFF,297.369140625,255.0,0.0,248.41397389960883,40.448249848475726,fb5c5114b0d4a36af9a2cebe3f663da6,1111111111111111101111111000001110000111111111111111111111111111
40-02.tif,..\dataset\genuine\40\40-02.tif,0,40,Human,genuine,No,0,,,999,290,L,TIFF,283.208984375,255.0,0.0,248.0508957233095,41.51784604610113,10ef8019b4a0c6ea8459d475efb26004,1111111110001111000001110000011111111111111111111111111111111111
40-03.tif,..\dataset\genuine\40\40-03.tif,0,40,Human,genuine,No,0,,,1049,288,L,TIFF,295.3203125,255.0,0.0,248.4011558627264,40.48654728495301,26b6405e9deffe82236cd0031ddb82e1,1111111111111111101001111000011110000111111111111111111111111111
40-04.tif,..\dataset\genuine\40\40-04.tif,0,40,Human,genuine,No,0,,,999,288,L,TIFF,281.2578125,255.0,0.0,247.83246788455122,42.14673383328119,252b6e52d9dabc0fd17fbd8da70d09bc,1111111110101111100000111000011110111111111111111111111111111111
40-05.tif,..\dataset\genuine\40\40-05.tif,0,40,Human,genuine,No,0,,,1049,291,L,TIFF,298.3935546875,255.0,0.0,247.55279942606114,42.9368763415078,e02ac7b132a70aeb41abd02ed66b6e53,1111111110111111100000111000001110001111111111111111111111111111
40-06.tif,..\dataset\genuine\40\40-06.tif,0,40,Human,genuine,No,0,,,999,291,L,TIFF,284.1845703125,255.0,0.0,247.80724022992064,42.21869192976216,8b03fa25d5159e68c43cca952889173c,1111111110101111100000111000001111111111111111111111111111111111
40-07.tif,..\dataset\genuine\40\40-07.tif,0,40,Human,genuine,No,0,,,1050,289,L,TIFF,296.626953125,255.0,0.0,247.67899159663867,42.58239047793178,98e76962ddc849344445a3bb19340323,1111111110111111100000111000001110001111111111111111111111111111
40-08.tif,..\dataset\genuine\40\40-08.tif,0,40,Human,genuine,No,0,,,999,289,L,TIFF,282.2333984375,255.0,0.0,247.2531354884296,43.76570050495961,0258b2fe6f23cd1631572d921c960245,1111111111111111101011011000000110000011111111111111111111111111
40-09.tif,..\dataset\genuine\40\40-09.tif,0,40,Human,genuine,No,0,,,1050,292,L,TIFF,299.703125,255.0,0.0,248.5750978473581,39.96336674071213,d2b7dc94af46da41d73c90e04942a8e4,1111111111111111100000111000001111101111111111111111111111111111
40-10.tif,..\dataset\genuine\40\40-10.tif,0,40,Human,genuine,No,0,,,999,292,L,TIFF,285.16015625,255.0,0.0,247.92191163766506,41.89049053819241,34c625a03fb8557783a57a84c3fbfb73,1111111110111111100000111000001110111111111111111111111111111111
41-01.tif,..\dataset\genuine\41\41-01.tif,0,41,Human,genuine,No,0,,,1050,291,L,TIFF,298.677734375,255.0,0.0,247.18517427589592,43.9512122534569,a98ee60573a75536c5be6122e6b229ba,1111111100111111000000110000001110100111111111111111111111111111
41-02.tif,..\dataset\genuine\41\41-02.tif,0,41,Human,genuine,No,0,,,998,291,L,TIFF,283.900390625,255.0,0.0,246.36442989070926,46.12480142782909,b0117af5f8e9b59d8c23e52830dafadd,1111111110111111000000110000001110010111111111111111111111111111
41-03.tif,..\dataset\genuine\41\41-03.tif,0,41,Human,genuine,No,0,,,1050,288,L,TIFF,295.6015625,255.0,0.0,247.09618055555555,44.192800279264446,0a115c7db9354f787583a4de98cac3f6,1111111100111111000000110000001110111111111111111111111111111111
41-04.tif,..\dataset\genuine\41\41-04.tif,0,41,Human,genuine,No,0,,,998,288,L,TIFF,280.9765625,255.0,0.0,247.38878799265197,43.39272420179388,63a4e94180caadf731a6c3c9b4b0f4ca,0011111100111111000000111000011110111111111111111111111111111111
41-05.tif,..\dataset\genuine\41\41-05.tif,0,41,Human,genuine,No,0,,,1050,290,L,TIFF,297.65234375,255.0,0.0,247.06610837438424,44.274097711924114,be7f46be5c1eabe060996457899a41e0,1111111101111111000000110000011110101111111111111111111111111111
41-06.tif,..\dataset\genuine\41\41-06.tif,0,41,Human,genuine,No,0,,,998,290,L,TIFF,282.92578125,255.0,0.0,247.59018036072143,42.832214289356955,97a5a07bc9854221872cc58c87c08b6b,0111111100001011000000111010011111111111111111111111111111111111
41-07.tif,..\dataset\genuine\41\41-07.tif,0,41,Human,genuine,No,0,,,1050,290,L,TIFF,297.65234375,255.0,0.0,247.20009852216748,43.910550142117295,07605a5d34633e213c700229ed9060f7,1111111100011111000001110000011110111111110111111111111111111111
41-08.tif,..\dataset\genuine\41\41-08.tif,0,41,Human,genuine,No,0,,,998,290,L,TIFF,282.92578125,254.99095167127953,1.518960813011525,247.3381936286366,43.532256406317906,7884f6a4cc640d736d044a35f5cd97e2,1111111100111111000000010000001110111111111111111111111111111111
41-09.tif,..\dataset\genuine\41\41-09.tif,0,41,Human,genuine,No,0,,,1050,291,L,TIFF,298.677734375,255.0,0.0,248.0898379970545,41.404600853578486,ee01a1bb75fdad2b91d8f0e312cff3b2,1111111100011011000000111010011110011111111111111111111111111111
41-10.tif,..\dataset\genuine\41\41-10.tif,0,41,Human,genuine,No,0,,,998,291,L,TIFF,283.900390625,254.9864510644327,1.858707883450883,247.67096047765634,42.605049675802015,8a67686d13ec747032fcde2ea540fb34,1111111100001011000000111010011111111111111111111111111111111111
42-01.tif,..\dataset\genuine\42\42-01.tif,0,42,Human,genuine,No,0,,,999,292,L,TIFF,285.16015625,254.139305153036,14.789739360659295,243.03709531449257,53.920586108552804,ab2d047c83323d0f978d244e5910802a,1111111100101111000000010000000111111111111111111111111111111111
42-02.tif,..\dataset\genuine\42\42-02.tif,0,42,Human,genuine,No,0,,,999,292,L,TIFF,285.16015625,255.0,0.0,243.2189209757703,53.529256749962734,6cf93b3f63df1846cc71385c7187478f,1111111100000111000000000000000011111111111111111111111111111111
42-03.tif,..\dataset\genuine\42\42-03.tif,0,42,Human,genuine,No,0,,,999,290,L,TIFF,283.208984375,253.24097389700665,21.10586372154165,242.44320182251218,55.17526941292843,7c59eec5563a4e71b8c899e3496e8bce,1111111100000111000000000000000011111111111111111111111111111111
42-04.tif,..\dataset\genuine\42\42-04.tif,0,42,Human,genuine,No,0,,,998,290,L,TIFF,282.92578125,254.61092186502023,9.953066995892428,243.75310966761108,52.358996291090136,5e724f6a382f1eb1dc401053cfe4ffea,1111111111111111000000110000000111000001111111111111111111111111
42-05.tif,..\dataset\genuine\42\42-05.tif,0,42,Human,genuine,No,0,,,998,290,L,TIFF,282.92578125,252.76958697040664,23.74406410587131,241.99889434040495,56.09147167640357,09ddb18cea513494e80a0c2c328bbd23,1111111100000111000000000000000011111101111111111111111111111111
42-06.tif,..\dataset\genuine\42\42-06.tif,0,42,Human,genuine,No,0,,,999,290,L,TIFF,283.208984375,254.72416300184423,8.382263923318625,243.41053122087604,53.11307515192769,72284091c8d62ecbdbfa0724ca7507eb,1111111111111111000000000000000011111101111111111111111111111111
42-07.tif,..\dataset\genuine\42\42-07.tif,0,42,Human,genuine,No,0,,,999,291,L,TIFF,284.1845703125,252.6571959638874,24.32953551667364,241.46182264738965,57.174758231975986,9b3903310c426bdbedc63e17cdd78aa7,1111111100000111000000001000000011111111111111111111111111111111
42-08.tif,..\dataset\genuine\42\42-08.tif,0,42,Human,genuine,No,0,,,998,291,L,TIFF,283.900390625,253.31089936594523,20.684960737985467,243.8760510712146,52.085168110221666,33dc84fd82a68d99499aa6417189dc4d,1111111111111111010000010000000000111111111111111111111111111111
42-09.tif,..\dataset\genuine\42\42-09.tif,0,42,Human,genuine,No,0,,,999,291,L,TIFF,284.1845703125,251.70021242697823,28.81938988065992,242.09689070513812,55.89098890442561,3a09f30fbd3ee7b4d85e7268fc8e2a2e,1111111100000111000000001000000011111111111111111111111111111111
42-10.tif,..\dataset\genuine\42\42-10.tif,0,42,Human,genuine,No,0,,,998,291,L,TIFF,283.900390625,255.0,0.0,244.71019358304238,50.17988162825548,6b9be860b61a98e1f0d7192e271cddb9,1111111111111111000000010000000011111101111111111111111111111111
43-01.tif,..\dataset\genuine\43\43-01.tif,0,43,Human,genuine,No,0,,,1049,291,L,TIFF,298.3935546875,255.0,0.0,249.84835827936277,35.876583259065846,d346dd525fa674d4f14cd301c4336913,1111111111111111000001110000011100101111101011111111111111111111
43-02.tif,..\dataset\genuine\43\43-02.tif,0,43,Human,genuine,No,0,,,999,291,L,TIFF,284.1845703125,255.0,0.0,248.518621714498,40.134065310197926,a73cacf18740bdd0b9960a4fd260bdf5,1111111100110111000001110010111110101111111111111111111111111111
43-03.tif,..\dataset\genuine\43\43-03.tif,0,43,Human,genuine,No,0,,,1049,288,L,TIFF,295.3203125,255.0,0.0,249.62757189386718,36.62111663109557,992ec6a31f5164f5e5314ac2476313d0,1111111111111111100001111000011110100111111111111111111111111111
43-04.tif,..\dataset\genuine\43\43-04.tif,0,43,Human,genuine,No,0,,,999,288,L,TIFF,281.2578125,255.0,0.0,248.89603144811477,38.97760316705386,b42c1d03aaf81e17b7f7bbe81f54d2a4,1111111100000111000001110010011111100111111111111111111111111111
43-05.tif,..\dataset\genuine\43\43-05.tif,0,43,Human,genuine,No,0,,,1050,291,L,TIFF,298.677734375,255.0,0.0,249.5119293078056,37.004582237704696,4221fe90a6cfb834fd136c3152924a94,1111111111111111100000111000011110010111110111111111111111111111
43-06.tif,..\dataset\genuine\43\43-06.tif,0,43,Human,genuine,No,0,,,998,291,L,TIFF,283.900390625,255.0,0.0,248.32422577112987,40.71555558760107,9820e90a52b9b3e1cd3d863310f589ee,1111111111111111000000110000011110100111111111111111111111111111
43-07.tif,..\dataset\genuine\43\43-07.tif,0,43,Human,genuine,No,0,,,1050,290,L,TIFF,297.65234375,255.0,0.0,249.0776354679803,38.4074023335984,6d8722f36d761d916b001da9ea20f702,1111111111111111100000111000011110110111111111111111111111111111
43-08.tif,..\dataset\genuine\43\43-08.tif,0,43,Human,genuine,No,0,,,999,290,L,TIFF,283.208984375,255.0,0.0,247.67241379310346,42.60095026098737,0c8f8e86c9b24ccd5fc3263cd2fc0dd0,1111111110111011000000111000011110110111101101111111111111111111
43-09.tif,..\dataset\genuine\43\43-09.tif,0,43,Human,genuine,No,0,,,1051,291,L,TIFF,298.9619140625,255.0,0.0,249.39208608394557,37.39745111774331,8a61ab970c75e02a57378a3171865e9d,1111111100111111000001110000011110111111111111111111111111111111
43-10.tif,..\dataset\genuine\43\43-10.tif,0,43,Human,genuine,No,0,,,998,289,L,TIFF,281.951171875,255.0,0.0,248.00483319580337,41.651352636518375,60a967c9b7eaf60a19eb8c5eadc9ad49,1111111111111111100000111000011110110111111101111111111111111111
44-01.tif,..\dataset\genuine\44\44-01.tif,0,44,Human,genuine,No,0,,,1050,291,L,TIFF,298.677734375,255.0,0.0,248.68404516445753,39.631770053565816,bf472984f0e5c31e13101f5127f95014,1111111111111111111111110000111100001111111011111111111111111111
44-02.tif,..\dataset\genuine\44\44-02.tif,0,44,Human,genuine,No,0,,,999,291,L,TIFF,284.1845703125,255.0,0.0,248.38792400648072,40.52603890591018,900d1c006e2fdf2144eb3952700c35bc,1111111111111111110011110000111100001111111111111111111111111111
44-03.tif,..\dataset\genuine\44\44-03.tif,0,44,Human,genuine,No,0,,,1050,288,L,TIFF,295.6015625,255.0,0.0,248.5609126984127,40.00631720900211,1a60f81294ff19042528b23ac2e79495,1111111111111111110011110000011100000111111111111111111111111111
44-04.tif,..\dataset\genuine\44\44-04.tif,0,44,Human,genuine,No,0,,,998,288,L,TIFF,280.9765625,255.0,0.0,248.54479792919173,40.05504829957324,141c7d028316ecc191031319e429134f,1111111111111111000011110000111111111111111111111111111111111111
44-05.tif,..\dataset\genuine\44\44-05.tif,0,44,Human,genuine,No,0,,,1050,291,L,TIFF,298.677734375,255.0,0.0,248.4044673539519,40.47665714775841,cdeab2e68bab8348fdb8763b891c4fa7,1111111111111111000011110000011101111111111111111111111111111111
44-06.tif,..\dataset\genuine\44\44-06.tif,0,44,Human,genuine,No,0,,,998,291,L,TIFF,283.900390625,255.0,0.0,248.65085841786666,39.733103385137525,b96d998f2e9c07a57b621e055085ddcf,1111111111011111000011110000011111111111111111111111111111111111
44-07.tif,..\dataset\genuine\44\44-07.tif,0,44,Human,genuine,No,0,,,1050,290,L,TIFF,297.65234375,255.0,0.0,248.2812315270936,40.84291995926114,5514ac8d98beb77740b163a7179992eb,1111111111111111000001110000011100111111111111111111111111111111
44-08.tif,..\dataset\genuine\44\44-08.tif,0,44,Human,genuine,No,0,,,998,290,L,TIFF,282.92578125,255.0,0.0,248.28975191762837,40.817714679753884,2ae9e8549476553d558a6dd7228388c9,1111111111111111000011110000111111111111111111111111111111111111
44-09.tif,..\dataset\genuine\44\44-09.tif,0,44,Human,genuine,No,0,,,1051,291,L,TIFF,298.9619140625,255.0,0.0,248.66587540584814,39.68728558536708,49bd45f55e7d2ecbe03eb3e0214cb515,1111111111111111010011110000011100001111111111111111111111111111
44-10.tif,..\dataset\genuine\44\44-10.tif,0,44,Human,genuine,No,0,,,998,291,L,TIFF,283.900390625,255.0,0.0,248.17495816375018,41.15585586738713,e0836aa1a46cf3c3d1191d109715e28b,1111111111111111000011110000111100101111111111111111111111111111
45-01.tif,..\dataset\genuine\45\45-01.tif,0,45,Human,genuine,No,0,,,999,293,L,TIFF,286.1357421875,255.0,0.0,248.83031495659483,39.18168797453095,acbd0418d5580802f4708129ae07a060,1111111111111111111111111001001110000011101001111111111111111111
45-02.tif,..\dataset\genuine\45\45-02.tif,0,45,Human,genuine,No,0,,,998,293,L,TIFF,285.849609375,255.0,0.0,249.26277469615,37.816354904916714,df8b03b3bd3d2673f84df9d372f74fa2,1111111111111111111111110000011100000111001111111111111111111111
45-03.tif,..\dataset\genuine\45\45-03.tif,0,45,Human,genuine,No,0,,,999,289,L,TIFF,282.2333984375,255.0,0.0,249.20155449567216,38.01291403374574,3cf0d560b8742101cbf730f89df30e2e,1111111111111111101111111000001110000111111111111111111111111111
45-04.tif,..\dataset\genuine\45\45-04.tif,0,45,Human,genuine,No,0,,,998,289,L,TIFF,281.951171875,255.0,0.0,248.67234468937875,39.66752932157968,cdfb0c5174d1ccc54713fe2d2ccf9e2c,1111111111111111111111110000011100000111001011111111111111111111
45-05.tif,..\dataset\genuine\45\45-05.tif,0,45,Human,genuine,No,0,,,999,291,L,TIFF,284.1845703125,254.98194370685076,2.1457000543718467,248.7615966481946,39.39384696028764,a5d42f8bafa0a653de4111aa5cc1ffa3,1111111111111111111111110000011100000111001011111111111111111111
45-06.tif,..\dataset\genuine\45\45-06.tif,0,45,Human,genuine,No,0,,,999,291,L,TIFF,284.1845703125,255.0,0.0,249.34666625388274,37.54517176435488,1a8ff3cf8e37789f550c6f5a55a577e1,1111111111111111111111111000011110000111101111111111111111111111
45-07.tif,..\dataset\genuine\45\45-07.tif,0,45,Human,genuine,No,0,,,999,290,L,TIFF,283.208984375,255.0,0.0,248.55612509060785,40.020801816644116,f52184e25c79da5b7eb379f3ff109e17,1111111111111111111111110001111100000111001001111111111111111111
45-08.tif,..\dataset\genuine\45\45-08.tif,0,45,Human,genuine,No,0,,,998,290,L,TIFF,282.92578125,255.0,0.0,249.42457328450004,37.29139886612703,0fc7d27e08d7d3ceac7899373883ef30,1111111111111111111111111111111100001111000011111111111111111111
45-09.tif,..\dataset\genuine\45\45-09.tif,0,45,Human,genuine,No,0,,,1000,291,L,TIFF,284.46875,255.0,0.0,248.23154639175257,40.98955605829484,ed2ef3e02059fdc4b4f2016bcbf9febc,1111111111111111111111111111111100000111000001111110111111111111
45-10.tif,..\dataset\genuine\45\45-10.tif,0,45,Human,genuine,No,0,,,998,291,L,TIFF,283.900390625,255.0,0.0,248.2662748176766,40.887123482355825,497679ab1b2fcb76a8b0cbf4de1b7df7,1111111111111111111111110000011100000111001011111111111111111111
46-01.tif,..\dataset\genuine\46\46-01.tif,0,46,Human,genuine,No,0,,,969,281,L,TIFF,266.1962890625,255.0,0.0,248.43135418617717,40.396256939193826,a742ff2f424101afde026b5bae6c5f48,1111111111111111110011111100000111000011111110111111111111111111
46-02.tif,..\dataset\genuine\46\46-02.tif,0,46,Human,genuine,No,0,,,970,281,L,TIFF,266.470703125,255.0,0.0,247.4857467806435,43.1238978930627,cd8df73d566dddefb56f94147edb354a,1111111111111111100011111000001110000011111110111111111111111111
46-03.tif,..\dataset\genuine\46\46-03.tif,0,46,Human,genuine,No,0,,,970,279,L,TIFF,264.576171875,255.0,0.0,247.42622769094336,43.28914311718368,1c54b2790a61d0b1a699dd9695c980c4,1111111111111111100000111000001110010011111111111111111111111111
46-04.tif,..\dataset\genuine\46\46-04.tif,0,46,Human,genuine,No,0,,,969,279,L,TIFF,264.3037109375,255.0,0.0,246.59498207885304,45.526203922990014,249a6c1a03dc6561b08c5d5b27ae9149,1111111111111111110000010000001100010011101111111111111111111111
46-05.tif,..\dataset\genuine\46\46-05.tif,0,46,Human,genuine,No,0,,,969,282,L,TIFF,267.142578125,255.0,0.0,247.51679731243001,43.037406553684114,59b02793b5bb81cde8de73e089a65b83,1111111111111111100000011000000111011011111111111111111111111111
46-06.tif,..\dataset\genuine\46\46-06.tif,0,46,Human,genuine,No,0,,,969,282,L,TIFF,267.142578125,255.0,0.0,247.01661067562523,44.40754184382451,77606adeb0551fe1004fa492f2f9a220,1111111111001101100000010001000100111011111111111111111111111111
46-07.tif,..\dataset\genuine\46\46-07.tif,0,46,Human,genuine,No,0,,,970,281,L,TIFF,266.470703125,255.0,0.0,247.5456213082878,42.95694128667873,8da7660350553475db4e67096d93c0ae,1111111111111111100011011000000111000011111110111111111111111111
46-08.tif,..\dataset\genuine\46\46-08.tif,0,46,Human,genuine,No,0,,,970,281,L,TIFF,266.470703125,255.0,0.0,246.47910628462412,45.82818202495179,9f94b68a2d8a00f9366764e7b3c6df3b,1111111111001111000000010000001100110011111110111111111111111111
46-09.tif,..\dataset\genuine\46\46-09.tif,0,46,Human,genuine,No,0,,,970,282,L,TIFF,267.41796875,255.0,0.0,248.0875740293924,41.41119401449088,4d555178bb4a22a618cbd976d5a3f895,1111111111111111110000011000000011001001111111011111111111111111
46-10.tif,..\dataset\genuine\46\46-10.tif,0,46,Human,genuine,No,0,,,969,282,L,TIFF,267.142578125,255.0,0.0,246.96248600223964,44.552939725282975,48660d50c0432a3e8446e96f3a4fe9fc,1111111111111111000000010000001110010011111111111111111111111111
47-01.tif,..\dataset\genuine\47\47-01.tif,0,47,Human,genuine,No,0,,,1019,282,L,TIFF,280.912109375,253.5571635056053,19.126984313296514,247.0382936963648,44.349141368933275,4ca3f2f025a83ae4d9f6664f540d81eb,1111111111111111000001110000011111110111111111111111111111111111
47-02.tif,..\dataset\genuine\47\47-02.tif,0,47,Human,genuine,No,0,,,969,282,L,TIFF,267.142578125,255.0,0.0,244.72191116088092,50.152502866662,2edba13a0f8c489b74a6bddbc2e17f73,1111111111111111000000010000000111111111111111111111111111111111
47-03.tif,..\dataset\genuine\47\47-03.tif,0,47,Human,genuine,No,0,,,1019,279,L,TIFF,277.9267578125,255.0,0.0,245.49336794453765,48.309575873784624,4eeb8768210a74e74f9e062889bf9cf9,1111111110111111100000111000000111111001111111111111111111111111
47-04.tif,..\dataset\genuine\47\47-04.tif,0,47,Human,genuine,No,0,,,969,279,L,TIFF,264.3037109375,255.0,0.0,245.27824938690813,48.831690236518284,ef1d608b4e8d76eda3ca497b43800cc4,1111111111111111101111111000000110000001111111011111111111111111
47-05.tif,..\dataset\genuine\47\47-05.tif,0,47,Human,genuine,No,0,,,1019,281,L,TIFF,279.9169921875,255.0,0.0,244.98573369327966,49.531327243995555,90225b8588379e9d9e25b918e54cc727,1111111110111111100000111000000111111001111110111111111111111111
47-06.tif,..\dataset\genuine\47\47-06.tif,0,47,Human,genuine,No,0,,,969,281,L,TIFF,266.1962890625,255.0,0.0,244.8295560966473,49.9001529673376,18aa727ef442c384a27d2decb80d2835,1111111111111111000111111000000111100001111111011111111111111111
47-07.tif,..\dataset\genuine\47\47-07.tif,0,47,Human,genuine,No,0,,,1019,281,L,TIFF,279.9169921875,255.0,0.0,245.3455170270204,48.6691289898868,c84a4aeac159ebcd6d5a6d7e8ccc7ae4,1111111111111111100011111000000111100001111111111111111111111111
47-08.tif,..\dataset\genuine\47\47-08.tif,0,47,Human,genuine,No,0,,,969,281,L,TIFF,266.1962890625,255.0,0.0,244.65817568833114,50.30121141068207,bed0bb68743d524f81c46b40a9b25911,1111111111111111100011111000000111110000111111111111111111111111
47-09.tif,..\dataset\genuine\47\47-09.tif,0,47,Human,genuine,No,0,,,1020,282,L,TIFF,281.1875,255.0,0.0,245.66666666666666,47.88411938094809,25574ad9d3e6ec6c80354317e8bdb3ad,1111111111111111100001111000000111100001111111111111111111111111
47-10.tif,..\dataset\genuine\47\47-10.tif,0,47,Human,genuine,No,0,,,969,282,L,TIFF,267.142578125,255.0,0.0,244.57820082120193,50.487076489635534,8b6b2021aae2e3fb14a8b5b98729c4a6,1111111111111111101111111000001110000001111111011111111111111111
48-01.tif,..\dataset\genuine\48\48-01.tif,0,48,Human,genuine,No,0,,,998,292,L,TIFF,284.875,255.0,0.0,245.02194457407967,49.44534905860153,02c22c143fd23834986ddde6ff72095c,1111111111101111100000111000001111110011111110011111111111111111
48-02.tif,..\dataset\genuine\48\48-02.tif,0,48,Human,genuine,No,0,,,999,292,L,TIFF,285.16015625,255.0,0.0,243.91213130939158,52.00447753804447,6b4f91c15c8a654be8f5f2c160150aea,1111111111111111000001110000001110100011111100011111101111111111
48-03.tif,..\dataset\genuine\48\48-03.tif,0,48,Human,genuine,No,0,,,998,290,L,TIFF,282.92578125,255.0,0.0,243.7795418423053,52.30026910966683,0be2866ee4b4e6da817ae23b84669f44,1111111110101111100000111000001111110011111110011111110111111111
48-04.tif,..\dataset\genuine\48\48-04.tif,0,48,Human,genuine,No,0,,,999,290,L,TIFF,283.208984375,255.0,0.0,243.96329087708398,51.88980514590248,8e7d8b44a232588b671e73f025399e3f,1111111111001111000000110000001111110011111110011111111111111111
48-05.tif,..\dataset\genuine\48\48-05.tif,0,48,Human,genuine,No,0,,,999,291,L,TIFF,284.1845703125,254.98194370685076,2.145700054371847,241.82847796249857,56.438011364491544,d697719cef799c310dded22e49c5eaac,1111111110101111000000111000001110110011111110011111110111111111
48-06.tif,..\dataset\genuine\48\48-06.tif,0,48,Human,genuine,No,0,,,999,291,L,TIFF,284.1845703125,255.0,0.0,244.58102432329235,50.480528359047725,25581a1d473880cbb2154dcaa68e577a,1111111100001111000000111000001111110011111110011111111111111111
48-07.tif,..\dataset\genuine\48\48-07.tif,0,48,Human,genuine,No,0,,,999,291,L,TIFF,284.1845703125,255.0,0.0,242.7144154463742,54.606670593896204,fa0d48c2db3531b890ecb32b5e0cbf2c,1101111100001111000000111000001111110011111110011111111111111111
48-08.tif,..\dataset\genuine\48\48-08.tif,0,48,Human,genuine,No,0,,,998,291,L,TIFF,283.900390625,255.0,0.0,243.62580831766627,52.640731782229565,c37907d1c2585c3c61a48a557d6fcc46,1111111110111111100011111000001111000011111100011111100111111111
48-09.tif,..\dataset\genuine\48\48-09.tif,0,48,Human,genuine,No,0,,,1000,290,L,TIFF,283.4921875,255.0,0.0,241.8639827586207,56.36603097243862,1ebacbb3d6c97c9f24096e84e5551985,1111111111101111100000111000001110000001111110011111111111111111
48-10.tif,..\dataset\genuine\48\48-10.tif,0,48,Human,genuine,No,0,,,998,290,L,TIFF,282.92578125,255.0,0.0,242.69406053486284,54.649596681863606,f9d4552e39b454030a7348c5baed6717,1101111110000011000000111000001111110011111110011111111111111111
49-01.tif,..\dataset\genuine\49\49-01.tif,0,49,Human,genuine,No,0,,,999,291,L,TIFF,284.1845703125,255.0,0.0,247.91951745559993,41.89737242071946,63ffc9fd26140b96316acff96b6104b8,1111111111111111100100111000001111000111110011111100111111111111
49-02.tif,..\dataset\genuine\49\49-02.tif,0,49,Human,genuine,No,0,,,1000,291,L,TIFF,284.46875,255.0,0.0,246.8978350515464,44.72590954920559,0d7c3148b557b55729f6daffce5f2a68,1111111111111111101001111000011110000111110111111101111111111111
49-03.tif,..\dataset\genuine\49\49-03.tif,0,49,Human,genuine,No,0,,,999,288,L,TIFF,281.2578125,255.0,0.0,247.35031906906906,43.49886227296456,d8770cd4c1b48357c71056d13f9a36f5,1111111111111111110000111000001110000111110011111100111111111111
49-04.tif,..\dataset\genuine\49\49-04.tif,0,49,Human,genuine,No,0,,,1000,288,L,TIFF,281.5390625,255.0,0.0,246.6859375,45.28755129443514,ce6f5f2b50ac96346b19f80d69fe8e76,1111111111110111000001110000011110011111100111111101111111101111
49-05.tif,..\dataset\genuine\49\49-05.tif,0,49,Human,genuine,No,0,,,1049,291,L,TIFF,298.3935546875,255.0,0.0,247.64970074592395,42.664967018209694,ae9aa2267827d8d9477d8b31130ba53d,1111111111111111101100111000011110000111100111111101111111111111
49-06.tif,..\dataset\genuine\49\49-06.tif,0,49,Human,genuine,No,0,,,998,291,L,TIFF,283.900390625,255.0,0.0,247.98969072164948,41.69513676439081,5792d4a5c2612d330ea7acad91121060,1111111111110111110001111000011110001111110011111100111111111111
49-07.tif,..\dataset\genuine\49\49-07.tif,0,49,Human,genuine,No,0,,,1050,290,L,TIFF,297.65234375,255.0,0.0,247.71512315270937,42.48027972340721,233292bfe4933d2ff92381cb2e84640f,1111111111111111100001111000001110000111110111111110111111111111
49-08.tif,..\dataset\genuine\49\49-08.tif,0,49,Human,genuine,No,0,,,999,290,L,TIFF,283.208984375,255.0,0.0,247.53070311691002,42.99860822468803,f45c5cf599115b42de73819d8e1a12ba,1111111111110001110000011100001111001111111001111111011111111111
49-09.tif,..\dataset\genuine\49\49-09.tif,0,49,Human,genuine,No,0,,,1050,292,L,TIFF,299.703125,255.0,0.0,248.19584148727984,41.09457199773977,cbe8e7ba917f3ac7c392700fec41fcf6,1111111111111111100000111000001111001111110011111111111111111111
49-10.tif,..\dataset\genuine\49\49-10.tif,0,49,Human,genuine,No,0,,,999,292,L,TIFF,285.16015625,255.0,0.0,247.3484614751738,43.50398007118177,adf5e1ce95ab6047f806612bbaba7f35,1111111111111111100000111000001111001111110011111100111111111111
5-01.tif,..\dataset\genuine\5\5-01.tif,0,5,Human,genuine,No,0,,,948,276,L,TIFF,255.8046875,255.0,0.0,243.75126123647038,52.3631001844803,b346b3a6b7175c24c17fe365b356409a,1111111111111111100011111000000110000001111110011111111111111111
5-02.tif,..\dataset\genuine\5\5-02.tif,0,5,Human,genuine,No,0,,,952,276,L,TIFF,256.8828125,255.0,0.0,243.0861801242236,53.81528560075229,d07c85be06ce60413aa7f2e7b42cbf9f,1111111111111111111011111000000110000000111110001111110011111111
5-03.tif,..\dataset\genuine\5\5-03.tif,0,5,Human,genuine,No,0,,,1003,276,L,TIFF,270.62890625,255.0,0.0,243.32995578481945,53.288566718263034,22b27966c04c46416e5e36a7c82425f0,1111111111111111110011110000000110000001111110011111111111111111
5-04.tif,..\dataset\genuine\5\5-04.tif,0,5,Human,genuine,No,0,,,948,278,L,TIFF,257.65625,255.0,0.0,244.41563837537564,50.86239773426326,84e3c3d4795bde055da78aa2bc010293,1111111111101111100000011000000011111001111111111111111111111111
5-05.tif,..\dataset\genuine\5\5-05.tif,0,5,Human,genuine,No,0,,,952,278,L,TIFF,258.7421875,255.0,0.0,242.99749486125384,54.005357889515366,8bd6c3a8384f80673fd6e50ba0735653,1111111111111111110011110000000110000001111110011111111111111111
5-06.tif,..\dataset\genuine\5\5-06.tif,0,5,Human,genuine,No,0,,,1002,278,L,TIFF,272.31640625,255.0,0.0,243.2531340197303,53.4552332761756,73237f0ec76eec8c50ea803b6580290e,1111111111111111100000110000001100000011111100111111111111111111
5-07.tif,..\dataset\genuine\5\5-07.tif,0,5,Human,genuine,No,0,,,949,280,L,TIFF,259.78125,255.0,0.0,244.6740930302574,50.26412162304819,5b77b3c4f37e2e9c28d750ae389a5ec1,1111111111001111100000011000000111110001111111111111111111111111
5-08.tif,..\dataset\genuine\5\5-08.tif,0,5,Human,genuine,No,0,,,951,280,L,TIFF,260.328125,255.0,0.0,242.66848805768365,54.7034675181307,86e45a56d82f7a5db5634ff77dc2c0ac,1111111111111111100000011000000010000000111111001111111111111111
5-09.tif,..\dataset\genuine\5\5-09.tif,0,5,Human,genuine,No,0,,,1002,280,L,TIFF,274.2734375,255.0,0.0,244.03325491873397,51.732489772341005,a67591568721177b92c33593c43b9c7b,1111111111111111100011110000000110000001111110011111111111111111
5-10.tif,..\dataset\genuine\5\5-10.tif,0,5,Human,genuine,No,0,,,948,278,L,TIFF,257.65625,255.0,0.0,244.8104111647391,49.94514423204579,7c86aa12cbde301b6d581c38437ed546,1111111111111111100000111000000111000001111111011111111111111111
B-S-5-G-01.tif,..\dataset\genuine\5\B-S-5-G-01.tif,0,5,Human,genuine,No,0,,,948,276,L,TIFF,255.8046875,255.0,0.0,243.75126123647038,52.3631001844803,b346b3a6b7175c24c17fe365b356409a,1111111111111111100011111000000110000001111110011111111111111111
B-S-5-G-02.tif,..\dataset\genuine\5\B-S-5-G-02.tif,0,5,Human,genuine,No,0,,,952,276,L,TIFF,256.8828125,255.0,0.0,243.0861801242236,53.81528560075229,d07c85be06ce60413aa7f2e7b42cbf9f,1111111111111111111011111000000110000000111110001111110011111111
B-S-5-G-03.tif,..\dataset\genuine\5\B-S-5-G-03.tif,0,5,Human,genuine,No,0,,,1003,276,L,TIFF,270.62890625,255.0,0.0,243.32995578481945,53.288566718263034,22b27966c04c46416e5e36a7c82425f0,1111111111111111110011110000000110000001111110011111111111111111
B-S-5-G-04.tif,..\dataset\genuine\5\B-S-5-G-04.tif,0,5,Human,genuine,No,0,,,948,278,L,TIFF,257.65625,255.0,0.0,244.41563837537564,50.86239773426326,84e3c3d4795bde055da78aa2bc010293,1111111111101111100000011000000011111001111111111111111111111111
B-S-5-G-05.tif,..\dataset\genuine\5\B-S-5-G-05.tif,0,5,Human,genuine,No,0,,,952,278,L,TIFF,258.7421875,255.0,0.0,242.99749486125384,54.005357889515366,8bd6c3a8384f80673fd6e50ba0735653,1111111111111111110011110000000110000001111110011111111111111111
B-S-5-G-06.tif,..\dataset\genuine\5\B-S-5-G-06.tif,0,5,Human,genuine,No,0,,,1002,278,L,TIFF,272.31640625,255.0,0.0,243.2531340197303,53.4552332761756,73237f0ec76eec8c50ea803b6580290e,1111111111111111100000110000001100000011111100111111111111111111
B-S-5-G-07.tif,..\dataset\genuine\5\B-S-5-G-07.tif,0,5,Human,genuine,No,0,,,949,280,L,TIFF,259.78125,255.0,0.0,244.6740930302574,50.26412162304819,5b77b3c4f37e2e9c28d750ae389a5ec1,1111111111001111100000011000000111110001111111111111111111111111
B-S-5-G-08.tif,..\dataset\genuine\5\B-S-5-G-08.tif,0,5,Human,genuine,No,0,,,951,280,L,TIFF,260.328125,255.0,0.0,242.66848805768365,54.7034675181307,86e45a56d82f7a5db5634ff77dc2c0ac,1111111111111111100000011000000010000000111111001111111111111111
B-S-5-G-09.tif,..\dataset\genuine\5\B-S-5-G-09.tif,0,5,Human,genuine,No,0,,,1002,280,L,TIFF,274.2734375,255.0,0.0,244.03325491873397,51.732489772341005,a67591568721177b92c33593c43b9c7b,1111111111111111100011110000000110000001111110011111111111111111
B-S-5-G-10.tif,..\dataset\genuine\5\B-S-5-G-10.tif,0,5,Human,genuine,No,0,,,948,278,L,TIFF,257.65625,255.0,0.0,244.8104111647391,49.94514423204579,7c86aa12cbde301b6d581c38437ed546,1111111111111111100000111000000111000001111111011111111111111111
50-01.tif,..\dataset\genuine\50\50-01.tif,0,50,Human,genuine,No,0,,,1018,282,L,TIFF,280.63671875,255.0,0.0,249.06904443422647,38.43458644696296,4c43cca193458590a3fc80113fa7dd5d,1111111111101111100011111000000111000001111110011111111111111111
50-02.tif,..\dataset\genuine\50\50-02.tif,0,50,Human,genuine,No,0,,,970,282,L,TIFF,267.41796875,255.0,0.0,248.686060539592,39.62560700979026,907032e673df33c09c2c8373d6151f4f,1111011111111111110000011100000111100001111111111111111111111111
50-03.tif,..\dataset\genuine\50\50-03.tif,0,50,Human,genuine,No,0,,,971,282,L,TIFF,267.693359375,255.0,0.0,249.29508951070403,37.71214885258585,42c405ad0ae04b0c65d69b748b3a2b20,1111111111101111100000011000000111001011111111111111111111111111
50-04.tif,..\dataset\genuine\50\50-04.tif,0,50,Human,genuine,No,0,,,1018,279,L,TIFF,277.654296875,255.0,0.0,248.36602446289373,40.59130609545814,03c976e146ba7319a76d7f75c29b742e,1111111111101111110011111100000111000000111110011111110111111111
50-05.tif,..\dataset\genuine\50\50-05.tif,0,50,Human,genuine,No,0,,,970,279,L,TIFF,264.576171875,255.0,0.0,249.55758785057088,36.85370060251982,83717719a6d3a443c0cbaf1b1fd6776f,1111111111111111100000011000001111010011111111111111111111111111
50-06.tif,..\dataset\genuine\50\50-06.tif,0,50,Human,genuine,No,0,,,971,279,L,TIFF,264.8486328125,255.0,0.0,249.28834036521488,37.73393898185783,0a2563ba9607e2550a0b79a3f22459c6,1111111111111111100000011000001111011011111111111111111111111111
50-07.tif,..\dataset\genuine\50\50-07.tif,0,50,Human,genuine,No,0,,,1019,281,L,TIFF,279.9169921875,255.0,0.0,249.41979611579282,37.30701428797955,2a7be3e057673074eea2b7c2be4b0e07,1111111111111111110001001110000011110001111111011111111111111111
50-08.tif,..\dataset\genuine\50\50-08.tif,0,50,Human,genuine,No,0,,,969,281,L,TIFF,266.1962890625,255.0,0.0,249.63850908409813,36.58462243502965,5857518d5e5a6308252954836c9119f4,1111111111101111100000011100001111111011111111111111111111111111
50-09.tif,..\dataset\genuine\50\50-09.tif,0,50,Human,genuine,No,0,,,972,281,L,TIFF,267.01953125,255.0,0.0,249.6055753262159,36.69439295388079,4b404a9cd27829e06ad7526a0361da41,1111111111101111110000011000000110001001111111111111111111111111
50-10.tif,..\dataset\genuine\50\50-10.tif,0,50,Human,genuine,No,0,,,1019,282,L,TIFF,280.912109375,255.0,0.0,249.3765790407784,37.44795697120064,96cb8a70de9b1dead50dce858003524a,1111011111000011110000001111000111111101111111111111111111111111
51-01.tif,..\dataset\genuine\51\51-01.tif,0,51,Human,genuine,No,0,,,998,278,L,TIFF,271.23046875,255.0,0.0,245.4596963711596,48.39173516235846,f5ae1d14c1919058831af1a43ed5a502,1111111110111111000000011000001110000011111110111111111111111111
51-02.tif,..\dataset\genuine\51\51-02.tif,0,51,Human,genuine,No,0,,,951,278,L,TIFF,258.470703125,255.0,0.0,245.34700315457414,48.665530383278416,838efd42b0559bb47ec8a222f0c58ff2,1111111111111111100000010000001110000011111010111111111111111111
51-03.tif,..\dataset\genuine\51\51-03.tif,0,51,Human,genuine,No,0,,,951,278,L,TIFF,258.470703125,255.0,0.0,244.36800717154983,50.97174609281674,1b383357a0d9da07ffccc6a2b1df48ca,1111111111111111100110010000000110000011110000111111101111111111
51-04.tif,..\dataset\genuine\51\51-04.tif,0,51,Human,genuine,No,0,,,999,279,L,TIFF,272.4775390625,255.0,0.0,246.02032139666548,47.00195119387192,ea4045dc4a076a34e840d2be53c6e4f1,1111111111111111100000011000001110000001101110111111111111111111
51-05.tif,..\dataset\genuine\51\51-05.tif,0,51,Human,genuine,No,0,,,950,279,L,TIFF,259.126953125,255.0,0.0,244.40939445387662,50.876748013487266,d5306ad9ed0052c35706832de2a323e4,1111111111111111100101111000000110000001111010011111111111111111
51-06.tif,..\dataset\genuine\51\51-06.tif,0,51,Human,genuine,No,0,,,951,279,L,TIFF,259.3994140625,255.0,0.0,243.99189308368102,51.82556170250575,6622e6b374601186aeba5e181d4aa794,1111111111111111100100111000000110000011111000111111101111111111
51-07.tif,..\dataset\genuine\51\51-07.tif,0,51,Human,genuine,No,0,,,999,278,L,TIFF,271.501953125,255.0,0.0,245.46557348715623,48.37740662588627,d192fbf936e2528d50cddae9f5cfbce9,1111111111111111100000111000000110000011101010011111111111111111
51-08.tif,..\dataset\genuine\51\51-08.tif,0,51,Human,genuine,No,0,,,951,278,L,TIFF,258.470703125,255.0,0.0,245.05764473594627,49.36041089919174,b312f397c3ff19f424fcba980b175232,1111111111111111100000111000000110000001101010011111111111111111
51-09.tif,..\dataset\genuine\51\51-09.tif,0,51,Human,genuine,No,0,,,951,278,L,TIFF,258.470703125,255.0,0.0,243.69766016839526,52.48193757275099,f46b00e31580c15b232320324cb1ece6,1111111111111111111111111000000110000001100000011110100111111111
51-10.tif,..\dataset\genuine\51\51-10.tif,0,51,Human,genuine,No,0,,,999,278,L,TIFF,271.501953125,255.0,0.0,244.76499881176142,50.05167383492382,4ac555e17cd21d4a3afab2623b30fd85,1111111111111111100000011000000110000011110010111111111111111111
52-01.tif,..\dataset\genuine\52\52-01.tif,0,52,Human,genuine,No,0,,,1080,297,L,TIFF,313.53125,255.0,0.0,250.06233632622522,35.138635634544144,7c5952fa2f36b0cd4b651036afddf01c,1111111111110111100000111001011111111111111111111111111111111111
52-02.tif,..\dataset\genuine\52\52-02.tif,0,52,Human,genuine,No,0,,,1017,297,L,TIFF,295.2587890625,255.0,0.0,250.42256388864058,33.85695330420435,e549dc9970f65b644fce4d87accdca57,1111111111111111110000111100001111111111111111111111111111111111
52-03.tif,..\dataset\genuine\52\52-03.tif,0,52,Human,genuine,No,0,,,1018,297,L,TIFF,295.548828125,254.9561885781046,3.3421539675244025,249.94378956559703,35.54952034579077,75b9f4afa599fc71af05330cf21e8cd7,1111111111111111100000111100001111111011111111111111111111111111
52-04.tif,..\dataset\genuine\52\52-04.tif,0,52,Human,genuine,No,0,,,1080,300,L,TIFF,316.6953125,255.0,0.0,250.12430555555557,34.92176523341492,3de3303bafdc209d9782615ad1371266,1111111111111111100000111000001111111111111111111111111111111111
52-05.tif,..\dataset\genuine\52\52-05.tif,0,52,Human,genuine,No,0,,,1017,300,L,TIFF,298.23828125,255.0,0.0,249.78800393313668,36.08176955263071,164cfeb23b9e098d07a00b501e4fe9ab,1111111111111111110001111100001111100011111111111111111111111111
52-06.tif,..\dataset\genuine\52\52-06.tif,0,52,Human,genuine,No,0,,,1081,299,L,TIFF,315.9326171875,255.0,0.0,250.54801852613863,33.398130737977624,4be654cc089783e10f3574896ef0bdb4,1111111110011111100000111000001111111111111111111111111111111111
52-07.tif,..\dataset\genuine\52\52-07.tif,0,52,Human,genuine,No,0,,,1017,299,L,TIFF,297.2451171875,255.0,0.0,250.11187734927634,34.96537620112235,5b4976059a455a372dfebc2375e1755b,1111111111111111110001111100001111000011111111111111111111111111
52-08.tif,..\dataset\genuine\52\52-08.tif,0,52,Human,genuine,No,0,,,1082,300,L,TIFF,317.28125,255.0,0.0,250.43733826247689,33.8032670157388,37a8bca43b704681facb8a8eb61c9029,1111111111111111100000111100001111111111111111111111111111111111
52-09.tif,..\dataset\genuine\52\52-09.tif,0,52,Human,genuine,No,0,,,1017,300,L,TIFF,298.23828125,255.0,0.0,249.9936086529007,35.377476438971925,6fc285990720180e30c10434adb411c7,1111111111111111100000111000001111110111111111111111111111111111
52-10.tif,..\dataset\genuine\52\52-10.tif,0,52,Human,genuine,No,0,,,1082,301,L,TIFF,318.337890625,255.0,0.0,250.2755448566393,34.38627030015543,bc9ae87f35538ca3b4ba231801fd71e3,1111111111111111100000111100001111111111111111111111111111111111
53-01.tif,..\dataset\genuine\53\53-01.tif,0,53,Human,genuine,No,0,,,1009,296,L,TIFF,291.953125,255.0,0.0,249.78497575871214,36.09203102751612,f629457df8b68e3cf3c9d408563e22be,1111111111111111101111111000000110000001111111111111111111111111
53-02.tif,..\dataset\genuine\53\53-02.tif,0,53,Human,genuine,No,0,,,1011,296,L,TIFF,292.53125,255.0,0.0,250.41648287753628,33.87902355464703,2cc18ef4d9ff01af7c7b12bb6e319007,1111111111111111100111111000000010000001111111111111111111111111
53-03.tif,..\dataset\genuine\53\53-03.tif,0,53,Human,genuine,No,0,,,1068,296,L,TIFF,309.0078125,255.0,0.0,250.8313088369268,32.33633035102434,2745479adb130e7bba3af05b55830835,1111111110111111100100111000000110000011111111111111111111111111
53-04.tif,..\dataset\genuine\53\53-04.tif,0,53,Human,genuine,No,0,,,1009,297,L,TIFF,292.9384765625,255.0,0.0,249.93272667207256,35.58760233060907,8702a3114ef82dda46cac7f161c559c2,1111111111111111101111111000000110001001111111111111111111111111
53-05.tif,..\dataset\genuine\53\53-05.tif,0,53,Human,genuine,No,0,,,1010,297,L,TIFF,293.228515625,255.0,0.0,250.44099409940995,33.78996847954804,1da4e3846d1ce634715f6331e5fb46a1,1111111110111111100011111000001110000011111111111111111111111111
53-06.tif,..\dataset\genuine\53\53-06.tif,0,53,Human,genuine,No,0,,,1068,297,L,TIFF,310.05078125,255.0,0.0,250.3710324215942,34.04349264766384,723c1c51c9ca3fdcb33ef6cab84f12b1,1111111110111111100001111000000110000011111111111111111111111111
53-07.tif,..\dataset\genuine\53\53-07.tif,0,53,Human,genuine,No,0,,,1009,296,L,TIFF,291.953125,255.0,0.0,249.76277689979375,36.16715892562284,322195911b8f89a6d1229a166423aad4,1111111111111111000111111000000110000011111111111111111111111111
53-08.tif,..\dataset\genuine\53\53-08.tif,0,53,Human,genuine,No,0,,,1011,296,L,TIFF,292.53125,255.0,0.0,249.65384152698692,36.533395683946,f2c93ca5969f23583c0671574a1a2c25,1111111111111111100111111000000110000001110111111111111111111111
53-09.tif,..\dataset\genuine\53\53-09.tif,0,53,Human,genuine,No,0,,,1066,296,L,TIFF,308.4296875,255.0,0.0,250.58589194259926,33.258280242591894,12cc974f6eb9e7771490ca60498bf5da,1111111110111111100000111000000110111011111111111111111111111111
53-10.tif,..\dataset\genuine\53\53-10.tif,0,53,Human,genuine,No,0,,,1009,295,L,TIFF,290.9677734375,255.0,0.0,249.71760931279502,36.319498535428615,a84ceebcb436f0f0f4e8af8f4a18af47,1111111111111111100111111000000110000001111111111111111111111111
54-01.tif,..\dataset\genuine\54\54-01.tif,0,54,Human,genuine,No,0,,,970,282,L,TIFF,267.41796875,255.0,0.0,246.8859398991007,44.757651350448675,613dc714df3fb79733bfd07420c40d1f,1111011100000011000000110000111110111111111111111111111111111111
54-02.tif,..\dataset\genuine\54\54-02.tif,0,54,Human,genuine,No,0,,,970,282,L,TIFF,267.41796875,255.0,0.0,246.64449440666812,45.39646960479886,7206edea722ca426e4590c5de073d868,1111111111110111100000110000001110001111111111111111111111111111
54-03.tif,..\dataset\genuine\54\54-03.tif,0,54,Human,genuine,No,0,,,1021,282,L,TIFF,281.462890625,255.0,0.0,245.72717611019652,47.734524497564436,c19f8d62aa1a045e4491199fc6d737c0,1101001110000011100000111001111111111111111111111111111111111111
54-04.tif,..\dataset\genuine\54\54-04.tif,0,54,Human,genuine,No,0,,,969,279,L,TIFF,264.3037109375,255.0,0.0,247.7306168647425,42.43640852291221,fc3c303c6182ced964c4c630bc2784ed,1111111111110111100001111000011110011111111111111111111111111111
54-05.tif,..\dataset\genuine\54\54-05.tif,0,54,Human,genuine,No,0,,,969,279,L,TIFF,264.3037109375,255.0,0.0,246.9600075457461,44.55958479575734,c1a888db366c47917110c79bc2cc3e45,1111111111111111100001110000011100001111101111111111111111111111
54-06.tif,..\dataset\genuine\54\54-06.tif,0,54,Human,genuine,No,0,,,1022,279,L,TIFF,278.744140625,255.0,0.0,245.93712518149107,47.21119971726851,360ed7a52c4bebf960195f0d1d147978,1111111111111111111001110000001100000011100111111111111111111111
54-07.tif,..\dataset\genuine\54\54-07.tif,0,54,Human,genuine,No,0,,,970,284,L,TIFF,269.3125,255.0,0.0,247.11988166110064,44.12860649719502,a5dca4ec8bd34ae4a1f2860ca4237c55,1111111111111111110000111000001110000111110111111111111111111111
54-08.tif,..\dataset\genuine\54\54-08.tif,0,54,Human,genuine,No,0,,,969,284,L,TIFF,269.03515625,255.0,0.0,246.45014825796886,45.90329214127486,334b26f78d041cbd84f946e6e67606c2,1111111111110111100000110000001110000111111111111111111111111111
54-09.tif,..\dataset\genuine\54\54-09.tif,0,54,Human,genuine,No,0,,,1021,284,L,TIFF,283.45703125,255.0,0.0,246.5179987860562,45.72708130815179,708ac82fc76e44c4f6fd521916c2fe6c,1111111111100111000001110000011110011111111111111111111111111111
54-10.tif,..\dataset\genuine\54\54-10.tif,0,54,Human,genuine,No,0,,,969,281,L,TIFF,266.1962890625,255.0,0.0,247.58662670912156,42.842176480940985,cae41a728e4079bb9ff09fa1d26abb3f,1111111110000011100000111001111111111111111111111111111111111111
55-01.tif,..\dataset\genuine\55\55-01.tif,0,55,Human,genuine,No,0,,,970,280,L,TIFF,265.5234375,255.0,0.0,247.0514359351988,44.313701784347145,29e61106970bcd48233ef7349289216f,1111111110111111000001110000011111111111111111111111111111111111
55-02.tif,..\dataset\genuine\55\55-02.tif,0,55,Human,genuine,No,0,,,969,280,L,TIFF,265.25,255.0,0.0,247.82894736842104,42.15678385749744,6002a2ec6218d0b251ce886c19cf3732,1111111111001111110000111100001111111111111111111111111111111111
55-03.tif,..\dataset\genuine\55\55-03.tif,0,55,Human,genuine,No,0,,,1021,280,L,TIFF,279.46875,255.0,0.0,248.47960682803975,40.25151837798074,3254a24413d9042e895e1289b2d36da7,1111111111101111111000111110001111111011111111111111111111111111
55-04.tif,..\dataset\genuine\55\55-04.tif,0,55,Human,genuine,No,0,,,969,280,L,TIFF,265.25,255.0,0.0,247.00375939849624,44.44211391941569,5f8a72e58d2f580b283e8e64dfb2789e,1111111111010111100001111000011111111111111111111111111111111111
55-05.tif,..\dataset\genuine\55\55-05.tif,0,55,Human,genuine,No,0,,,969,280,L,TIFF,265.25,255.0,0.0,247.98966165413535,41.69522076296021,52381d77c477f1230f4c4b2529b59721,1111111111101111110000111100001111111111111111111111111111111111
55-06.tif,..\dataset\genuine\55\55-06.tif,0,55,Human,genuine,No,0,,,1021,280,L,TIFF,279.46875,255.0,0.0,247.7865363089408,42.277644007180236,35fbfa789f3a330098c72ed20294abb9,1111111111111111100001111000011110111111111111111111111111111111
55-07.tif,..\dataset\genuine\55\55-07.tif,0,55,Human,genuine,No,0,,,970,282,L,TIFF,267.41796875,255.0,0.0,247.58510638297872,42.846437716438956,83321fd79c305722f077bca72390a482,1111111111111111100001111000011111111111111111111111111111111111
55-08.tif,..\dataset\genuine\55\55-08.tif,0,55,Human,genuine,No,0,,,969,282,L,TIFF,267.142578125,255.0,0.0,248.04497946995147,41.535020459715405,4b580e00b2ef6573121e95e498c105f3,1111111111111111110000111100001111110011111111111111111111111111
55-09.tif,..\dataset\genuine\55\55-09.tif,0,55,Human,genuine,No,0,,,1021,282,L,TIFF,281.462890625,255.0,0.0,248.0847937983204,41.41928904045258,afeddaa7e467e51ed54e4243129f5fd3,1111111111011111100001111100001111110111111111111111111111111111
55-10.tif,..\dataset\genuine\55\55-10.tif,0,55,Human,genuine,No,0,,,970,281,L,TIFF,266.470703125,255.0,0.0,247.60549583593206,42.78924946765143,ba399c2235ce840c375574b6bb521974,1111111111011111100001111000011111110111111111111111111111111111
56-01.tif,..\dataset\genuine\56\56-01.tif,0,56,Human,genuine,No,0,,,970,281,L,TIFF,266.470703125,255.0,0.0,245.85884359980923,47.40711066618488,cb521418528d5b0957f7bc8301acd400,1111111111111011100000110000001110011011100111111111111111111111
56-02.tif,..\dataset\genuine\56\56-02.tif,0,56,Human,genuine,No,0,,,970,281,L,TIFF,266.470703125,255.0,0.0,245.813937704076,47.519071381457145,5aa954d19095423f2a17a569158866a0,1111111111110011000000110000001100111011001111111111111111111111
56-03.tif,..\dataset\genuine\56\56-03.tif,0,56,Human,genuine,No,0,,,1021,281,L,TIFF,280.4658203125,255.0,0.0,247.47357102275697,43.15776009071239,fa12c57476662e4ee45d997250772928,1111111111110111100100111000011100010111001111111111111111111111
56-04.tif,..\dataset\genuine\56\56-04.tif,0,56,Human,genuine,No,0,,,970,279,L,TIFF,264.576171875,255.0,0.0,247.6646158962421,42.622940847724244,fdd5051f88fa071b6fe62be7a4ec34d4,1111111111110011110100110000001100010011001111111111111111111111
56-05.tif,..\dataset\genuine\56\56-05.tif,0,56,Human,genuine,No,0,,,970,279,L,TIFF,264.576171875,255.0,0.0,247.57227580090898,42.88238081065982,330bf7f0f28c9d42d1071e226b81c34c,1111111111110111100001110000011100111111001111111111111111111111
56-06.tif,..\dataset\genuine\56\56-06.tif,0,56,Human,genuine,No,0,,,1021,279,L,TIFF,278.4716796875,255.0,0.0,247.63804197866313,42.697785300094615,76634f53e3003b789bdb723fd2c85275,1111111111100111000001110000011100110111001111111111111111111111
56-07.tif,..\dataset\genuine\56\56-07.tif,0,56,Human,genuine,No,0,,,971,283,L,TIFF,268.6416015625,255.0,0.0,247.68294679995486,42.571226180123304,86e0929bce6656ed640e0b07b379d366,1111111111100111100001110000011100110111001111111111111111111111
56-08.tif,..\dataset\genuine\56\56-08.tif,0,56,Human,genuine,No,0,,,969,283,L,TIFF,268.0888671875,255.0,0.0,247.71340896410638,42.485130401453496,cb392d2ee76e38a713466da05002a12c,1111111111110111110101110000011100110011001111111111111111111111
56-09.tif,..\dataset\genuine\56\56-09.tif,0,56,Human,genuine,No,0,,,970,282,L,TIFF,267.41796875,255.0,0.0,248.11647291072603,41.32694596236325,81564e820a7753e5a8c0c39593f508b4,1111111111110111100001110000011100111111001111111111111111111111
56-10.tif,..\dataset\genuine\56\56-10.tif,0,56,Human,genuine,No,0,,,970,282,L,TIFF,267.41796875,255.0,0.0,248.33181618776047,40.6930239324539,fa805b1508ffe5723f6c2f430fddbdd4,1111011111110111000001110001011100111111001111111111111111111111
57-01.tif,..\dataset\genuine\57\57-01.tif,0,57,Human,genuine,No,0,,,970,282,L,TIFF,267.41796875,255.0,0.0,244.4071616582584,50.881878434368346,d7748a6cbe3ae6347961e616cb31c03d,1111111111111111110000111000001111000011111011111111111111111111
57-02.tif,..\dataset\genuine\57\57-02.tif,0,57,Human,genuine,No,0,,,970,282,L,TIFF,267.41796875,255.0,0.0,245.02802149594208,49.43090291760179,3db1c88f19c18bb61bb8202eceec72e0,1111111111110111100001111000011110001111111111111111111111111111
57-03.tif,..\dataset\genuine\57\57-03.tif,0,57,Human,genuine,No,0,,,1021,282,L,TIFF,281.462890625,255.0,0.0,246.10269447975494,46.793705368798356,77da53fe927d1203c6a99d68c837965e,1111111111111111110001111000011110000111111111111111111111111111
57-04.tif,..\dataset\genuine\57\57-04.tif,0,57,Human,genuine,No,0,,,970,279,L,TIFF,264.576171875,255.0,0.0,244.94529431326905,49.627138177307934,07511b8e3512d454d59463137713dfe5,1111111111111011100000111000001111001111111111111111111111111111
57-05.tif,..\dataset\genuine\57\57-05.tif,0,57,Human,genuine,No,0,,,970,279,L,TIFF,264.576171875,255.0,0.0,245.1045338654251,49.24858997266903,ee359b09d607b1396bad0a420e5fee19,1111111111110011100100111000001110001111111111111111111111111111
57-06.tif,..\dataset\genuine\57\57-06.tif,0,57,Human,genuine,No,0,,,1021,279,L,TIFF,278.4716796875,254.9860919205876,1.8831799742697675,246.42059755879225,45.979794217240425,7298c4afbd0672d3e4a18e4f49ef9d8d,1111111111110111100001111000011110011111111111111111111111111111
57-07.tif,..\dataset\genuine\57\57-07.tif,0,57,Human,genuine,No,0,,,970,283,L,TIFF,268.365234375,255.0,0.0,246.59691814505848,45.521138917531964,474f8ada6ad1cf3a84fd709ab7dabf12,1111111111110111110000111000001111001111111111111111111111111111
57-08.tif,..\dataset\genuine\57\57-08.tif,0,57,Human,genuine,No,0,,,969,283,L,TIFF,268.0888671875,255.0,0.0,246.4329551794681,45.94782010366358,93fb5e038447f3f5b6883d67296a7571,1111111111110011100100110000001110001111111111111111111111111111
57-09.tif,..\dataset\genuine\57\57-09.tif,0,57,Human,genuine,No,0,,,1022,283,L,TIFF,282.736328125,255.0,0.0,246.97245406706173,44.52620261367257,49964757a374e61bd347da8bffce1e18,1111111111110111100001111000011111001111111111111111111111111111
57-10.tif,..\dataset\genuine\57\57-10.tif,0,57,Human,genuine,No,0,,,971,282,L,TIFF,267.693359375,255.0,0.0,245.27855687271293,48.83094859800622,987aa06de44c19be1ac2bd73d287ed77,1111111111111011100000111000001111001111111111111111111111111111
58-01.tif,..\dataset\genuine\58\58-01.tif,0,58,Human,genuine,No,0,,,970,282,L,TIFF,267.41796875,255.0,0.0,248.36630840096512,40.59046062220516,dc2ff06a4648cc6c0d1d93a37785154a,1111111111111111111010011100000111001001111111111111111111111111
58-02.tif,..\dataset\genuine\58\58-02.tif,0,58,Human,genuine,No,0,,,970,282,L,TIFF,267.41796875,255.0,0.0,245.28438254003072,48.816894920341966,d7836bd106657a757b9ccb392ea7dea8,1111111111111111110110011000000110000001110111111111111111111111
58-03.tif,..\dataset\genuine\58\58-03.tif,0,58,Human,genuine,No,0,,,970,280,L,TIFF,265.5234375,255.0,0.0,246.6862113402062,45.28683060634412,c45120d4eca06dcb09bf21dc7ff9204d,1111111111111111111110011000000110001001111111111111111111111111
58-04.tif,..\dataset\genuine\58\58-04.tif,0,58,Human,genuine,No,0,,,969,280,L,TIFF,265.25,255.0,0.0,246.64285714285714,45.40076642345077,e14f96ace7da93110af5f4590a97d5a5,1111111111111101110000001000000011011111111111111111111111111111
58-05.tif,..\dataset\genuine\58\58-05.tif,0,58,Human,genuine,No,0,,,970,283,L,TIFF,268.365234375,255.0,0.0,246.82078977086445,44.9310486017984,c3997822f6e63150c1ce341bd8bb0a26,1111111111111111111110011000000110000001111111111111111111111111
58-06.tif,..\dataset\genuine\58\58-06.tif,0,58,Human,genuine,No,0,,,970,283,L,TIFF,268.365234375,255.0,0.0,246.7817747987323,45.03452232304141,56f85e7275cab11d66de58e4a4e06ef4,1111111111111111111110111000000110001001101111111111111111111111
58-07.tif,..\dataset\genuine\58\58-07.tif,0,58,Human,genuine,No,0,,,970,282,L,TIFF,267.41796875,255.0,0.0,246.88034656722965,44.77256809127815,220a18a249b193fa4fc105d3d6f3e173,1111111111111101100001011000000111011001111111111111111111111111
58-08.tif,..\dataset\genuine\58\58-08.tif,0,58,Human,genuine,No,0,,,970,282,L,TIFF,267.41796875,255.0,0.0,246.13829787234042,46.70336473910445,47a31989bb1cf348c4eaebb428cb855b,1111110111111101110000001100000011111111111111111111111111111111
58-09.tif,..\dataset\genuine\58\58-09.tif,0,58,Human,genuine,No,0,,,970,283,L,TIFF,268.365234375,255.0,0.0,245.4496921787913,48.41611420723867,6c696025ffb04a00c3a1252082f4badd,1111111111111111100010011000000110001001111111111111111111111111
58-10.tif,..\dataset\genuine\58\58-10.tif,0,58,Human,genuine,No,0,,,970,283,L,TIFF,268.365234375,255.0,0.0,245.7506648209537,47.676307212308956,c1d5fd201274741c299f5e1231ce3c83,1111100110000001110000011111111111111111111111111111111111111111
59-01.tif,..\dataset\genuine\59\59-01.tif,0,59,Human,genuine,No,0,,,970,281,L,TIFF,266.470703125,255.0,0.0,245.78306490075943,47.595867023122196,f3772cb04cb052867471bcc1ce838008,1111111111011011100000011000000110011111111111111111111111111111
59-02.tif,..\dataset\genuine\59\59-02.tif,0,59,Human,genuine,No,0,,,1021,281,L,TIFF,280.4658203125,255.0,0.0,244.69960021052557,50.204618417960035,9a9370ec85c098e4b66f6bfbe2a91688,1111111111111111100000111000001110000011101111111011111111111111
59-03.tif,..\dataset\genuine\59\59-03.tif,0,59,Human,genuine,No,0,,,970,280,L,TIFF,265.5234375,255.0,0.0,246.48716863033874,45.80724507471863,5eba605a82c29f588d9a46d63da8cd22,1111111111000001100000011000001110111111101111111111111111111111
59-04.tif,..\dataset\genuine\59\59-04.tif,0,59,Human,genuine,No,0,,,970,280,L,TIFF,265.5234375,255.0,0.0,244.5004970544919,50.66688947430888,623c3a157462c5463050eebb3bcd6a5f,1111111111011011000000010000000110110111101111111111111111111111
59-05.tif,..\dataset\genuine\59\59-05.tif,0,59,Human,genuine,No,0,,,969,283,L,TIFF,268.0888671875,255.0,0.0,246.36786312069927,46.11595295685324,2dae55f681f73e245aa5a2e8593e1e72,1111111111011111100000010000000100111111101111111111111111111111
59-06.tif,..\dataset\genuine\59\59-06.tif,0,59,Human,genuine,No,0,,,970,283,L,TIFF,268.365234375,255.0,0.0,243.98941750755893,51.83112586804983,4604b44ecbfdbbb5b4126cd5c81ca545,1111111111011111000011110000000100100001101110011111111111111111
59-07.tif,..\dataset\genuine\59\59-07.tif,0,59,Human,genuine,No,0,,,970,281,L,TIFF,266.470703125,255.0,0.0,245.38920277359944,48.56321518809431,a63768e55450aa5c12c4aec6102a0c6c,1111111111011111100000011000000110111111101111111111111111111111
59-08.tif,..\dataset\genuine\59\59-08.tif,0,59,Human,genuine,No,0,,,970,281,L,TIFF,266.470703125,255.0,0.0,244.7455516014235,50.09721179544768,373993def6d91f7de40097cdffa04d11,1111111111111111000111110000000100000001101111111111111111111111
59-09.tif,..\dataset\genuine\59\59-09.tif,0,59,Human,genuine,No,0,,,970,283,L,TIFF,268.365234375,255.0,0.0,245.43297147644896,48.45682860789674,f61ca53ef0aac4b9a9f7b39928ae73c2,1111111111111111100000011000000110000111101111111111111111111111
59-10.tif,..\dataset\genuine\59\59-10.tif,0,59,Human,genuine,No,0,,,970,283,L,TIFF,268.365234375,255.0,0.0,244.24765946595753,51.24679511170253,0c07e1361c787bc557de1d8e0cd334dd,1111111111111111100100110000001100000011001111111111111111111111
6-01.tif,..\dataset\genuine\6\6-01.tif,0,6,Human,genuine,No,0,,,946,276,P,TIFF,256.9765625,255.0,0.0,244.45899209486166,50.76262570192846,1a721976c78f2361e2a30b8b71046569,1111111111111111100000010000000010000101110111111111111111111111
6-02.tif,..\dataset\genuine\6\6-02.tif,0,6,Human,genuine,No,0,,,950,276,P,TIFF,258.0546875,255.0,0.0,245.3913043478261,48.558113216724585,90b8310b5166edec2acde1bcf79982c6,1111111111111111100011111000000010000001110011011111111111111111
6-03.tif,..\dataset\genuine\6\6-03.tif,0,6,Human,genuine,No,0,,,1002,276,P,TIFF,272.0703125,255.0,0.0,246.3712791807689,46.10714679881742,6ea408679925243286a50758683d90d2,1111111111111111110111110000000110000001110110111111111111111111
6-04.tif,..\dataset\genuine\6\6-04.tif,0,6,Human,genuine,No,0,,,946,276,P,TIFF,256.9765625,255.0,0.0,245.62120829120323,47.99614726023517,8bafe7e6d680d7602d9c397329e3538e,1111111111111111100000111000000010000001110111111111111111111111
6-05.tif,..\dataset\genuine\6\6-05.tif,0,6,Human,genuine,No,0,,,950,276,P,TIFF,258.0546875,255.0,0.0,244.37597254004578,50.953479202292634,f5864ba8ccc42834a169a0e5462cfc6c,1111111111111111100000000000000110000101111111111111111111111111
6-06.tif,..\dataset\genuine\6\6-06.tif,0,6,Human,genuine,No,0,,,1001,276,P,TIFF,271.80078125,255.0,0.0,245.52089215132693,48.24229488534782,adec4a23a9859dbbf0d36fb900d823c9,1111111111111111100000110000000010001001110110111111111111111111
6-07.tif,..\dataset\genuine\6\6-07.tif,0,6,Human,genuine,No,0,,,946,280,P,TIFF,260.671875,255.0,0.0,245.0707112654787,49.329279870371494,755f671dd2760491c241dd8ed0073bcb,1111111111111111100000000000000010000001110111111111111111111111
6-08.tif,..\dataset\genuine\6\6-08.tif,0,6,Human,genuine,No,0,,,950,280,P,TIFF,261.765625,255.0,0.0,244.7789097744361,50.01906958470618,8ed7c3c6563e5ea811a297073ae97654,1111111111111111000000010000000110000001110111111111111111111111
6-09.tif,..\dataset\genuine\6\6-09.tif,0,6,Human,genuine,No,0,,,1001,280,P,TIFF,275.7109375,255.0,0.0,246.23767304124448,46.450134561167054,b29b40637a68078790bb75424d71ba0b,1111111111111111110110011000000110001001110111111111111111111111
6-10.tif,..\dataset\genuine\6\6-10.tif,0,6,Human,genuine,No,0,,,946,278,P,TIFF,258.82421875,255.0,0.0,244.23230337505893,51.281764290566336,817b4b1063e05848665c72d5950d5ddb,1111111111111111100000010000000110000101110111111111111111111111
B-S-6-G-01.tif,..\dataset\genuine\6\B-S-6-G-01.tif,0,6,Human,genuine,No,0,,,946,276,P,TIFF,256.9765625,255.0,0.0,244.45899209486166,50.76262570192846,1a721976c78f2361e2a30b8b71046569,1111111111111111100000010000000010000101110111111111111111111111
B-S-6-G-02.tif,..\dataset\genuine\6\B-S-6-G-02.tif,0,6,Human,genuine,No,0,,,950,276,P,TIFF,258.0546875,255.0,0.0,245.3913043478261,48.558113216724585,90b8310b5166edec2acde1bcf79982c6,1111111111111111100011111000000010000001110011011111111111111111
B-S-6-G-03.tif,..\dataset\genuine\6\B-S-6-G-03.tif,0,6,Human,genuine,No,0,,,1002,276,P,TIFF,272.0703125,255.0,0.0,246.3712791807689,46.10714679881742,6ea408679925243286a50758683d90d2,1111111111111111110111110000000110000001110110111111111111111111
B-S-6-G-04.tif,..\dataset\genuine\6\B-S-6-G-04.tif,0,6,Human,genuine,No,0,,,946,276,P,TIFF,256.9765625,255.0,0.0,245.62120829120323,47.99614726023517,8bafe7e6d680d7602d9c397329e3538e,1111111111111111100000111000000010000001110111111111111111111111
B-S-6-G-05.tif,..\dataset\genuine\6\B-S-6-G-05.tif,0,6,Human,genuine,No,0,,,950,276,P,TIFF,258.0546875,255.0,0.0,244.37597254004578,50.953479202292634,f5864ba8ccc42834a169a0e5462cfc6c,1111111111111111100000000000000110000101111111111111111111111111
B-S-6-G-06.tif,..\dataset\genuine\6\B-S-6-G-06.tif,0,6,Human,genuine,No,0,,,1001,276,P,TIFF,271.80078125,255.0,0.0,245.52089215132693,48.24229488534782,adec4a23a9859dbbf0d36fb900d823c9,1111111111111111100000110000000010001001110110111111111111111111
B-S-6-G-07.tif,..\dataset\genuine\6\B-S-6-G-07.tif,0,6,Human,genuine,No,0,,,946,280,P,TIFF,260.671875,255.0,0.0,245.0707112654787,49.329279870371494,755f671dd2760491c241dd8ed0073bcb,1111111111111111100000000000000010000001110111111111111111111111
B-S-6-G-08.tif,..\dataset\genuine\6\B-S-6-G-08.tif,0,6,Human,genuine,No,0,,,950,280,P,TIFF,261.765625,255.0,0.0,244.7789097744361,50.01906958470618,8ed7c3c6563e5ea811a297073ae97654,1111111111111111000000010000000110000001110111111111111111111111
B-S-6-G-09.tif,..\dataset\genuine\6\B-S-6-G-09.tif,0,6,Human,genuine,No,0,,,1001,280,P,TIFF,275.7109375,255.0,0.0,246.23767304124448,46.450134561167054,b29b40637a68078790bb75424d71ba0b,1111111111111111110110011000000110001001110111111111111111111111
B-S-6-G-10.tif,..\dataset\genuine\6\B-S-6-G-10.tif,0,6,Human,genuine,No,0,,,946,278,P,TIFF,258.82421875,255.0,0.0,244.23230337505893,51.281764290566336,817b4b1063e05848665c72d5950d5ddb,1111111111111111100000010000000110000101110111111111111111111111
60-01.tif,..\dataset\genuine\60\60-01.tif,0,60,Human,genuine,No,0,,,970,281,L,TIFF,266.470703125,255.0,0.0,249.09861686906115,38.34092298747221,24546a5222605ac8479a6ab37825e22e,1111111111111111000001110000011100111111111111111111111111111111
60-02.tif,..\dataset\genuine\60\60-02.tif,0,60,Human,genuine,No,0,,,970,281,L,TIFF,266.470703125,255.0,0.0,247.75331107605385,42.37205653783897,2aaa4b76ea34e9597e361cdf3fad0049,1111111111111111100000111000001110010111111111111111111111111111
60-03.tif,..\dataset\genuine\60\60-03.tif,0,60,Human,genuine,No,0,,,970,280,L,TIFF,265.5234375,255.0,0.0,248.99961340206187,38.653511394820406,2e76ad50c059b4c1bd2464e72b512056,1111111111111111000001110000011110011111111111111111111111111111
60-04.tif,..\dataset\genuine\60\60-04.tif,0,60,Human,genuine,No,0,,,969,280,L,TIFF,265.25,255.0,0.0,247.82424812030075,42.17019461994811,2d1de41705b10944912f248d18c97f3e,1111111110010011000000110000011110111111111111111111111111111111
60-05.tif,..\dataset\genuine\60\60-05.tif,0,60,Human,genuine,No,0,,,970,283,L,TIFF,268.365234375,255.0,0.0,248.26062802812282,40.903798335281195,8eea79a8cb26de5ca2f088525c24af4d,0111111100000111000001110011111111111111111111111111111111111111
60-06.tif,..\dataset\genuine\60\60-06.tif,0,60,Human,genuine,No,0,,,970,283,L,TIFF,268.365234375,255.0,0.0,247.90670649520965,41.93417497669937,2eddca6e46ccba2b8f2d9913b7d61db4,1111111111111111000000110000001110010111101111111111111111111111
60-07.tif,..\dataset\genuine\60\60-07.tif,0,60,Human,genuine,No,0,,,970,281,L,TIFF,266.470703125,255.0,0.0,248.297795061819,40.79390528256374,72677b0a4daf9391587afef746b3b1fa,1111111111111111100001111000011110111111111111111111111111111111
60-08.tif,..\dataset\genuine\60\60-08.tif,0,60,Human,genuine,No,0,,,970,281,L,TIFF,266.470703125,255.0,0.0,248.33989433906888,40.669029200642015,e98ba58f3344ad1b7404753bd437ec07,1111111111111111100001110000011100110111101111111111111111111111
60-09.tif,..\dataset\genuine\60\60-09.tif,0,60,Human,genuine,No,0,,,970,282,L,TIFF,267.41796875,255.0,0.0,247.91511296336915,41.910029468124264,ed66c59232ade546fc2f14fff002e534,1111111111111111000101110000011100000111101111111111111111111111
60-10.tif,..\dataset\genuine\60\60-10.tif,0,60,Human,genuine,No,0,,,970,282,L,TIFF,267.41796875,255.0,0.0,247.74358411932442,42.39965186341692,04179a550df072428bf786be85bc5bc4,1111111111111111111111111000001110000111100111111111111111111111
61-01.tif,..\dataset\genuine\61\61-01.tif,0,61,Human,genuine,No,0,,,970,281,L,TIFF,266.470703125,255.0,0.0,247.15082364163334,44.044641012031825,c8a599f83ebdc4445016efc8e34da84f,1111111111111111111111111000001110000011100101111111111111111111
61-02.tif,..\dataset\genuine\61\61-02.tif,0,61,Human,genuine,No,0,,,969,281,L,TIFF,266.1962890625,255.0,0.0,246.7550103015546,45.105349106021855,38c978edfa768ff12817aa4e6008ffc1,1111111111111111111111111000001110000011101101111111111111111111
61-03.tif,..\dataset\genuine\61\61-03.tif,0,61,Human,genuine,No,0,,,970,279,L,TIFF,264.576171875,255.0,0.0,247.04179137567897,44.3397126140173,99c58051b41b14c811838a67105608ab,1111111111111111111111111000001110000011101111111111111111111111
61-04.tif,..\dataset\genuine\61\61-04.tif,0,61,Human,genuine,No,0,,,969,279,L,TIFF,264.3037109375,255.0,0.0,246.998679494435,44.455771268602426,d7ff521759935c5a1f36fb4879f2c6ea,1111111111111111111111111000001110000011101101111111111111111111
61-05.tif,..\dataset\genuine\61\61-05.tif,0,61,Human,genuine,No,0,,,970,284,L,TIFF,269.3125,255.0,0.0,246.92086539857704,44.664380746350304,af18ae8ac79ee4375a0c460dc1ae7dbd,1111111111111111110111111000001110000111101111111111111111111111
61-06.tif,..\dataset\genuine\61\61-06.tif,0,61,Human,genuine,No,0,,,969,284,L,TIFF,269.03515625,255.0,0.0,246.95793180133433,44.565149273257894,3d6916a4a4a50adebdc2130b0b4d0561,1111111111111111100111111000001110000011101111111111111111111111
61-07.tif,..\dataset\genuine\61\61-07.tif,0,61,Human,genuine,No,0,,,971,281,L,TIFF,266.7451171875,255.0,0.0,247.19629028297496,43.920930004882585,264670d074ced4c6b017f5b77423142b,1111111111111111111111111000001110000011101101111111111111111111
61-08.tif,..\dataset\genuine\61\61-08.tif,0,61,Human,genuine,No,0,,,969,281,L,TIFF,266.1962890625,255.0,0.0,246.38602734594494,46.069105720637054,5100452751dc6e862d31c3dcbd63f187,1111111111111111110111111000001110000011101101111111111111111111
61-09.tif,..\dataset\genuine\61\61-09.tif,0,61,Human,genuine,No,0,,,971,283,L,TIFF,268.6416015625,255.0,0.0,247.01387953841618,44.41489162068218,65390304c6c08b5e47a964c0aa08195c,1111111111111111110111111000000110000011100111111111111111111111
61-10.tif,..\dataset\genuine\61\61-10.tif,0,61,Human,genuine,No,0,,,969,283,L,TIFF,268.0888671875,255.0,0.0,246.68960386832808,45.27790111865872,6328b33ae2b9cb4c08ed1cee2167c0ac,1111111111111111111111111000001110000011101101111111111111111111
62-01.tif,..\dataset\genuine\62\62-01.tif,0,62,Human,genuine,No,0,,,969,281,L,TIFF,266.1962890625,255.0,0.0,242.2607229818318,55.55381589672542,f4f00dc0b53a27792de07e430f46af15,1111111111111111100000111000001110000011101110111111111111111111
62-02.tif,..\dataset\genuine\62\62-02.tif,0,62,Human,genuine,No,0,,,1022,281,L,TIFF,280.740234375,255.0,0.0,242.70293751001108,54.630881276659665,d7f6159d50973c11c1f5e447a71525ee,1111111111111111100011111000001110000011100100111111111111111111
62-03.tif,..\dataset\genuine\62\62-03.tif,0,62,Human,genuine,No,0,,,970,279,L,TIFF,264.576171875,255.0,0.0,242.75080368030152,54.529829002524835,3084934c468f5ccfa26246db741d31b3,1111111111111111100000011000000110000011101110111111111111111111
62-04.tif,..\dataset\genuine\62\62-04.tif,0,62,Human,genuine,No,0,,,969,279,L,TIFF,264.3037109375,255.0,0.0,242.90982833427654,54.19244895603831,7f06f738ff24d65920a40ac1531b99e9,1111111111111111100000111000000110000011100110111111111111111111
62-05.tif,..\dataset\genuine\62\62-05.tif,0,62,Human,genuine,No,0,,,1021,279,L,TIFF,278.4716796875,255.0,0.0,243.50947310774805,52.896617559752194,4fd5e5da0528559b0e879cf219b03721,1111111111111111100000111000001110000011101111111111111111111111
62-06.tif,..\dataset\genuine\62\62-06.tif,0,62,Human,genuine,No,0,,,970,283,L,TIFF,268.365234375,255.0,0.0,242.8793486576081,54.2573119804705,7eedbf6948773849fa99ab9a8e71eefd,1111111111110111100100111000000110000001101110111111111111111111
62-07.tif,..\dataset\genuine\62\62-07.tif,0,62,Human,genuine,No,0,,,969,283,L,TIFF,268.0888671875,255.0,0.0,242.82034591779802,54.38260583494877,350dfd087fa5bd5a75b823e8730fe15b,1111111111111111101011111000001110000011101100111111111111111111
62-08.tif,..\dataset\genuine\62\62-08.tif,0,62,Human,genuine,No,0,,,1021,283,L,TIFF,282.4599609375,255.0,0.0,243.50332072415668,52.91010849514905,0e94196dbc19ba0c374a10059eabab62,1111111111111111100000111000001110010011101110111111111111111111
62-09.tif,..\dataset\genuine\62\62-09.tif,0,62,Human,genuine,No,0,,,970,282,L,TIFF,267.41796875,255.0,0.0,242.66856766834832,54.70329991162392,89e2f012cda7b757f7cda7b4f8247442,1111111111111111111100011000000110000001000110111011111111111111
62-10.tif,..\dataset\genuine\62\62-10.tif,0,62,Human,genuine,No,0,,,969,282,L,TIFF,267.142578125,254.97177330086342,2.6827246473105655,241.4930944382232,57.11238412462155,9ed262c146639a0ae0b38f22bb2ccc0f,1111111111110111100000011000001110000011100110111111111111111111
63-01.tif,..\dataset\genuine\63\63-01.tif,0,63,Human,genuine,No,0,,,998,292,L,TIFF,284.875,255.0,0.0,248.4459672770198,40.35248442693532,ad2604a058786b56f7e501ff97f8abcd,1111111111111111110001111000001111110111111111111111111111111111
63-02.tif,..\dataset\genuine\63\63-02.tif,0,63,Human,genuine,No,0,,,998,292,L,TIFF,284.875,255.0,0.0,247.79931438218904,42.24127080445434,de6523daaeb553fa5fd2f864f00689d4,1111111111111111000001110000011111100111111111111111111111111111
63-03.tif,..\dataset\genuine\63\63-03.tif,0,63,Human,genuine,No,0,,,1052,292,L,TIFF,300.2734375,255.0,0.0,248.30175074222615,40.78218995607104,c37fc35bf0b0601699e508b3573c9c4c,1111111110011111100001111000011111100111111111111111111111111111
63-04.tif,..\dataset\genuine\63\63-04.tif,0,63,Human,genuine,No,0,,,998,289,L,TIFF,281.951171875,255.0,0.0,247.85806907933514,42.073568989259634,88abcf76f29b4b4c02c81f581a3d062e,1111111111111111100001111000001111100111111111111111111111111111
63-05.tif,..\dataset\genuine\63\63-05.tif,0,63,Human,genuine,No,0,,,999,289,L,TIFF,282.2333984375,255.0,0.0,246.94665253488782,44.595371937116695,8599d54701eb1e6081f06b6d931755a6,1111111111111111100111110000011100000111111111111111111111111111
63-06.tif,..\dataset\genuine\63\63-06.tif,0,63,Human,genuine,No,0,,,1051,289,L,TIFF,296.9091796875,255.0,0.0,247.9789556164997,41.726145922640605,0ac12438d95abd85d07f6baef79a206d,1111111111111111001111110000111110000111111011111111111111111111
63-07.tif,..\dataset\genuine\63\63-07.tif,0,63,Human,genuine,No,0,,,999,291,L,TIFF,284.1845703125,254.97742963356347,2.39894435531047,247.82215204895618,42.17617486576838,157be32c52e0810ae2f5da2679d86709,1111111111010111100000111000001111111111111111111111111111111111
63-08.tif,..\dataset\genuine\63\63-08.tif,0,63,Human,genuine,No,0,,,998,291,L,TIFF,283.900390625,255.0,0.0,247.55242443650187,42.937924809170845,6571e5ee6ce63a7956332d1c1290cb77,1111111111111111000001110000011111000111111111111111111111111111
63-09.tif,..\dataset\genuine\63\63-09.tif,0,63,Human,genuine,No,0,,,1051,291,L,TIFF,298.9619140625,255.0,0.0,247.63450616496806,42.70773265462881,f0efd2a834b7445c140a31ba85180519,1111111111111111100111111000001110000011111100111111111111111111
63-10.tif,..\dataset\genuine\63\63-10.tif,0,63,Human,genuine,No,0,,,998,291,L,TIFF,283.900390625,255.0,0.0,246.9825733942111,44.4990410581729,1c1c177d9d6eea3c13754ebae52a08a4,1111111111111111100000111000001111110011111111111111111111111111
64-01.tif,..\dataset\genuine\64\64-01.tif,0,64,Human,genuine,No,0,,,1051,290,L,TIFF,297.935546875,255.0,0.0,248.6833557531415,39.63387803896491,6241ce5b665b103eac9976ed8a28febd,1001011100000111001001111111111111111111111111111111111111111111
64-02.tif,..\dataset\genuine\64\64-02.tif,0,64,Human,genuine,No,0,,,999,290,L,TIFF,283.208984375,255.0,0.0,247.85285285285286,42.08848785807764,ce695b9afd0a65b6825ef9076b920317,1111111110011111100001111000011111111111111111111111111111111111
64-03.tif,..\dataset\genuine\64\64-03.tif,0,64,Human,genuine,No,0,,,1001,290,L,TIFF,283.775390625,255.0,0.0,247.3075717386062,43.61646196218492,26c9e6ebc718d0a17a36e56ce4167359,1111111110000011100000111001001111111111111111111111111111111111
64-04.tif,..\dataset\genuine\64\64-04.tif,0,64,Human,genuine,No,0,,,1050,288,L,TIFF,295.6015625,255.0,0.0,248.20252976190477,41.07492311710997,81a6cb6d14a69d867b5abb111e217cef,1001111100000111001001111110111111111111111111111111111111111111
64-05.tif,..\dataset\genuine\64\64-05.tif,0,64,Human,genuine,No,0,,,999,288,L,TIFF,281.2578125,255.0,0.0,247.9618681181181,41.7754512781504,cd98f2fecae5d75c5fa0da3229f3a3b6,1111111110000011100000111001001111111111111111111111111111111111
64-06.tif,..\dataset\genuine\64\64-06.tif,0,64,Human,genuine,No,0,,,1001,288,L,TIFF,281.8203125,255.0,0.0,246.82692307692307,44.91475736318836,99f49b80129f8d3927d2f3a9ce476ada,1111111100000011000001111001011111111111111111111111111111111111
64-07.tif,..\dataset\genuine\64\64-07.tif,0,64,Human,genuine,No,0,,,1050,291,L,TIFF,298.677734375,255.0,0.0,248.6122729504173,39.850562615647256,28ec3d16662da1aaab176c9507a1c151,0011011100000111101001111111111111111111111111111111111111111111
64-08.tif,..\dataset\genuine\64\64-08.tif,0,64,Human,genuine,No,0,,,999,291,L,TIFF,284.1845703125,255.0,0.0,248.13793174617916,41.264263279552395,3907305fd33c3fea82f919f551941526,1111111110000011100000111101011111111111111111111111111111111111
64-09.tif,..\dataset\genuine\64\64-09.tif,0,64,Human,genuine,No,0,,,1051,291,L,TIFF,298.9619140625,255.0,0.0,248.36405190932544,40.59717916382722,4b57a488400242624c1350bd7ab9875a,1101111110000011100001111111111111111111111111111111111111111111
64-10.tif,..\dataset\genuine\64\64-10.tif,0,64,Human,genuine,No,0,,,999,291,L,TIFF,284.1845703125,255.0,0.0,247.04936895658545,44.319277770313484,fab6764a7acb12ab67acc28f932c34b6,1111111110010111000001110000011110011111111111111111111111111111
65-01.tif,..\dataset\genuine\65\65-01.tif,0,65,Human,genuine,No,0,,,998,292,L,TIFF,284.875,255.0,0.0,248.61397452439124,39.84539088658948,f1f58862b0a2a4ccbec3ebe0892c7d0d,1101111110001111100001111000011111111111111111111111111111111111
65-02.tif,..\dataset\genuine\65\65-02.tif,0,65,Human,genuine,No,0,,,999,292,L,TIFF,285.16015625,255.0,0.0,248.22611995557202,41.005535729616284,03bf90af5631e5ce293eb028b7431a0a,1111111111001111100000111000001111111111111111111111111111111111
65-03.tif,..\dataset\genuine\65\65-03.tif,0,65,Human,genuine,No,0,,,998,290,L,TIFF,282.92578125,255.0,0.0,248.6025326515099,39.88015277540916,67cb38c8780a853528fe951b69c547ed,1111111111101111111000111100001111101011111111111111111111111111
65-04.tif,..\dataset\genuine\65\65-04.tif,0,65,Human,genuine,No,0,,,998,290,L,TIFF,282.92578125,254.97737917819885,2.4016240042342614,248.51002004008015,40.15999315113734,58c057926fc5424dcc38f32954b8ea1e,1111111111110011111000001110010011111111111111111111111111111111
65-05.tif,..\dataset\genuine\65\65-05.tif,0,65,Human,genuine,No,0,,,999,291,L,TIFF,284.1845703125,254.98645778013807,1.8582472045105949,248.38441534317823,40.536503637314055,9743751e96124fe92741469277b4ef27,1111111111100111111000011110000111111101111111111111111111111111
65-06.tif,..\dataset\genuine\65\65-06.tif,0,65,Human,genuine,No,0,,,998,291,L,TIFF,283.900390625,255.0,0.0,248.51476148172634,40.14570342540884,f76184742f3f8f019f5cdcb65f6e357b,1111111111110111111000001110010011111111111111111111111111111111
65-07.tif,..\dataset\genuine\65\65-07.tif,0,65,Human,genuine,No,0,,,999,290,L,TIFF,283.208984375,255.0,0.0,248.65558662110385,39.718683645058015,9ee52dbc2afd6a56623db283f3dc321e,1111111111110111111000011110000111111001111111111111111111111111
65-08.tif,..\dataset\genuine\65\65-08.tif,0,65,Human,genuine,No,0,,,998,290,L,TIFF,282.92578125,255.0,0.0,248.28622762766912,40.82814244460429,04810555cf452bcd2f82b3ed7d271252,1111111111110111111001111110000011100100111111111111111111111111
65-09.tif,..\dataset\genuine\65\65-09.tif,0,65,Human,genuine,No,0,,,999,290,L,TIFF,283.208984375,255.0,0.0,247.3194573884229,43.58380009985255,7cc1dafa29cc90616fa9ef0d00e05633,1111111111100111111000001110000011111111111111111111111111111111
65-10.tif,..\dataset\genuine\65\65-10.tif,0,65,Human,genuine,No,0,,,998,290,L,TIFF,282.92578125,255.0,0.0,248.79108216432866,39.302969193256565,fe9c21b68ce8f7d9138d9c5526ff0672,1111111111110111111100011110000011111111111111111111111111111111
66-01.tif,..\dataset\genuine\66\66-01.tif,0,66,Human,genuine,No,0,,,1050,291,L,TIFF,298.677734375,255.0,0.0,249.48105056455572,37.1062434526496,92a241a0391963c3ce5a9a8bbb306b81,1111111111111111110000111100001111001111111111111111111111111111
66-02.tif,..\dataset\genuine\66\66-02.tif,0,66,Human,genuine,No,0,,,999,291,L,TIFF,284.1845703125,255.0,0.0,249.1466724456415,38.18817988465542,2901b51a79f14e071123f88086fa44fa,1111111110011111100000111010001111111111111111111111111111111111
66-03.tif,..\dataset\genuine\66\66-03.tif,0,66,Human,genuine,No,0,,,1050,288,L,TIFF,295.6015625,255.0,0.0,248.94122023809524,38.83658104265162,6a5a41fb23157c7160409bf0b12a097b,1111111111111111100000111000001111111111111111111111111111111111
66-04.tif,..\dataset\genuine\66\66-04.tif,0,66,Human,genuine,No,0,,,999,288,L,TIFF,281.2578125,255.0,0.0,248.86057932932934,39.08784702243861,56e5fcc8fb3064c86dfe68a55b097eb9,1111111111111111100000111000001110111111111111111111111111111111
66-05.tif,..\dataset\genuine\66\66-05.tif,0,66,Human,genuine,No,0,,,1050,291,L,TIFF,298.677734375,255.0,0.0,248.96529209621994,38.76122825685445,a7153457b5ad8c5b9861aafaf3efd7b2,1111111111111111110100111000001110000011111111111111111111111111
66-06.tif,..\dataset\genuine\66\66-06.tif,0,66,Human,genuine,No,0,,,999,291,L,TIFF,284.1845703125,255.0,0.0,248.96685345138954,38.75633512883614,8e6ec3dfcc5c1b400b488cb2f9d1d7c4,1111111111111111100000111000001110110111111111111111111111111111
66-07.tif,..\dataset\genuine\66\66-07.tif,0,66,Human,genuine,No,0,,,1050,290,L,TIFF,297.65234375,255.0,0.0,248.84064039408867,39.14969972748778,5e25540581c38469cfb2e38353071fe9,1111111111111111111111111000001110000011100101111111111111111111
66-08.tif,..\dataset\genuine\66\66-08.tif,0,66,Human,genuine,No,0,,,999,290,L,TIFF,283.208984375,255.0,0.0,248.63446204825516,39.78306303290173,fdb79d71c783da88ed7847d4c4d21f2b,1111111111111111100000111000001110111111111111111111111111111111
66-09.tif,..\dataset\genuine\66\66-09.tif,0,66,Human,genuine,No,0,,,1050,292,L,TIFF,299.703125,255.0,0.0,248.73811154598826,39.466065280979166,1403c018dd2781eacde037ef72df425c,1111111111111111110010111100000111000001111111111111111111111111
66-10.tif,..\dataset\genuine\66\66-10.tif,0,66,Human,genuine,No,0,,,999,292,L,TIFF,285.16015625,255.0,0.0,248.63872434077913,39.77008253811808,e2100d25f73cae179392bae5fd86e263,1111111111111111100000111000001110010011111111111111111111111111
67-01.tif,..\dataset\genuine\67\67-01.tif,0,67,Human,genuine,No,0,,,999,292,L,TIFF,285.16015625,254.91438114087794,4.671774661420631,246.4839154222716,45.81569459023536,ceae29c0729d093e1116c432ec8a02a8,1111111100001111000000010101001111111111111111111111111111111111
67-02.tif,..\dataset\genuine\67\67-02.tif,0,67,Human,genuine,No,0,,,999,292,L,TIFF,285.16015625,255.0,0.0,246.84407009749475,44.86917575089004,d70be5c56ce4e7a451b5e8c7fc44783f,1111111111011111100000011000000111111011111111111111111111111111
67-03.tif,..\dataset\genuine\67\67-03.tif,0,67,Human,genuine,No,0,,,999,292,L,TIFF,285.16015625,255.0,0.0,246.57395409107738,45.58117437183905,8867a17b934d3859bcaa0c63eddead81,1111111100001111000000011111001111111111111111111111111111111111
67-04.tif,..\dataset\genuine\67\67-04.tif,0,67,Human,genuine,No,0,,,999,292,L,TIFF,285.16015625,255.0,0.0,246.4349623596199,45.94262431028292,cb255ea555b1371da3cea88352083059,1111111111111111100000011000000111111011111111111111111111111111
67-05.tif,..\dataset\genuine\67\67-05.tif,0,67,Human,genuine,No,0,,,1000,291,L,TIFF,284.46875,255.0,0.0,246.58149484536082,45.56147040421658,1bc7a93587e69c7d59df543fe5d9d5db,1111111111001111000000011000000111111011111111111111111111111111
67-06.tif,..\dataset\genuine\67\67-06.tif,0,67,Human,genuine,No,0,,,999,291,L,TIFF,284.1845703125,255.0,0.0,246.05729440780988,46.908612670808054,2011a43679994596bfd8704ab2475019,1111111111011111000000111000001111110011111111111111111111111111
67-07.tif,..\dataset\genuine\67\67-07.tif,0,67,Human,genuine,No,0,,,1000,291,L,TIFF,284.46875,255.0,0.0,246.20994845360823,46.52094300572241,6ef164fd7ab44885b2b3436b629e21da,1111111111011111000000010000001111111011111111111111111111111111
67-08.tif,..\dataset\genuine\67\67-08.tif,0,67,Human,genuine,No,0,,,999,291,L,TIFF,284.1845703125,255.0,0.0,245.65379812802493,47.91586363535496,fbdbad80de9cfc5d7e5cdd5cfb211e02,1111111111111111000000010000000111111011111111111111111111111111
67-09.tif,..\dataset\genuine\67\67-09.tif,0,67,Human,genuine,No,0,,,999,289,L,TIFF,282.2333984375,255.0,0.0,245.9583112524289,47.158016235022835,cef65b1356c52f56b74fcdc42902e275,1111111100011111000000011100000111111011111111111111111111111111
67-10.tif,..\dataset\genuine\67\67-10.tif,0,67,Human,genuine,No,0,,,998,289,L,TIFF,281.951171875,255.0,0.0,245.9430625957798,47.19630200484133,83774a59a14f92d64ab205c73f0fe77f,1111111111111111000000010000001111110111111111111111111111111111
68-01.tif,..\dataset\genuine\68\68-01.tif,0,68,Human,genuine,No,0,,,970,281,L,TIFF,266.470703125,255.0,0.0,243.77539714568735,52.30948306581401,5af2d1feadc4baa20b58dfda7e233ca6,1111111111001111110000011100000111001001111011111111111111111111
68-02.tif,..\dataset\genuine\68\68-02.tif,0,68,Human,genuine,No,0,,,969,281,L,TIFF,266.1962890625,255.0,0.0,243.8181307360929,52.21438941576546,1b10b6cfd0d6b390af1ee2925564d7f6,1111111111011111100000111100001111010001110110111111101111111111
68-03.tif,..\dataset\genuine\68\68-03.tif,0,68,Human,genuine,No,0,,,970,278,L,TIFF,263.62890625,255.0,0.0,245.01314618408367,49.466255911663495,17d9364fc1bac3fe9ea3d644d723a22d,1111111110011111100000111000001110010011111100111111111111111111
68-04.tif,..\dataset\genuine\68\68-04.tif,0,68,Human,genuine,No,0,,,970,278,L,TIFF,263.62890625,255.0,0.0,244.72472743454722,50.14591985292637,6b0088f62a578a8c7973eb8ce440f04c,1111111111011111110000111100000111011001110111111111111111111111
68-05.tif,..\dataset\genuine\68\68-05.tif,0,68,Human,genuine,No,0,,,970,283,L,TIFF,268.365234375,255.0,0.0,244.1501220356271,51.46842749757662,e932ed5349f91ea0a641f3620ecef004,1111111110011111100011111100000111011001111111011111111111111111
68-06.tif,..\dataset\genuine\68\68-06.tif,0,68,Human,genuine,No,0,,,969,283,L,TIFF,268.0888671875,255.0,0.0,245.22131299981402,48.96879073042153,05dd2ae15dc56b5923eee8174e406ef3,1111111111001111110000111100000111001001111111011111111111111111
68-07.tif,..\dataset\genuine\68\68-07.tif,0,68,Human,genuine,No,0,,,969,282,L,TIFF,267.142578125,255.0,0.0,245.65229563269878,47.919568411280075,cc44f0436a72276e8fbd1a64322cdf87,1111111111111111110001111100000111000000111011011111111111111111
68-08.tif,..\dataset\genuine\68\68-08.tif,0,68,Human,genuine,No,0,,,970,282,L,TIFF,267.41796875,255.0,0.0,245.37107918403157,48.60718765770918,01ed2b6ac7acdc6ad8d156680b44e777,1111111111011111110000111100000111001001111110111111111111111111
68-09.tif,..\dataset\genuine\68\68-09.tif,0,68,Human,genuine,No,0,,,970,282,L,TIFF,267.41796875,255.0,0.0,245.15946479491117,49.11721026458098,87eef2b546d1011d845176cf9df84047,1111111110011111100000111100001111010001110110111111111111111111
68-10.tif,..\dataset\genuine\68\68-10.tif,0,68,Human,genuine,No,0,,,970,282,L,TIFF,267.41796875,255.0,0.0,245.89498793595087,47.31677114561018,5a371293094dcd425a304d520033f279,1111111111111111110001111100001111000011110110111111111111111111
69-01.tif,..\dataset\genuine\69\69-01.tif,0,69,Human,genuine,No,0,,,999,292,L,TIFF,285.16015625,255.0,0.0,246.73130322102924,45.167979058343754,d6b28f3d8115b5963e3e2c65376fce8e,1111111111111111110111110000011100000111110111111111111111111111
69-02.tif,..\dataset\genuine\69\69-02.tif,0,69,Human,genuine,No,0,,,998,292,L,TIFF,284.875,255.0,0.0,245.93548398166195,47.21531673122076,69dd663b891fdbb66db92403a73c2b50,1111111111111111110011110000001100000111001101111111111111111111
69-03.tif,..\dataset\genuine\69\69-03.tif,0,69,Human,genuine,No,0,,,999,289,L,TIFF,282.2333984375,255.0,0.0,245.64211270093622,47.94466817654787,62e74751990787069f7074259df60c59,1111111111011111000111110000011100000111111111111111111111111111
69-04.tif,..\dataset\genuine\69\69-04.tif,0,69,Human,genuine,No,0,,,998,289,L,TIFF,281.951171875,254.99093591156293,1.5202829979161239,247.22680655428505,43.83767548938708,dd7f0fdaeb790a20683d2f01300c01c4,1111111111111111110111110000011100000111111011111111111111111111
69-05.tif,..\dataset\genuine\69\69-05.tif,0,69,Human,genuine,No,0,,,998,291,L,TIFF,283.900390625,254.58901562112572,10.22898374489199,245.6795549862612,47.8523017549759,34ce1512f811fe14571b9232b859028e,1111111111011111000101110000011111101111111111111111111111111111
69-06.tif,..\dataset\genuine\69\69-06.tif,0,69,Human,genuine,No,0,,,999,291,L,TIFF,284.1845703125,254.71561338289962,8.511034696945428,246.81077985201696,44.95762239157608,7cfbeb8e6f351380688d29aedf424153,1111111111111111000111110000011100000111111111111111111111111111
69-07.tif,..\dataset\genuine\69\69-07.tif,0,69,Human,genuine,No,0,,,999,290,L,TIFF,283.208984375,255.0,0.0,246.50792171481828,45.75330118275278,ca060d563d2a84fd7d9d9490460750b3,1111111111011111000001110000011111101111111111111111111111111111
69-08.tif,..\dataset\genuine\69\69-08.tif,0,69,Human,genuine,No,0,,,998,290,L,TIFF,282.92578125,254.0634979774324,15.42501149809827,247.31264252643217,43.60253078473056,e3e3371940dc949be6524d4eef0c8677,1111111111111111110111110001011100000111111001111111111111111111
69-09.tif,..\dataset\genuine\69\69-09.tif,0,69,Human,genuine,No,0,,,999,290,L,TIFF,283.208984375,254.34432188962973,12.913868682931499,246.5237651444548,45.71206985947657,675c5a0df6a6effb04777541a7cf25cb,1111111111111111000111110000011110000111111111111111111111111111
69-10.tif,..\dataset\genuine\69\69-10.tif,0,69,Human,genuine,No,0,,,999,290,L,TIFF,283.208984375,253.45350404312669,19.7981014053891,246.57481619550586,45.57892219004852,0d41a6549fe86225bfacdc3dfad73b20,1111111111111111000111110000011100000111111101111111111111111111
7-01.tif,..\dataset\genuine\7\7-01.tif,0,7,Human,genuine,No,0,,,1032,289,P,TIFF,293.3125,254.16563881179977,14.56248414243541,247.21528727770178,43.86912344710496,7a4a83e60ef0b2bcaea31006ab27fc4d,1111011100000011000000111010011111110111111111111111111111111111
7-02.tif,..\dataset\genuine\7\7-02.tif,0,7,Human,genuine,No,0,,,997,289,P,TIFF,283.396484375,253.29510295529712,20.780810197540305,247.83497551477964,42.13957365538225,b694773cf01bfd05fda71633a130b2a0,0011011100000011000000111111001111111111111111111111111111111111
7-03.tif,..\dataset\genuine\7\7-03.tif,0,7,Human,genuine,No,0,,,1000,289,P,TIFF,284.2421875,255.0,0.0,247.6094117647059,42.77825622365096,50cd7d6ab72018573d4ac3ad00a01519,1111111110111011000000110010000111110011111111111111111111111111
7-04.tif,..\dataset\genuine\7\7-04.tif,0,7,Human,genuine,No,0,,,1032,292,P,TIFF,296.3359375,254.07438650306747,15.335406136522364,247.11587089837528,44.13947699308656,a0b58867ceaf55cb816ac7a935865123,1111001100000011000000110010001111111111111111111111111111111111
7-05.tif,..\dataset\genuine\7\7-05.tif,0,7,Human,genuine,No,0,,,997,292,P,TIFF,286.31640625,253.2363086393547,21.133638819402023,247.0694618100878,44.26504040940159,bb79e37dc0502f8a83d420605f9586e8,1011101110110011000000110000001111110111111111111111111111111111
7-06.tif,..\dataset\genuine\7\7-06.tif,0,7,Human,genuine,No,0,,,1001,292,P,TIFF,287.45703125,255.0,0.0,246.28631642330274,46.3255980056707,38a68e516a77bd0cebcde3655a47d52b,1011111110110011000000110010001111110011111111111111111111111111
7-07.tif,..\dataset\genuine\7\7-07.tif,0,7,Human,genuine,No,0,,,1032,292,P,TIFF,296.3359375,255.0,0.0,246.6529945842625,45.37415433484915,73d5e0baf8a7a0ddc70e53d333e28938,1111111110110011000000110000001111100011111111111111111111111111
7-08.tif,..\dataset\genuine\7\7-08.tif,0,7,Human,genuine,No,0,,,997,292,P,TIFF,286.31640625,254.88272129059646,5.467386633686992,247.10712617303966,44.163167556534816,0333f8a74b4ff09a45f9990b052700ec,1111111111111111101100110000001100000011111100111111111111111111
7-09.tif,..\dataset\genuine\7\7-09.tif,0,7,Human,genuine,No,0,,,1001,292,P,TIFF,287.45703125,254.80839798699938,6.987259976827434,245.92164684630438,47.25001119797928,e979850fa8d4e3276afedf556413ed96,1111111110110011000000110000001111110011111111111111111111111111
7-10.tif,..\dataset\genuine\7\7-10.tif,0,7,Human,genuine,No,0,,,1032,292,P,TIFF,296.3359375,253.8831799591002,16.838700170312805,246.71392163109272,45.21383515402876,106404b621e43884c1db7bd91961723b,1111111110100111001001110000001100000111111101111111111111111111
B-S-7-G-01.tif,..\dataset\genuine\7\B-S-7-G-01.tif,0,7,Human,genuine,No,0,,,1032,289,P,TIFF,293.3125,254.16563881179977,14.56248414243541,247.21528727770178,43.86912344710496,7a4a83e60ef0b2bcaea31006ab27fc4d,1111011100000011000000111010011111110111111111111111111111111111
B-S-7-G-02.tif,..\dataset\genuine\7\B-S-7-G-02.tif,0,7,Human,genuine,No,0,,,997,289,P,TIFF,283.396484375,253.29510295529712,20.780810197540305,247.83497551477964,42.13957365538225,b694773cf01bfd05fda71633a130b2a0,0011011100000011000000111111001111111111111111111111111111111111
B-S-7-G-03.tif,..\dataset\genuine\7\B-S-7-G-03.tif,0,7,Human,genuine,No,0,,,1000,289,P,TIFF,284.2421875,255.0,0.0,247.6094117647059,42.77825622365096,50cd7d6ab72018573d4ac3ad00a01519,1111111110111011000000110010000111110011111111111111111111111111
B-S-7-G-04.tif,..\dataset\genuine\7\B-S-7-G-04.tif,0,7,Human,genuine,No,0,,,1032,292,P,TIFF,296.3359375,254.07438650306747,15.335406136522364,247.11587089837528,44.13947699308656,a0b58867ceaf55cb816ac7a935865123,1111001100000011000000110010001111111111111111111111111111111111
B-S-7-G-05.tif,..\dataset\genuine\7\B-S-7-G-05.tif,0,7,Human,genuine,No,0,,,997,292,P,TIFF,286.31640625,253.2363086393547,21.133638819402023,247.0694618100878,44.26504040940159,bb79e37dc0502f8a83d420605f9586e8,1011101110110011000000110000001111110111111111111111111111111111
B-S-7-G-06.tif,..\dataset\genuine\7\B-S-7-G-06.tif,0,7,Human,genuine,No,0,,,1001,292,P,TIFF,287.45703125,255.0,0.0,246.28631642330274,46.3255980056707,38a68e516a77bd0cebcde3655a47d52b,1011111110110011000000110010001111110011111111111111111111111111
B-S-7-G-07.tif,..\dataset\genuine\7\B-S-7-G-07.tif,0,7,Human,genuine,No,0,,,1032,292,P,TIFF,296.3359375,255.0,0.0,246.6529945842625,45.37415433484915,73d5e0baf8a7a0ddc70e53d333e28938,1111111110110011000000110000001111100011111111111111111111111111
B-S-7-G-08.tif,..\dataset\genuine\7\B-S-7-G-08.tif,0,7,Human,genuine,No,0,,,997,292,P,TIFF,286.31640625,254.88272129059646,5.467386633686992,247.10712617303966,44.163167556534816,0333f8a74b4ff09a45f9990b052700ec,1111111111111111101100110000001100000011111100111111111111111111
B-S-7-G-09.tif,..\dataset\genuine\7\B-S-7-G-09.tif,0,7,Human,genuine,No,0,,,1001,292,P,TIFF,287.45703125,254.80839798699938,6.987259976827434,245.92164684630438,47.25001119797928,e979850fa8d4e3276afedf556413ed96,1111111110110011000000110000001111110011111111111111111111111111
B-S-7-G-10.tif,..\dataset\genuine\7\B-S-7-G-10.tif,0,7,Human,genuine,No,0,,,1032,292,P,TIFF,296.3359375,253.8831799591002,16.838700170312805,246.71392163109272,45.21383515402876,106404b621e43884c1db7bd91961723b,1111111110100111001001110000001100000111111101111111111111111111
70-01.tif,..\dataset\genuine\70\70-01.tif,0,70,Human,genuine,No,0,,,1050,291,L,TIFF,298.677734375,255.0,0.0,249.81070201276387,36.004752091145974,3562e7f380ab80c4f068539cbecee6cd,1111111100111111000011111100111111111111111111111111111111111111
70-02.tif,..\dataset\genuine\70\70-02.tif,0,70,Human,genuine,No,0,,,999,291,L,TIFF,284.1845703125,255.0,0.0,248.3335397252923,40.687905788528944,1b8275b1454716ef544abde53be8df72,1111111110100111000001110010111111111111111111111111111111111111
70-03.tif,..\dataset\genuine\70\70-03.tif,0,70,Human,genuine,No,0,,,1050,289,L,TIFF,296.626953125,255.0,0.0,249.81008403361344,36.00685134374314,648135b54857c4611e3255f73642e314,1111111110001111000001110110111111111111111111111111111111111111
70-04.tif,..\dataset\genuine\70\70-04.tif,0,70,Human,genuine,No,0,,,998,289,L,TIFF,281.951171875,255.0,0.0,248.62194978191678,39.82114113165055,e70e221f62c529cb4525c22cfbf47c94,1111111111100111000001110000111111111111111111111111111111111111
70-05.tif,..\dataset\genuine\70\70-05.tif,0,70,Human,genuine,No,0,,,1050,291,L,TIFF,298.677734375,255.0,0.0,249.45851742758958,37.18023704690874,a5155a6e1e41cbc8cd47a5bef4f101c3,1111111111111111000001110000011111111111111111111111111111111111
70-06.tif,..\dataset\genuine\70\70-06.tif,0,70,Human,genuine,No,0,,,999,291,L,TIFF,284.1845703125,255.0,0.0,248.14231757530726,41.25143888470689,5123845c6b28c8f44ac0413af7d341c1,1111111111111111100001110000011100111111111111111111111111111111
70-07.tif,..\dataset\genuine\70\70-07.tif,0,70,Human,genuine,No,0,,,1050,290,L,TIFF,297.65234375,255.0,0.0,249.30541871921181,37.67877347575797,684835ab5e2d1019d1123b999049c64f,1111111111111111100001110000011111111111111111111111111111111111
70-08.tif,..\dataset\genuine\70\70-08.tif,0,70,Human,genuine,No,0,,,1000,290,L,TIFF,283.4921875,255.0,0.0,248.23458620689655,40.980601428596245,2944ae7ecb09967f3babc81781c3cd4f,1111111111111111100000110000001100111111111111111111111111111111
70-09.tif,..\dataset\genuine\70\70-09.tif,0,70,Human,genuine,No,0,,,1051,292,L,TIFF,299.98828125,255.0,0.0,249.13625966137926,38.22133351401444,ea804384fea6cdc5c733a4bafa695533,1111111111111111000101110000011111110111111111111111111111111111
70-10.tif,..\dataset\genuine\70\70-10.tif,0,70,Human,genuine,No,0,,,999,292,L,TIFF,285.16015625,255.0,0.0,248.28381463655435,40.835280357094106,ab9925e37ec460edb7ecf5917e4b3155,1111111110011111000001110000011111111111111111111111111111111111
71-01.tif,..\dataset\genuine\71\71-01.tif,0,71,Human,genuine,No,0,,,999,292,L,TIFF,285.16015625,255.0,0.0,246.57745073840965,45.572038857633146,9e5f4d2d9844907416ce63ed6d077f71,1111111111111111111100110000001100001111011111111111111111111111
71-02.tif,..\dataset\genuine\71\71-02.tif,0,71,Human,genuine,No,0,,,999,292,L,TIFF,285.16015625,255.0,0.0,245.96553745526347,47.13986036716236,9360d55cb2d7287c58083dfa17fb5d04,1111111111111111001101110000001100000111010011111111111111111111
71-03.tif,..\dataset\genuine\71\71-03.tif,0,71,Human,genuine,No,0,,,999,290,L,TIFF,283.208984375,255.0,0.0,246.93569431500467,44.62471202700095,b88005478eeaf7717bafad802229cd77,1111111111111111100000110000001100011111011111111111111111111111
71-04.tif,..\dataset\genuine\71\71-04.tif,0,71,Human,genuine,No,0,,,999,290,L,TIFF,283.208984375,255.0,0.0,246.94713679196437,44.5940748553185,df11f8909c1b8fd90ed964e1234df5d9,1111111111111111001001110000011100001111110111111111111111111111
71-05.tif,..\dataset\genuine\71\71-05.tif,0,71,Human,genuine,No,0,,,999,291,L,TIFF,284.1845703125,254.98194370685076,2.145700054371847,246.2836031908197,46.33255457025753,19785bea6dd83070a6f14f273637b476,1111111111110011000000110000011100001111011111111111111111111111
71-06.tif,..\dataset\genuine\71\71-06.tif,0,71,Human,genuine,No,0,,,999,291,L,TIFF,284.1845703125,255.0,0.0,246.58271673735592,45.55827668438145,08e07127b6d07aa7b73fd61e7604f885,1111111111111111000000110000001100001111111111111111111111111111
71-07.tif,..\dataset\genuine\71\71-07.tif,0,71,Human,genuine,No,0,,,999,290,L,TIFF,283.208984375,255.0,0.0,246.57217562389977,45.585820078080985,750a5d53c2cded4ed34b71ff6f00cc6a,1111111111111111000001110000001100001111111111111111111111111111
71-08.tif,..\dataset\genuine\71\71-08.tif,0,71,Human,genuine,No,0,,,999,290,L,TIFF,283.208984375,255.0,0.0,247.07476441959201,44.25071427671053,c3ee9624382308e5aa79a9a077b9662b,1111111111111111100000110000001100001111111111111111111111111111
71-09.tif,..\dataset\genuine\71\71-09.tif,0,71,Human,genuine,No,0,,,1000,291,L,TIFF,284.46875,254.28546409807356,13.479469330656219,246.7409793814433,45.14242833692284,9a45ea638272e26398671f43ebae4630,1111111111111111000111110000001100000111011111111111111111111111
71-10.tif,..\dataset\genuine\71\71-10.tif,0,71,Human,genuine,No,0,,,999,291,L,TIFF,284.1845703125,255.0,0.0,245.42836651084073,48.46803453911471,ed4e653201c31cfbb218483b93f622ff,1111111101111111000000110000001100001111110111111111111111111111
72-01.tif,..\dataset\genuine\72\72-01.tif,0,72,Human,genuine,No,0,,,1049,291,L,TIFF,298.3935546875,255.0,0.0,245.75010073413068,47.677706282579756,1eafa5b24c553a5406ab4779c7d8439c,1111111111111111100000110000001100111011111111111111111111111111
72-02.tif,..\dataset\genuine\72\72-02.tif,0,72,Human,genuine,No,0,,,999,291,L,TIFF,284.1845703125,255.0,0.0,245.9599290011661,47.153952337409464,ffe1ab5c87a17aec472e8c798f272fc9,1110111111101111100000011000000111111011111111111111111111111111
72-03.tif,..\dataset\genuine\72\72-03.tif,0,72,Human,genuine,No,0,,,1049,289,L,TIFF,296.3447265625,255.0,0.0,246.29338866147032,46.30745955377878,2e68549397889d11529a7f732050a01c,1111111111101111100011111000000111100001111111011111111111111111
72-04.tif,..\dataset\genuine\72\72-04.tif,0,72,Human,genuine,No,0,,,999,289,L,TIFF,282.2333984375,255.0,0.0,246.02543720190778,46.98904910824024,7382ee9119d0107b5252cae120529807,1111111111101111100000011000000110001001111111111111111111111111
72-05.tif,..\dataset\genuine\72\72-05.tif,0,72,Human,genuine,No,0,,,1049,291,L,TIFF,298.3935546875,255.0,0.0,246.6272247501302,45.44176848816474,9a852324516f782bbf008bc8f6bb4c0e,1111111111111111100111111000000110000001111111111111111111111111
72-06.tif,..\dataset\genuine\72\72-06.tif,0,72,Human,genuine,No,0,,,999,291,L,TIFF,284.1845703125,255.0,0.0,245.02925606018388,49.42796748744305,139a40b4a1bc21878c26946e8ea59d08,1111111111011111100000010000100110111111111111111111111111111111
72-07.tif,..\dataset\genuine\72\72-07.tif,0,72,Human,genuine,No,0,,,1050,290,L,TIFF,297.65234375,255.0,0.0,246.27807881773398,46.34671501161838,04dbb1c613da1276c6f6a18dcad803b2,1111111111111111100001110000000110111001111111111111111111111111
72-08.tif,..\dataset\genuine\72\72-08.tif,0,72,Human,genuine,No,0,,,999,290,L,TIFF,283.208984375,255.0,0.0,245.27565496531014,48.837947310387825,07aff29d8f844197233168c84bb171e7,1111111111111111000000110000000110111011111111111111111111111111
72-09.tif,..\dataset\genuine\72\72-09.tif,0,72,Human,genuine,No,0,,,1050,291,L,TIFF,298.677734375,255.0,0.0,245.42425135002455,48.47804599544245,1e6edd1beddbfe1f3b6b0426d7cd0ad4,1111111111111111000000010000000110111001111111111111111111111111
72-10.tif,..\dataset\genuine\72\72-10.tif,0,72,Human,genuine,No,0,,,998,291,L,TIFF,283.900390625,255.0,0.0,244.7558519100056,50.07309849468915,5dae108b40c93cbfe8d5b1b389ef7fb6,1111111111011111000000110000000110111001111111111111111111111111
73-01.tif,..\dataset\genuine\73\73-01.tif,0,73,Human,genuine,No,0,,,1049,291,L,TIFF,298.3935546875,255.0,0.0,249.26695036018594,37.80290729533924,1158df0a085454a55802aa95022711c5,1101111110011111100001111000011110111111111111111111111111111111
73-02.tif,..\dataset\genuine\73\73-02.tif,0,73,Human,genuine,No,0,,,999,291,L,TIFF,284.1845703125,255.0,0.0,248.4914295739038,40.21596660112843,5ea1f351e62c52fb5cb65ea2e5e435c0,1011111110111111000011110000111100111111111111111111111111111111
73-03.tif,..\dataset\genuine\73\73-03.tif,0,73,Human,genuine,No,0,,,1049,288,L,TIFF,295.3203125,255.0,0.0,249.1202931363203,38.272108609737195,3912ebeec1c306f1bffd9ff5ccf03a21,1111111110011111100001111000011110111111111111111111111111111111
73-04.tif,..\dataset\genuine\73\73-04.tif,0,73,Human,genuine,No,0,,,998,288,L,TIFF,280.9765625,255.0,0.0,249.07178941215764,38.42590297086059,d79aba13fd0beb67b5e56a386c932814,1101111110011111100001111000011110101111111111111111111111111111
73-05.tif,..\dataset\genuine\73\73-05.tif,0,73,Human,genuine,No,0,,,1049,291,L,TIFF,298.3935546875,255.0,0.0,249.55765431977434,36.85348045917059,c28e84a2394e362f3a7b783f257db9c2,1111111110111111100011110000111100111111101111111111111111111111
73-06.tif,..\dataset\genuine\73\73-06.tif,0,73,Human,genuine,No,0,,,998,291,L,TIFF,283.900390625,255.0,0.0,248.829101501973,39.1854453684519,8143d0bf85332f0bbd3a28cc4dbcb130,1111111110111111100011110000011100001111111111111111111111111111
73-07.tif,..\dataset\genuine\73\73-07.tif,0,73,Human,genuine,No,0,,,1049,289,L,TIFF,296.3447265625,255.0,0.0,249.42073683620254,37.3039398632027,3f297ae6ff9491f40fcc85d0b4c1c435,1111111110011111100111111000011110001111111111111111111111111111
73-08.tif,..\dataset\genuine\73\73-08.tif,0,73,Human,genuine,No,0,,,999,289,L,TIFF,282.2333984375,255.0,0.0,248.78290054760643,39.32820914762593,7f103787d31208cb7b30561a045de0f2,1111111111011111100111111000011100101111101111111111111111111111
73-09.tif,..\dataset\genuine\73\73-09.tif,0,73,Human,genuine,No,0,,,1050,292,L,TIFF,299.703125,255.0,0.0,249.15479452054794,38.16229775790836,d9bc9a2b27750b9f61d4555f293477c7,1101111110011111100011111000111110111111111111111111111111111111
73-10.tif,..\dataset\genuine\73\73-10.tif,0,73,Human,genuine,No,0,,,998,292,L,TIFF,284.875,255.0,0.0,248.62885016608558,39.80014645000676,b86222388b1bc1eb16ad1c054ebb5794,1111111110011111100001111000011100101111111111111111111111111111
74-01.tif,..\dataset\genuine\74\74-01.tif,0,74,Human,genuine,No,0,,,943,274,L,TIFF,252.615234375,255.0,0.0,250.27171010364498,34.39995927652465,214651da1a541f4747155de7e9c4bbf8,1111111111111111111111111000001110000011100111111111111111111111
74-02.tif,..\dataset\genuine\74\74-02.tif,0,74,Human,genuine,No,0,,,943,274,L,TIFF,252.615234375,255.0,0.0,250.23914204549854,34.51598194945257,320d9b4e96a8e62370252255dcdfb361,1111111111111111111111111100000110000001110111111111111111111111
74-03.tif,..\dataset\genuine\74\74-03.tif,0,74,Human,genuine,No,0,,,993,274,L,TIFF,265.994140625,255.0,0.0,249.76845215780537,36.14796822692058,90ede54fd55336f273c28709fc0a92c2,1111111111111111110111111000000110000011111111111111111111111111
74-04.tif,..\dataset\genuine\74\74-04.tif,0,74,Human,genuine,No,0,,,943,274,L,TIFF,252.615234375,255.0,0.0,250.04077296406098,35.213760965998304,908fd0f231722fc91239e66db31ab79a,1111111111111111111111111000000110000011110111111111111111111111
74-05.tif,..\dataset\genuine\74\74-05.tif,0,74,Human,genuine,No,0,,,943,274,L,TIFF,252.615234375,255.0,0.0,250.18486194858775,34.708423309853266,82c5a9cb499b50f2004f66eeab1c9944,1111111111111111111111111100000111000001110011111111111111111111
74-06.tif,..\dataset\genuine\74\74-06.tif,0,74,Human,genuine,No,0,,,993,274,L,TIFF,265.994140625,254.98063413707993,2.222143111496375,250.7722120537191,32.56089273012814,ab4752ad63a40c4876b0e76030e2adc1,1111111111111111111111111000000111000011111111111111111111111111
74-07.tif,..\dataset\genuine\74\74-07.tif,0,74,Human,genuine,No,0,,,944,277,L,TIFF,255.6484375,254.9949586809537,1.1338037492921968,250.19427277733587,34.67514134997433,f5a62317aa4400c356551da2ad93d4ec,1111111111111111111111111000000110000011111111111111111111111111
74-08.tif,..\dataset\genuine\74\74-08.tif,0,74,Human,genuine,No,0,,,942,277,L,TIFF,255.107421875,255.0,0.0,249.94073213916164,35.56004939853252,5e018e5afb3d5a3ecdb1f1f3ffa585fb,1111111111111111100001011000000111011011111111111111111111111111
74-09.tif,..\dataset\genuine\74\74-09.tif,0,74,Human,genuine,No,0,,,993,277,L,TIFF,268.9033203125,255.0,0.0,250.2719578566209,34.39907504646168,e3a41e753966e14765f1dfa1d046c04b,1111111111111111100001011000000111011111111111111111111111111111
74-10.tif,..\dataset\genuine\74\74-10.tif,0,74,Human,genuine,No,0,,,944,275,L,TIFF,253.8046875,255.0,0.0,250.60724191063173,33.17916498583404,25dde1fc8f9ea5823e254d99264f16ce,1111111111111111111111111000001110000011111111111111111111111111
75-01.tif,..\dataset\genuine\75\75-01.tif,0,75,Human,genuine,No,0,,,993,275,L,TIFF,266.9638671875,255.0,0.0,247.71815435319968,42.47170074190883,8b95b9a23ef098b80054fa37f4f17077,1111111111111111000001110000011111111111111111111111111111111111
75-02.tif,..\dataset\genuine\75\75-02.tif,0,75,Human,genuine,No,0,,,942,275,L,TIFF,253.267578125,255.0,0.0,247.18807180081066,43.94332109210675,cf065bd532627c968cb67851c1e49cde,1111111111111111110101111000001110000011111111111111111111111111
75-03.tif,..\dataset\genuine\75\75-03.tif,0,75,Human,genuine,No,0,,,943,275,L,TIFF,253.5361328125,255.0,0.0,247.51101899161284,43.05351693642161,c4601f8096d65b7b068f3cf859c77227,1111111111111111110110111000001110000011111111111111111111111111
75-04.tif,..\dataset\genuine\75\75-04.tif,0,75,Human,genuine,No,0,,,993,275,L,TIFF,266.9638671875,255.0,0.0,248.0319143092557,41.572919466237174,e9d8174b756814777837595b480e4076,1111111111111111100001111000011111111111111111111111111111111111
75-05.tif,..\dataset\genuine\75\75-05.tif,0,75,Human,genuine,No,0,,,942,275,L,TIFF,253.267578125,255.0,0.0,246.81598147075854,44.94381565543367,2d84174414a53527e6b4917996ca2efc,1111111111111111100000111000001110000011111111111111111111111111
75-06.tif,..\dataset\genuine\75\75-06.tif,0,75,Human,genuine,No,0,,,944,275,L,TIFF,253.8046875,255.0,0.0,247.70558551617873,42.50726068229569,b3cadffbc00bda6408c67d5874b3a6bc,1111111111111011100000111000001111111111111111111111111111111111
75-07.tif,..\dataset\genuine\75\75-07.tif,0,75,Human,genuine,No,0,,,993,276,L,TIFF,267.93359375,255.0,0.0,248.21998555103113,41.023591853454704,66483906af4a2917984dd706c8591f54,1111111110010111100001111000011111111111111111111111111111111111
75-08.tif,..\dataset\genuine\75\75-08.tif,0,75,Human,genuine,No,0,,,942,276,L,TIFF,254.1875,255.0,0.0,247.63713883504107,42.70032637498296,d491259fd02d654d8a5e0aa0960ef5ef,1111111111111111100000111000001111111011111111111111111111111111
75-09.tif,..\dataset\genuine\75\75-09.tif,0,75,Human,genuine,No,0,,,944,276,L,TIFF,254.7265625,255.0,0.0,247.66056788872513,42.63435146286477,f0a2b2e78e1243ff16608c01dbbf614f,1111111111011111100000111000001111111111111111111111111111111111
75-10.tif,..\dataset\genuine\75\75-10.tif,0,75,Human,genuine,No,0,,,993,276,L,TIFF,267.93359375,255.0,0.0,247.6114869302509,42.772429290422245,231d0816090a3a5c06e731eb0f4ca690,1111111111111111100000111000001111111111111111111111111111111111
76-01.tif,..\dataset\genuine\76\76-01.tif,0,76,Human,genuine,No,0,,,992,269,L,TIFF,260.8828125,254.95599570502742,3.3495012822854946,251.33527326418036,30.349219027608893,31bd3a7b107d7f430a89d5fce980fa1b,1111111111111111111111111000011110000111111111111111111111111111
76-02.tif,..\dataset\genuine\76\76-02.tif,0,76,Human,genuine,No,0,,,942,269,L,TIFF,247.748046875,255.0,0.0,250.43632941065044,33.80693584216179,7cabf8b9a94c786a54a92596b3ae18cb,1111111111111111111111111000001110000011111111111111111111111111
76-03.tif,..\dataset\genuine\76\76-03.tif,0,76,Human,genuine,No,0,,,945,269,L,TIFF,248.5361328125,255.0,0.0,250.51200802501918,33.530521643013806,2be8bc2843fd1e34113dd67bf1078945,1111111111111111111111111000011110000011111101111111111111111111
76-04.tif,..\dataset\genuine\76\76-04.tif,0,76,Human,genuine,No,0,,,992,275,L,TIFF,266.6953125,255.0,0.0,251.01702712609972,31.619519444962304,6291f1a9fdf84316fe51adbd05288354,1111111111111111100001111000011111111111111111111111111111111111
76-05.tif,..\dataset\genuine\76\76-05.tif,0,76,Human,genuine,No,0,,,942,275,L,TIFF,253.267578125,255.0,0.0,250.69339895773018,32.85782179697138,43055430a4ec6588dab02b076ed0bcf1,1111111111111111111111111100001111000011111111111111111111111111
76-06.tif,..\dataset\genuine\76\76-06.tif,0,76,Human,genuine,No,0,,,945,275,L,TIFF,254.0732421875,254.87861959539865,5.562128187189028,250.56675324675325,33.32903006843657,0abaf3a478f575235d0e6373a20a764d,1111111111111111111011111000001110010011111111111111111111111111
76-07.tif,..\dataset\genuine\76\76-07.tif,0,76,Human,genuine,No,0,,,936,263,P,TIFF,242.3828125,255.0,0.0,250.63170273959247,33.088272551595004,c4c010a66dacc11210bc8d6dac42b517,1111111111111111111011111100001111000011111111111111111111111111
76-08.tif,..\dataset\genuine\76\76-08.tif,0,76,Human,genuine,No,0,,,938,269,P,TIFF,248.400390625,255.0,0.0,250.73824319718454,32.68922473341324,82bd9d61dfdd3b37a3f760a9abe542ab,1111111111111111111010111100001111000011111111111111111111111111
76-09.tif,..\dataset\genuine\76\76-09.tif,0,76,Human,genuine,No,0,,,917,246,P,TIFF,222.263671875,253.99424662498868,1.208852410988482,248.52376519403143,36.57979058967316,dff291da06e9f04c0f94141b1c560686,1111111111101111100001111000001111110011111111111111111111111111
76-10.tif,..\dataset\genuine\76\76-10.tif,0,76,Human,genuine,No,0,,,992,269,L,TIFF,260.8828125,254.95599570502742,3.3495012822854946,251.33527326418036,30.349219027608893,31bd3a7b107d7f430a89d5fce980fa1b,1111111111111111111111111000011110000111111111111111111111111111
77-01.tif,..\dataset\genuine\77\77-01.tif,0,77,Human,genuine,No,0,,,945,274,L,TIFF,253.150390625,255.0,0.0,247.6384544085274,42.69662483534481,073dc32193eafc5adc294d25b0f734d9,1111111111101111000001110000011110011111111111111111111111111111
77-02.tif,..\dataset\genuine\77\77-02.tif,0,77,Human,genuine,No,0,,,943,274,L,TIFF,252.615234375,254.20366392170902,14.22784413797847,248.10346695977273,41.364885558683774,40f3c355b23c162ec4bbe67d948a8e44,1111111111111111000000110000011100000111101111111111111111111111
77-03.tif,..\dataset\genuine\77\77-03.tif,0,77,Human,genuine,No,0,,,992,274,L,TIFF,265.7265625,255.0,0.0,248.4075339945844,40.46749588680296,5548c18ed6d070633b542168a8ad2eb8,1111111111110011110001110000011110000111101111111111111111111111
77-04.tif,..\dataset\genuine\77\77-04.tif,0,77,Human,genuine,No,0,,,946,276,L,TIFF,255.265625,255.0,0.0,247.5813493887306,42.856965932991734,187220a22328283ea98cd87ff6772685,1111111111110111000001110000011110011111111111111111111111111111
77-05.tif,..\dataset\genuine\77\77-05.tif,0,77,Human,genuine,No,0,,,943,276,L,TIFF,254.45703125,255.0,0.0,248.06820277560053,41.467559362249325,362a5c86c9863d2f5fa72f1a797678a2,1111111111110111000001110000011111111111111111111111111111111111
77-06.tif,..\dataset\genuine\77\77-06.tif,0,77,Human,genuine,No,0,,,991,276,L,TIFF,267.39453125,255.0,0.0,248.02636774448297,41.588997082421436,db884ad311229444c2308b5d5e250de0,1111111111101011000001110000011110011111111111111111111111111111
77-07.tif,..\dataset\genuine\77\77-07.tif,0,77,Human,genuine,No,0,,,915,246,P,TIFF,221.783203125,253.99804988662132,0.4095191663703955,246.0183748722733,44.032110888430914,b98309252ecc97d6586c5e25ad06a57b,1111111111110111000001110000011110011111111111111111111111111111
77-08.tif,..\dataset\genuine\77\77-08.tif,0,77,Human,genuine,No,0,,,924,251,P,TIFF,228.46484375,253.9966643103296,0.709702764124484,246.17106465911246,43.70425775753615,19d5f4c18be8978c34c07a028803e0e1,1111111111111111111011110000001110000011111111111111111111111111
77-09.tif,..\dataset\genuine\77\77-09.tif,0,77,Human,genuine,No,0,,,933,233,P,TIFF,214.255859375,253.9982364996902,0.36124218052735946,246.22844302149602,43.519728098719575,ea728fb8504433f92cc1766da10943c9,1111111111111111110000111000011110000111100111111111111111111111
77-10.tif,..\dataset\genuine\77\77-10.tif,0,77,Human,genuine,No,0,,,943,274,L,TIFF,252.615234375,254.20366392170902,14.22784413797847,248.10346695977273,41.364885558683774,40f3c355b23c162ec4bbe67d948a8e44,1111111111111111000000110000011100000111101111111111111111111111
78-01.tif,..\dataset\genuine\78\78-01.tif,0,78,Human,genuine,No,0,,,946,273,L,TIFF,252.494140625,255.0,0.0,244.86449596914713,49.81791932535969,bac26457f55244baa112ccfa924ab92b,1111111111010011100100111000001110000011111111111111111111111111
78-02.tif,..\dataset\genuine\78\78-02.tif,0,78,Human,genuine,No,0,,,942,273,L,TIFF,251.427734375,255.0,0.0,242.8987891089802,54.21595219288429,e2a5599e175ab09029682f546d50c73a,1111111111111111110010011000000110000001111111111111111111111111
78-03.tif,..\dataset\genuine\78\78-03.tif,0,78,Human,genuine,No,0,,,991,273,L,TIFF,264.4912109375,255.0,0.0,244.24080460407404,51.26240864798891,edf051e700f738bcae156781d3f0d8d3,1111111111011011100010011000000110000011111111111111111111111111
78-04.tif,..\dataset\genuine\78\78-04.tif,0,78,Human,genuine,No,0,,,946,276,L,TIFF,255.265625,255.0,0.0,244.67287894107915,50.26695177409519,cb2afafcc9eb25906428234530f653d9,1111111111111111110100111000001110000011101111111111111111111111
78-05.tif,..\dataset\genuine\78\78-05.tif,0,78,Human,genuine,No,0,,,942,276,L,TIFF,254.1875,255.0,0.0,243.08132557924858,53.82571111786388,38fddea722b31a2c91bd510fea948bcc,1111111111011001100000011000000110111111111111111111111111111111
78-06.tif,..\dataset\genuine\78\78-06.tif,0,78,Human,genuine,No,0,,,991,276,L,TIFF,267.39453125,255.0,0.0,244.15171324529462,51.46482096478679,603446f156024b6fd4047eeb012be3a3,1111111111011011100010011000000110010011111111111111111111111111
78-07.tif,..\dataset\genuine\78\78-07.tif,0,78,Human,genuine,No,0,,,946,278,L,TIFF,257.11328125,255.0,0.0,244.49216314052353,50.686129894687454,e11d17fc10db98942c73ae2f0646613b,1111111111011011100010111000000110010011111111111111111111111111
78-08.tif,..\dataset\genuine\78\78-08.tif,0,78,Human,genuine,No,0,,,942,278,L,TIFF,256.02734375,255.0,0.0,243.0502222425881,53.89244974658788,d1b76132679d154d8fa223d975a6d3b0,1101111111011011100000011000000110010011111111111111111111111111
78-09.tif,..\dataset\genuine\78\78-09.tif,0,78,Human,genuine,No,0,,,992,278,L,TIFF,269.6015625,255.0,0.0,244.81205761197495,49.9412769044272,f9381ca506f3cad1eef661e21ec87ef6,1111111111011011100010011000000110000001111111111111111111111111
78-10.tif,..\dataset\genuine\78\78-10.tif,0,78,Human,genuine,No,0,,,945,274,L,TIFF,253.150390625,255.0,0.0,245.1951106476654,49.031733904011595,b6cac4833e2f13f5e9c800f510c9a8dd,1111111111111111110110111000000110000011111111111111111111111111
79-01.tif,..\dataset\genuine\79\79-01.tif,0,79,Human,genuine,No,0,,,949,250,P,TIFF,233.666015625,253.996866626329,0.6740395865725967,246.34333403582718,43.16792048305683,8f5c707186605d1c7869ed64a23cbfbb,1111111111111111101101110000001110000011111111111111111111111111
79-02.tif,..\dataset\genuine\79\79-02.tif,0,79,Human,genuine,No,0,,,934,245,P,TIFF,225.435546875,253.99435003114155,1.197939968402214,245.84276974172965,44.537015898412164,4ce3a623f502b5e8492de90110e3337e,1111111111111111000000110000001111111111111111111111111111111111
79-03.tif,..\dataset\genuine\79\79-03.tif,0,79,Human,genuine,No,0,,,910,256,P,TIFF,229.453125,254.0,0.0,247.12189217032966,40.98638757113427,f789bd3472f2a766574ed5a171c407f5,1111111111111111111101111000001110000011111111111111111111111111
79-04.tif,..\dataset\genuine\79\79-04.tif,0,79,Human,genuine,No,0,,,916,253,P,TIFF,228.29296875,254.0,0.0,247.17586775290403,40.86419695748693,a0991c7caeeeae68b1a7007af6126025,1111111111111111111111110000011100000111111111111111111111111111
79-05.tif,..\dataset\genuine\79\79-05.tif,0,79,Human,genuine,No,0,,,967,247,P,TIFF,235.220703125,254.0,0.0,246.75356815393826,42.04962304678806,d008836983e5996c60e01721b66e4f24,1111111111111111100001110000001111100111111111111111111111111111
79-06.tif,..\dataset\genuine\79\79-06.tif,0,79,Human,genuine,No,0,,,907,254,P,TIFF,226.931640625,254.0,0.0,247.51359938883053,39.86396066227339,a715ce46a151b60b37fcf26e349a21f3,1111111111111111000001111000011111111111111111111111111111111111
79-07.tif,..\dataset\genuine\79\79-07.tif,0,79,Human,genuine,No,0,,,898,250,P,TIFF,221.18359375,254.0,0.0,247.7857683741648,38.99801237182519,ecff202f36333112218f6212ebd7b979,1111111111111111100000110000001111111111111111111111111111111111
79-08.tif,..\dataset\genuine\79\79-08.tif,0,79,Human,genuine,No,0,,,964,250,P,TIFF,237.328125,254.0,0.0,247.33778008298756,40.397203182243786,ad9b6dabb16a4226bcb4419a64954f1a,1111111111111111111101111000001110010111111111111111111111111111
79-09.tif,..\dataset\genuine\79\79-09.tif,0,79,Human,genuine,No,0,,,910,256,P,TIFF,229.453125,254.0,0.0,247.03641397664836,41.25396668096037,c4d33dacb37e7bc7ea8a0e2268a7ceb0,1111111111110111100000111000001111111111111111111111111111111111
79-10.tif,..\dataset\genuine\79\79-10.tif,0,79,Human,genuine,No,0,,,919,253,P,TIFF,229.03515625,253.98396020166868,1.7593182537558343,247.80392418292783,38.94375187170285,0cc65d2ee2f57789aab5e2581f2c60ec,1111111111111111110000111000001111111111111111111111111111111111
8-01.tif,..\dataset\genuine\8\8-01.tif,0,8,Human,genuine,No,0,,,1051,289,P,TIFF,298.67578125,255.0,0.0,250.40017910113616,33.93811981988176,392094a3607d4b60ca8113b8523a98c4,1101111110011111100001111000011110101111111111111111111111111111
8-02.tif,..\dataset\genuine\8\8-02.tif,0,8,Human,genuine,No,0,,,999,289,P,TIFF,283.9609375,255.0,0.0,250.3329800388624,34.18053561272019,0deb474fe03efc2b1f22790f1f2adb0a,1111111110011111100101111000011110000111111111111111111111111111
8-03.tif,..\dataset\genuine\8\8-03.tif,0,8,Human,genuine,No,0,,,1002,289,P,TIFF,284.806640625,255.0,0.0,250.29499823881648,34.316736551266885,32dbccca32a05fb01793c2c60253c3ca,1111111111001111110111111100001111000111111111111111111111111111
8-04.tif,..\dataset\genuine\8\8-04.tif,0,8,Human,genuine,No,0,,,1050,290,P,TIFF,299.41796875,255.0,0.0,251.10339901477832,31.280181457170233,4108d407d63f3834b289a15e314c46e0,1101111111011111100001111000011111100111111111111111111111111111
8-05.tif,..\dataset\genuine\8\8-05.tif,0,8,Human,genuine,No,0,,,1000,290,P,TIFF,285.21875,255.0,0.0,250.74062068965517,32.680260280917864,46e6b53f296c4ff45adfe9f0d2fce5a9,1110111111001111110001111000011111111111111111111111111111111111
8-06.tif,..\dataset\genuine\8\8-06.tif,0,8,Human,genuine,No,0,,,1001,290,P,TIFF,285.501953125,255.0,0.0,250.5885149333425,33.248571270121,24794b7ceee0eb55363fc7f27e79eab0,1111111111001111100111111000011110000111111111111111111111111111
8-07.tif,..\dataset\genuine\8\8-07.tif,0,8,Human,genuine,No,0,,,1051,291,P,TIFF,300.728515625,255.0,0.0,250.73361648699816,32.706662433447086,a685c4e7a57fb1d92627f5530a773ee9,1111111111001111110111111000011110000111111101111111111111111111
8-08.tif,..\dataset\genuine\8\8-08.tif,0,8,Human,genuine,No,0,,,999,291,P,TIFF,285.912109375,255.0,0.0,249.5063104341455,37.02310379002444,1eb9d079f92c6d3ea0a209d6e593fafc,1110111110001111110001111000011110000111111111111111111111111111
8-09.tif,..\dataset\genuine\8\8-09.tif,0,8,Human,genuine,No,0,,,1002,291,P,TIFF,286.763671875,255.0,0.0,250.0719694631356,35.10501818726431,713b866c95d8995eb04e4181e72bb71b,1110111111001111110001111000011110010111111111111111111111111111
8-10.tif,..\dataset\genuine\8\8-10.tif,0,8,Human,genuine,No,0,,,1050,291,P,TIFF,300.443359375,255.0,0.0,250.4057437407953,33.91796213692621,8bb167fca26258fcebddcb7e23711fce,1111111111001111100111111000011110000111111111111111111111111111
B-S-8-G-01.tif,..\dataset\genuine\8\B-S-8-G-01.tif,0,8,Human,genuine,No,0,,,1051,289,P,TIFF,298.67578125,255.0,0.0,250.40017910113616,33.93811981988176,392094a3607d4b60ca8113b8523a98c4,1101111110011111100001111000011110101111111111111111111111111111
B-S-8-G-02.tif,..\dataset\genuine\8\B-S-8-G-02.tif,0,8,Human,genuine,No,0,,,999,289,P,TIFF,283.9609375,255.0,0.0,250.3329800388624,34.18053561272019,0deb474fe03efc2b1f22790f1f2adb0a,1111111110011111100101111000011110000111111111111111111111111111
B-S-8-G-03.tif,..\dataset\genuine\8\B-S-8-G-03.tif,0,8,Human,genuine,No,0,,,1002,289,P,TIFF,284.806640625,255.0,0.0,250.29499823881648,34.316736551266885,32dbccca32a05fb01793c2c60253c3ca,1111111111001111110111111100001111000111111111111111111111111111
B-S-8-G-04.tif,..\dataset\genuine\8\B-S-8-G-04.tif,0,8,Human,genuine,No,0,,,1050,290,P,TIFF,299.41796875,255.0,0.0,251.10339901477832,31.280181457170233,4108d407d63f3834b289a15e314c46e0,1101111111011111100001111000011111100111111111111111111111111111
B-S-8-G-05.tif,..\dataset\genuine\8\B-S-8-G-05.tif,0,8,Human,genuine,No,0,,,1000,290,P,TIFF,285.21875,255.0,0.0,250.74062068965517,32.680260280917864,46e6b53f296c4ff45adfe9f0d2fce5a9,1110111111001111110001111000011111111111111111111111111111111111
B-S-8-G-06.tif,..\dataset\genuine\8\B-S-8-G-06.tif,0,8,Human,genuine,No,0,,,1001,290,P,TIFF,285.501953125,255.0,0.0,250.5885149333425,33.248571270121,24794b7ceee0eb55363fc7f27e79eab0,1111111111001111100111111000011110000111111111111111111111111111
B-S-8-G-07.tif,..\dataset\genuine\8\B-S-8-G-07.tif,0,8,Human,genuine,No,0,,,1051,291,P,TIFF,300.728515625,255.0,0.0,250.73361648699816,32.706662433447086,a685c4e7a57fb1d92627f5530a773ee9,1111111111001111110111111000011110000111111101111111111111111111
B-S-8-G-08.tif,..\dataset\genuine\8\B-S-8-G-08.tif,0,8,Human,genuine,No,0,,,999,291,P,TIFF,285.912109375,255.0,0.0,249.5063104341455,37.02310379002444,1eb9d079f92c6d3ea0a209d6e593fafc,1110111110001111110001111000011110000111111111111111111111111111
B-S-8-G-09.tif,..\dataset\genuine\8\B-S-8-G-09.tif,0,8,Human,genuine,No,0,,,1002,291,P,TIFF,286.763671875,255.0,0.0,250.0719694631356,35.10501818726431,713b866c95d8995eb04e4181e72bb71b,1110111111001111110001111000011110010111111111111111111111111111
B-S-8-G-10.tif,..\dataset\genuine\8\B-S-8-G-10.tif,0,8,Human,genuine,No,0,,,1050,291,P,TIFF,300.443359375,255.0,0.0,250.4057437407953,33.91796213692621,8bb167fca26258fcebddcb7e23711fce,1111111111001111100111111000011110000111111111111111111111111111
80-01.tif,..\dataset\genuine\80\80-01.tif,0,80,Human,genuine,No,0,,,970,280,L,TIFF,265.5234375,255.0,0.0,250.15537555228278,34.812481211894024,4df9158f666a56689455a356aa58155c,1111111100111111000101111000001110010011111111111111111111111111
80-02.tif,..\dataset\genuine\80\80-02.tif,0,80,Human,genuine,No,0,,,969,280,L,TIFF,265.25,255.0,0.0,250.53571428571428,33.443430000585785,3b6f791ee840018ae173a66b05e1f96c,1111111100111011001110110001011110000011111100111111111111111111
80-03.tif,..\dataset\genuine\80\80-03.tif,0,80,Human,genuine,No,0,,,1021,280,L,TIFF,279.46875,255.0,0.0,250.46159227647965,33.71493474460217,8d37ad482116a5fb4ba660a25946aaaa,1111111110111011101111111000001110000011111111111111111111111111
80-04.tif,..\dataset\genuine\80\80-04.tif,0,80,Human,genuine,No,0,,,969,280,L,TIFF,265.25,255.0,0.0,250.2687969924812,34.41035432858747,4ccc74160498386dcb2759d1c4d9f54a,1111111111011011101100111000001110010011111111111111111111111111
80-05.tif,..\dataset\genuine\80\80-05.tif,0,80,Human,genuine,No,0,,,970,280,L,TIFF,265.5234375,255.0,0.0,250.19762518409425,34.66327702603317,65fd1336fabe7775ba7c08598b66ed56,1111111111101011100111111000001110000011111111111111111111111111
80-06.tif,..\dataset\genuine\80\80-06.tif,0,80,Human,genuine,No,0,,,1021,280,L,TIFF,279.46875,255.0,0.0,250.89687980971036,32.08519990942699,e812278f7f21c6437d2cca0af7ce588a,1111111100111011101111111000001110000011111111111111111111111111
80-07.tif,..\dataset\genuine\80\80-07.tif,0,80,Human,genuine,No,0,,,969,282,L,TIFF,267.142578125,255.0,0.0,249.96453900709218,35.47797465724888,a8334da32e9ed1489617d810db474f9d,1111111110111011100000111000001111011011111111111111111111111111
80-08.tif,..\dataset\genuine\80\80-08.tif,0,80,Human,genuine,No,0,,,970,282,L,TIFF,267.41796875,255.0,0.0,250.25126124150032,34.47285691121261,4e5eab4cca93ca3dd0709d2a10f1b609,1111111110111111101110111000001110000011111111111111111111111111
80-09.tif,..\dataset\genuine\80\80-09.tif,0,80,Human,genuine,No,0,,,1021,282,L,TIFF,281.462890625,255.0,0.0,251.18724862983726,30.946963120487673,65258fa711c3ad0d5cd5a9db0c27715b,1111111101110011011111110001011100000111110111111111111111111111
80-10.tif,..\dataset\genuine\80\80-10.tif,0,80,Human,genuine,No,0,,,970,282,L,TIFF,267.41796875,255.0,0.0,250.52533450318052,33.48159300840597,58a39cccc7c58c5b303369ba6e30f2ec,1111111110101011100110111000001110000011111111111111111111111111
81-01.tif,..\dataset\genuine\81\81-01.tif,0,81,Human,genuine,No,0,,,999,291,L,TIFF,284.1845703125,254.94131704726502,3.8679076072836356,246.64324117932367,45.399758603824274,98e243e739aaaeef090d0c1a16b577ac,1101111111111011000000110000001110111111111111111111111111111111
81-02.tif,..\dataset\genuine\81\81-02.tif,0,81,Human,genuine,No,0,,,998,291,L,TIFF,283.900390625,255.0,0.0,246.3609177117121,46.13385135374684,07f4061aa8c1f9ddf9e311238a8aa4fa,1111111111111111100000010000000110111111111111111111111111111111
81-03.tif,..\dataset\genuine\81\81-03.tif,0,81,Human,genuine,No,0,,,1052,291,L,TIFF,299.24609375,254.96584058941727,2.9511832937420337,246.01970718513581,47.00349996276515,2a3d3502ba56ede0d2ea05343aa23651,1111111111111111000000010000000100111011111111111111111111111111
81-04.tif,..\dataset\genuine\81\81-04.tif,0,81,Human,genuine,No,0,,,999,290,L,TIFF,283.208984375,255.0,0.0,246.31780055917986,46.244786411864375,145325459b511b5f551a484989b390f9,1111111110110011100000110000001110011111111111111111111111111111
81-05.tif,..\dataset\genuine\81\81-05.tif,0,81,Human,genuine,No,0,,,998,290,L,TIFF,282.92578125,255.0,0.0,246.5813523598922,45.56184280885922,48949acc1f2e74d04f1c261e2d82d228,1111111100110111100000110000001100111111111111111111111111111111
81-06.tif,..\dataset\genuine\81\81-06.tif,0,81,Human,genuine,No,0,,,1052,290,L,TIFF,298.21875,254.4567733494364,11.757027715364002,245.7630621476334,47.64554681672778,629ac25208fb64eb2e09cc6b6705b411,1111111111110111000000010000001100111111111111111111111111111111
81-07.tif,..\dataset\genuine\81\81-07.tif,0,81,Human,genuine,No,0,,,999,291,L,TIFF,284.1845703125,254.98194370685076,2.1457000543718467,245.73976037893564,47.703344385188366,c4dc9918b79f7e362cd7ea0452f4e174,1111111110110111100000110000001100011111111111111111111111111111
81-08.tif,..\dataset\genuine\81\81-08.tif,0,81,Human,genuine,No,0,,,999,291,L,TIFF,284.1845703125,255.0,0.0,246.12746767385943,46.730866815065994,9eb49272791d05e57bcf96d3730738b1,1111111101110111000000010000000100011111111111111111111111111111
81-09.tif,..\dataset\genuine\81\81-09.tif,0,81,Human,genuine,No,0,,,1051,291,L,TIFF,298.9619140625,255.0,0.0,246.29214199535053,46.31065752239411,c1bb98f5c49cd758cffffa3574217579,1111011100110011101000110000001100011111101111111111111111111111
81-10.tif,..\dataset\genuine\81\81-10.tif,0,81,Human,genuine,No,0,,,999,290,L,TIFF,283.208984375,255.0,0.0,245.77208242725484,47.6231510750878,3b02e6be1d314b99e4554e84d93aaf31,1111111111110111100000010000000100111111111111111111111111111111
82-01.tif,..\dataset\genuine\82\82-01.tif,0,82,Human,genuine,No,0,,,1049,291,L,TIFF,298.3935546875,255.0,0.0,249.13329336727173,38.230772221225294,1384b386caf207bd4b749db7e5923bb2,1111111111111111000111110000011110000111111111111111111111111111
82-02.tif,..\dataset\genuine\82\82-02.tif,0,82,Human,genuine,No,0,,,999,291,L,TIFF,284.1845703125,255.0,0.0,249.6606916194545,36.51048374174926,e94adf3d75a2bfb06083c9a8a5fcab36,1111111110111111100001111000001111110111111111111111111111111111
82-03.tif,..\dataset\genuine\82\82-03.tif,0,82,Human,genuine,No,0,,,1002,291,L,TIFF,285.037109375,255.0,0.0,250.20227586064985,34.64681080008648,df09c255d81f110e2a72d81b02a7fcbf,1111111111111111100110111000001111000011111111111111111111111111
82-04.tif,..\dataset\genuine\82\82-04.tif,0,82,Human,genuine,No,0,,,1049,289,L,TIFF,296.3447265625,255.0,0.0,250.22486401614984,34.56671451291736,a4e116d69a3f0751218ed77c14703edf,1111111110111111100111111000011111100111111111111111111111111111
82-05.tif,..\dataset\genuine\82\82-05.tif,0,82,Human,genuine,No,0,,,999,289,L,TIFF,282.2333984375,255.0,0.0,249.6193252075605,36.64860721569209,92ddd407c22d1fdbb07ac2762b8d4e1c,1111111110111111100111111000001111100011111100111111111111111111
82-06.tif,..\dataset\genuine\82\82-06.tif,0,82,Human,genuine,No,0,,,1001,289,L,TIFF,282.7978515625,255.0,0.0,249.24575424575426,37.87111462754182,5bbfd46776078c9fa4b1962e976f92a9,1111111111111111101111111000001110000011111100111111111111111111
82-07.tif,..\dataset\genuine\82\82-07.tif,0,82,Human,genuine,No,0,,,1050,290,L,TIFF,297.65234375,255.0,0.0,249.98039408866995,35.42319951506502,c5eebf16ee7151eef73ee95959aac559,1111111110111111100111111000001111100011111111111111111111111111
82-08.tif,..\dataset\genuine\82\82-08.tif,0,82,Human,genuine,No,0,,,999,290,L,TIFF,283.208984375,255.0,0.0,249.9213006109558,35.6268881144845,8caa6842544ad8f5bae79f2de07d431a,1111111110111111100011111000001111100011111100111111111111111111
82-09.tif,..\dataset\genuine\82\82-09.tif,0,82,Human,genuine,No,0,,,1001,290,L,TIFF,283.775390625,255.0,0.0,249.7777222777223,36.11659777127714,f0febe0f4d0e19e39385faac113f3ed2,1111111111111111101111111000011110000011111100111111111111111111
82-10.tif,..\dataset\genuine\82\82-10.tif,0,82,Human,genuine,No,0,,,1050,291,L,TIFF,298.677734375,255.0,0.0,249.913352970054,35.65418649512244,2d9a53ef2e979075e963f56c1d26e5f2,1111111110111111100111111000111111000011111100111111111111111111
83-01.tif,..\dataset\genuine\83\83-01.tif,0,83,Human,genuine,No,0,,,1050,289,L,TIFF,296.626953125,255.0,0.0,247.53025210084033,42.99986721617538,ac208adaaa0d01f79fdd4541968057ad,1111111111111111000000110000001111101111111111111111111111111111
83-02.tif,..\dataset\genuine\83\83-02.tif,0,83,Human,genuine,No,0,,,1000,289,L,TIFF,282.515625,255.0,0.0,247.81588235294117,42.194057089040605,77fc6554d6e29fd019207d39ccfc4368,1111111111111111111111110000000110000001111101111111111111111111
83-03.tif,..\dataset\genuine\83\83-03.tif,0,83,Human,genuine,No,0,,,1001,289,L,TIFF,282.7978515625,254.8297849915683,6.586034770709072,247.28095433977788,43.68950649128518,09e152f7fec311d0505c6ef0fe51b4e1,1111111111111111111111110000100110000001111101111111111111111111
83-04.tif,..\dataset\genuine\83\83-04.tif,0,83,Human,genuine,No,0,,,1050,290,L,TIFF,297.65234375,255.0,0.0,247.98812807881774,41.69965218155199,d2c1384aa294036c006c4382f1a84f60,1111111111111111100010110000001111100011111011111111111111111111
83-05.tif,..\dataset\genuine\83\83-05.tif,0,83,Human,genuine,No,0,,,999,290,L,TIFF,283.208984375,255.0,0.0,247.64424769597184,42.68032035457286,fbfb59f164cf85e6dd935cc0d5e7043a,1111111111111111101011110000000111100101111101111111111111111111
83-06.tif,..\dataset\genuine\83\83-06.tif,0,83,Human,genuine,No,0,,,1001,290,L,TIFF,283.775390625,254.90609875850458,4.892443064377355,247.52981501257364,43.00108728912972,8777a54c660d01d96f0011b8365c7217,1111111111111111111111110000111100000001111000011111111111111111
83-07.tif,..\dataset\genuine\83\83-07.tif,0,83,Human,genuine,No,0,,,1050,290,L,TIFF,297.65234375,255.0,0.0,247.70088669950738,42.52054605308106,e9bee942a28d1ab88f7be074dea17502,1111111111111111000000010000000111101111111111111111111111111111
83-08.tif,..\dataset\genuine\83\83-08.tif,0,83,Human,genuine,No,0,,,999,290,L,TIFF,283.208984375,255.0,0.0,246.82214973594284,44.92743685536975,21a299bee86a057f104fe7151017df70,1111111111111111111111110000000110000001111100111111111111111111
83-09.tif,..\dataset\genuine\83\83-09.tif,0,83,Human,genuine,No,0,,,1001,290,L,TIFF,283.775390625,255.0,0.0,247.34973647042614,43.500467445412696,904111a51bdbef5fb1a79b18a7f02049,1111111111111111101111110000000111100000111101001111111111111111
83-10.tif,..\dataset\genuine\83\83-10.tif,0,83,Human,genuine,No,0,,,1051,291,L,TIFF,298.9619140625,255.0,0.0,247.70204125673143,42.51728210639802,5d088a1beae8591d927f09ac5d80897c,1111111111111111001000010000000110000111111111111111111111111111
84-01.tif,..\dataset\genuine\84\84-01.tif,0,84,Human,genuine,No,0,,,970,280,L,TIFF,265.5234375,255.0,0.0,248.4963733431517,40.20109000766833,440330955fcabfda9cf36ff5ff61da68,1111111111111111100011110000011100000111111111111111111111111111
84-02.tif,..\dataset\genuine\84\84-02.tif,0,84,Human,genuine,No,0,,,969,280,L,TIFF,265.25,255.0,0.0,248.24718045112783,40.94347827313619,4995bfc4d4048449487347f007acc96b,1111111111111111100001110000011110111111111111111111111111111111
84-03.tif,..\dataset\genuine\84\84-03.tif,0,84,Human,genuine,No,0,,,1022,280,L,TIFF,279.7421875,255.0,0.0,247.94686538999161,41.81868742231445,4a4e6ad85e6273045c68226190f7b273,1111111111011111100000110000001100000111111111111111111111111111
84-04.tif,..\dataset\genuine\84\84-04.tif,0,84,Human,genuine,No,0,,,970,280,L,TIFF,265.5234375,255.0,0.0,247.60725331369662,42.78431606838555,7002ee81dddbd18d64fa6fde255d4763,1111111111111111100001110000001110100011111111111111111111111111
84-05.tif,..\dataset\genuine\84\84-05.tif,0,84,Human,genuine,No,0,,,969,280,L,TIFF,265.25,255.0,0.0,248.73214285714286,39.484396136515834,59d8042145cf28fdc3dc5c971886ad43,1111111111111111100000110000011110111111111111111111111111111111
84-06.tif,..\dataset\genuine\84\84-06.tif,0,84,Human,genuine,No,0,,,1021,280,L,TIFF,279.46875,255.0,0.0,248.2013082412201,41.07851249568288,2fb7f531f1a40c148a778565fc3d26e0,1111111111111111111100110000001100000111111111111111111111111111
84-07.tif,..\dataset\genuine\84\84-07.tif,0,84,Human,genuine,No,0,,,969,282,L,TIFF,267.142578125,255.0,0.0,247.33482642777156,43.54152472095877,2d3c2fb6ca82a75b69ea251d7d0037e5,1111111111010111100101111000001110000011111111111111111111111111
84-08.tif,..\dataset\genuine\84\84-08.tif,0,84,Human,genuine,No,0,,,970,282,L,TIFF,267.41796875,255.0,0.0,247.96452072822987,41.76780154278981,056809432899471dcedb27a4fd540465,1111111111111111100000110000001100011111111111111111111111111111
84-09.tif,..\dataset\genuine\84\84-09.tif,0,84,Human,genuine,No,0,,,1021,282,L,TIFF,281.462890625,255.0,0.0,248.14767541209076,41.23576624313882,595f95e651843fe7da9e27610ddd2bed,1111111111111111100000110000011100001111111111111111111111111111
84-10.tif,..\dataset\genuine\84\84-10.tif,0,84,Human,genuine,No,0,,,970,281,L,TIFF,266.470703125,255.0,0.0,247.74863337858164,42.38532966231901,d1a982eeb3501b618e3c8fb51c3cae8f,1111111111110111100101111000001110000011111111111111111111111111
85-01.tif,..\dataset\genuine\85\85-01.tif,0,85,Human,genuine,No,0,,,1019,281,L,TIFF,279.9169921875,255.0,0.0,250.1625171562379,34.78730925058226,f19c95d67a8ba7ce082b28c40d01d104,1111111111111111110111111000001110000111111111111111111111111111
85-02.tif,..\dataset\genuine\85\85-02.tif,0,85,Human,genuine,No,0,,,970,281,L,TIFF,266.470703125,255.0,0.0,248.39602670873538,40.50186077257122,87a4a531de755528cf75191065e1288c,1111111111111111100000111000001111001111111111111111111111111111
85-03.tif,..\dataset\genuine\85\85-03.tif,0,85,Human,genuine,No,0,,,972,281,L,TIFF,267.01953125,255.0,0.0,249.05474276174158,38.47979355618782,20be203e0618811a3c136c0d147d8978,1111111111100001100000011000001111101111111111111111111111111111
85-04.tif,..\dataset\genuine\85\85-04.tif,0,85,Human,genuine,No,0,,,1020,280,L,TIFF,279.1953125,255.0,0.0,250.01607142857142,35.2996068208866,2552bc6396d91e3929239b6681461314,1111111111111111100000111000001111111111111111111111111111111111
85-05.tif,..\dataset\genuine\85\85-05.tif,0,85,Human,genuine,No,0,,,970,280,L,TIFF,265.5234375,255.0,0.0,248.61279455081,39.84897735316785,b39c908a1cc0db4725f494692fcd2e70,1111111111111111100000111000001111001111110111111111111111111111
85-06.tif,..\dataset\genuine\85\85-06.tif,0,85,Human,genuine,No,0,,,972,280,L,TIFF,266.0703125,255.0,0.0,248.68309082892415,39.634688054136575,5f6b202f488bc92bef34066189b3fe32,1111111111101001100000011000001111001111111111111111111111111111
85-07.tif,..\dataset\genuine\85\85-07.tif,0,85,Human,genuine,No,0,,,1020,281,L,TIFF,280.19140625,255.0,0.0,248.14501779359432,41.24354108928225,322f2973ab2d372cd2e853c2c77a74c4,1111111111111111100000111000001111001111111011111111111111111111
85-08.tif,..\dataset\genuine\85\85-08.tif,0,85,Human,genuine,No,0,,,970,281,L,TIFF,266.470703125,255.0,0.0,248.69352826796785,39.60276134262957,233792d76df1acbde70dbf8fa3e3e089,1111111111111111100000111000001111001111111111111111111111111111
85-09.tif,..\dataset\genuine\85\85-09.tif,0,85,Human,genuine,No,0,,,973,281,L,TIFF,267.2939453125,255.0,0.0,248.2233288102614,41.013752339544716,f75b094d68817c9c958839b890c0bd1f,1111111111011101100000011000001111101111111111111111111111111111
85-10.tif,..\dataset\genuine\85\85-10.tif,0,85,Human,genuine,No,0,,,1019,282,L,TIFF,280.912109375,254.99101036452092,1.5140264970016537,248.60632033908922,39.868649010543415,f4409ce56d22c7c158f8bca7f9e458ea,1111111111111111100000111000001110000011111111111111111111111111
86-01.tif,..\dataset\genuine\86\86-01.tif,0,86,Human,genuine,No,0,,,999,291,L,TIFF,284.1845703125,253.64126394052045,18.564254132282187,244.19156269671734,51.374402141514864,2d145fd5582e7f1bbeb554f0905b6fdb,1111111111111111101101111000000010000000100001011111111111111111
86-02.tif,..\dataset\genuine\86\86-02.tif,0,86,Human,genuine,No,0,,,998,291,L,TIFF,283.900390625,254.9864510644327,1.858707883450883,246.44872218664133,45.906987378450594,d59a742782c8e27a8a65f126fbba521c,1111111110111111101001110000000100011001111111111111111111111111
86-03.tif,..\dataset\genuine\86\86-03.tif,0,86,Human,genuine,No,0,,,1052,291,L,TIFF,299.24609375,255.0,0.0,246.11716514444748,46.75701159286028,33f0dcaa2cde21e573f25e84e70c4396,1111111110111111000000010000000100111011111111111111111111111111
86-04.tif,..\dataset\genuine\86\86-04.tif,0,86,Human,genuine,No,0,,,998,291,L,TIFF,283.900390625,255.0,0.0,244.70755944879448,50.18603399410342,8feb2161358dd682ca5d74fea0df2b5b,1111111110111111000000000000000100111111111111111111111111111111
86-05.tif,..\dataset\genuine\86\86-05.tif,0,86,Human,genuine,No,0,,,999,291,L,TIFF,284.1845703125,255.0,0.0,246.15553698027924,46.65954933260269,8e6c116ff3a60c5c86cc30f7ebe8fae7,1111111111111111100000010000000100111001111111111111111111111111
86-06.tif,..\dataset\genuine\86\86-06.tif,0,86,Human,genuine,No,0,,,1051,291,L,TIFF,298.9619140625,254.86329826442403,5.9025634437386145,247.15675792323464,44.02851670565826,7f48f49bcb41f29bffe49f56ee1947cf,1111111111111111101011110000000100000001111111111111111111111111
86-07.tif,..\dataset\genuine\86\86-07.tif,0,86,Human,genuine,No,0,,,999,290,L,TIFF,283.208984375,254.52972052773444,10.940754208265803,245.44377135756446,48.43053580082051,08295bc391791729481e1e0178fdd446,1111111111111111100101110000000000000000111111111111111111111111
86-08.tif,..\dataset\genuine\86\86-08.tif,0,86,Human,genuine,No,0,,,998,290,L,TIFF,282.92578125,255.0,0.0,244.9663464860756,49.57728757418295,1084dcb1ae2f651aca9290f179bcbeca,1111111111111111100000000000000000111101111111111111111111111111
86-09.tif,..\dataset\genuine\86\86-09.tif,0,86,Human,genuine,No,0,,,1052,290,L,TIFF,298.21875,255.0,0.0,244.74249377212536,50.10436761494102,37f89bb38371ae76e237f29921ca75ee,1111111111111111000000001000000111111111111111111111111111111111
86-10.tif,..\dataset\genuine\86\86-10.tif,0,86,Human,genuine,No,0,,,1000,291,L,TIFF,284.46875,255.0,0.0,244.7561855670103,50.07231716502486,649a3f782dd6db4753887da70db159a7,1111111111111111000000111000000011111100111111111111111111111111
87-01.tif,..\dataset\genuine\87\87-01.tif,0,87,Human,genuine,No,0,,,1049,289,L,TIFF,296.3447265625,255.0,0.0,248.57287052094432,39.97011413317021,0f7a97e93e5385f7c7fbf1d155c9c0e1,1111111111111111000001111000000110010011110111111111111111111111
87-02.tif,..\dataset\genuine\87\87-02.tif,0,87,Human,genuine,No,0,,,999,289,L,TIFF,282.2333984375,255.0,0.0,247.42271683448155,43.2988681957942,760de0960282e62efe31a18546a1dbae,1111111111111111000010011000000110011011111111111111111111111111
87-03.tif,..\dataset\genuine\87\87-03.tif,0,87,Human,genuine,No,0,,,1002,289,L,TIFF,283.080078125,255.0,0.0,248.26875660443818,40.87979241896868,cbc6782c7380b81f8bfcaa79acab7de2,1111111111111111101111111000001110000011111111111111111111111111
87-04.tif,..\dataset\genuine\87\87-04.tif,0,87,Human,genuine,No,0,,,1050,289,L,TIFF,296.626953125,255.0,0.0,248.22773109243698,41.00079200786524,00094dc53be9b832e0f9bfbee8c6b438,1111111100111111000000011000001111011111110111111111111111111111
87-05.tif,..\dataset\genuine\87\87-05.tif,0,87,Human,genuine,No,0,,,999,289,L,TIFF,282.2333984375,255.0,0.0,247.8060413354531,42.222108168496874,b3651d9258e752f1d8ddec57c143469c,1111111111111111000000110000000110011111110111111111111111111111
87-06.tif,..\dataset\genuine\87\87-06.tif,0,87,Human,genuine,No,0,,,1001,289,L,TIFF,282.7978515625,255.0,0.0,249.07298583769173,38.422117517237496,189609a319dae37771594e544c8ae68d,1111111111111111100000111000001110011111110111111111111111111111
87-07.tif,..\dataset\genuine\87\87-07.tif,0,87,Human,genuine,No,0,,,1050,286,L,TIFF,293.55078125,255.0,0.0,248.56258741258742,40.00124909261749,eee87a2acb553f275661a717460b492c,1111111111111111000011111000001110000011111111111111111111111111
87-08.tif,..\dataset\genuine\87\87-08.tif,0,87,Human,genuine,No,0,,,998,286,L,TIFF,279.02734375,255.0,0.0,246.94336224897347,44.60418382462007,4f97d6e4ca8e6dfbcd4e5ecb8a1c031e,1111111111111111000011111000000110000011111111111111111111111111
87-09.tif,..\dataset\genuine\87\87-09.tif,0,87,Human,genuine,No,0,,,1001,286,L,TIFF,279.865234375,255.0,0.0,249.05089665579177,38.491941002929835,51fca52b6514ae62f1341225ef13eb5a,1111111111111111100000111000001110010111111111111111111111111111
87-10.tif,..\dataset\genuine\87\87-10.tif,0,87,Human,genuine,No,0,,,1050,295,L,TIFF,302.779296875,255.0,0.0,248.80837772397095,39.249554060885714,a4123ce124e773265d26b4d838eb66fa,1111111111111111101111111000001110000011111111111111111111111111
88-01.tif,..\dataset\genuine\88\88-01.tif,0,88,Human,genuine,No,0,,,1052,289,L,TIFF,297.19140625,255.0,0.0,249.72349586222322,36.29968400987954,6db1a0e260b2e0565cad1d25a4d51603,1111111111111111001111110000001110000011100100111111111111111111
88-02.tif,..\dataset\genuine\88\88-02.tif,0,88,Human,genuine,No,0,,,999,291,L,TIFF,284.1845703125,255.0,0.0,250.51329680195659,33.525793203349195,1f6456576f0ea3e3bb3ad224ec02e159,1111111111111111110001110000011110000111100111111111111111111111
88-03.tif,..\dataset\genuine\88\88-03.tif,0,88,Human,genuine,No,0,,,1052,291,L,TIFF,299.24609375,255.0,0.0,250.69185841401747,32.863597193561596,868c7df9d6895411b8a06672642a58a7,1111111111111111111111110000011110000111100101111111111111111111
88-04.tif,..\dataset\genuine\88\88-04.tif,0,88,Human,genuine,No,0,,,1000,290,L,TIFF,283.4921875,255.0,0.0,249.8235,35.96124786141326,8111613671da682d0ccae6209f05b75a,1111111111111111000001110000011110000111100111111111111111111111
88-05.tif,..\dataset\genuine\88\88-05.tif,0,88,Human,genuine,No,0,,,999,290,L,TIFF,283.208984375,255.0,0.0,249.6167546857202,36.65717153610781,3265b6111df68cc998e6de89c336093f,1111111111111111111111111000001110000011110101111111111111111111
88-06.tif,..\dataset\genuine\88\88-06.tif,0,88,Human,genuine,No,0,,,1052,290,L,TIFF,298.21875,255.0,0.0,249.68150976792973,36.44075562923049,719001f8f59eefa86f44ad67171acedf,1111111111111111100011111000001110000011100101111111111111111111
88-07.tif,..\dataset\genuine\88\88-07.tif,0,88,Human,genuine,No,0,,,999,293,L,TIFF,286.1357421875,255.0,0.0,249.6683885250438,36.48472070872878,edfe25089b8632838c375d89c5c9d503,1111111111111111101011110000011110000111100101111111111111111111
88-08.tif,..\dataset\genuine\88\88-08.tif,0,88,Human,genuine,No,0,,,999,293,L,TIFF,286.1357421875,255.0,0.0,249.33472721868625,37.58389606664414,404580c56b77fe44ea381c074c647e06,1111111111111111100000111000001111010011110111111111111111111111
88-09.tif,..\dataset\genuine\88\88-09.tif,0,88,Human,genuine,No,0,,,1052,293,L,TIFF,301.30078125,255.0,0.0,249.19740069297552,38.02621023154113,1c18c25300de8af1b752cf6010ceb785,1111111111111111100000111000001111010111100111111111111111111111
88-10.tif,..\dataset\genuine\88\88-10.tif,0,88,Human,genuine,No,0,,,1000,290,L,TIFF,283.4921875,255.0,0.0,249.6326896551724,36.60404509877756,8da88cfe47b731313ef9bcbc6e2425cd,1111111111111111111111111000011110000011110100111101111111111111
89-01.tif,..\dataset\genuine\89\89-01.tif,0,89,Human,genuine,No,0,,,1051,290,L,TIFF,297.935546875,255.0,0.0,250.73563765215394,32.69904604827207,f1b80154e4ecc7b5a88ee705bc099ea1,1111111111101111000001110000011110011111111111111111111111111111
89-02.tif,..\dataset\genuine\89\89-02.tif,0,89,Human,genuine,No,0,,,999,290,L,TIFF,283.208984375,254.91860547595402,4.555104670935251,250.12462462462463,34.92064483468059,e45ac4fe90a9b216d915f19cd2379d63,1111111111111111000001110000001110010111111111111111111111111111
89-03.tif,..\dataset\genuine\89\89-03.tif,0,89,Human,genuine,No,0,,,1001,290,L,TIFF,283.775390625,255.0,0.0,249.7311653863378,36.27385019952715,60e9a0f88937b79a1e87f3ecb83de097,1111111111111111100001110000001110010011111111111111111111111111
89-04.tif,..\dataset\genuine\89\89-04.tif,0,89,Human,genuine,No,0,,,1051,289,L,TIFF,296.9091796875,255.0,0.0,249.6412380366038,36.575510534860484,650d8f3ca7db5e14277602f5d4bb693f,1111111111111111100001111000001111000011111111111111111111111111
89-05.tif,..\dataset\genuine\89\89-05.tif,0,89,Human,genuine,No,0,,,999,289,L,TIFF,282.2333984375,255.0,0.0,249.68910086557145,36.41529389780076,b897315b78ba4a6afb3a0d660c6ba7b4,1111111111111111100001110000001110000011111111111111111111111111
89-06.tif,..\dataset\genuine\89\89-06.tif,0,89,Human,genuine,No,0,,,1001,289,L,TIFF,282.7978515625,254.97760328836424,2.389698695322124,249.7719927131692,36.13599034135777,c6b1b8242cef861e279fafc92ea8c9b5,1111111111111111111101110000001100000011110110111111111111111111
89-07.tif,..\dataset\genuine\89\89-07.tif,0,89,Human,genuine,No,0,,,1051,290,L,TIFF,297.935546875,254.86305967644492,5.907709357638506,249.53589356606187,36.92547469610671,6966e5b77446082b644f71faa009ddba,1111111111111111111001110000001100000011110111111111111111111111
89-08.tif,..\dataset\genuine\89\89-08.tif,0,89,Human,genuine,No,0,,,999,290,L,TIFF,283.208984375,255.0,0.0,249.96090918504711,35.490501850095654,023f8d595af9f099d0b6db5a51d8f563,1111111111111111100000110000001111001011111111111111111111111111
89-09.tif,..\dataset\genuine\89\89-09.tif,0,89,Human,genuine,No,0,,,1002,290,L,TIFF,284.05859375,255.0,0.0,249.74432170142472,36.22948815203683,9fce37dbafec470c591f187a5785a940,1111111111111111101100110000001100001011111111111111111111111111
89-10.tif,..\dataset\genuine\89\89-10.tif,0,89,Human,genuine,No,0,,,1050,291,L,TIFF,298.677734375,255.0,0.0,249.98595974472263,35.40394985611332,afef03d1b95d022f0bfa2e76aac425c6,1111111111110111100000111000001111111111111111111111111111111111
9-01.tif,..\dataset\genuine\9\9-01.tif,0,9,Human,genuine,No,0,,,999,278,P,TIFF,273.212890625,255.0,0.0,250.38153261174844,34.005572234382484,4796877d3b8f43c355b2f25b771ca7f3,1111111111001111100001111000011111100111111011111111111111111111
9-02.tif,..\dataset\genuine\9\9-02.tif,0,9,Human,genuine,No,0,,,950,278,P,TIFF,259.91015625,255.0,0.0,249.68564937523666,36.42687313991871,6c9ea9d07daaf83977631d7dcb7bb485,1111111111101111110000111000001111010011111111111111111111111111
9-03.tif,..\dataset\genuine\9\9-03.tif,0,9,Human,genuine,No,0,,,951,278,P,TIFF,260.181640625,255.0,0.0,249.80698091369175,36.01739051871803,185ec81baaf003ccf5a3d66c3fb0fcc2,1111111111111111111001111100001111000011111000111111011111111111
9-04.tif,..\dataset\genuine\9\9-04.tif,0,9,Human,genuine,No,0,,,999,278,P,TIFF,273.212890625,255.0,0.0,249.4403936310411,37.23963481435805,e06b2f258fd007ea9c0288d83378b9f2,1111111111101111110001111100001111000011111001111110011111111111
9-05.tif,..\dataset\genuine\9\9-05.tif,0,9,Human,genuine,No,0,,,950,278,P,TIFF,259.91015625,255.0,0.0,249.66923513820524,36.481885720805636,46e1497e759a0e4b3f54f8d960070c6a,1111111111110111110001111100001111000011111001111111111111111111
9-06.tif,..\dataset\genuine\9\9-06.tif,0,9,Human,genuine,No,0,,,950,278,P,TIFF,259.91015625,255.0,0.0,249.7107535024612,36.34256083933368,172397f89c63965cc16e4719e9e19763,1111111111100111110000111100001111000011111101111111111111111111
9-07.tif,..\dataset\genuine\9\9-07.tif,0,9,Human,genuine,No,0,,,999,278,P,TIFF,273.212890625,255.0,0.0,249.66534880203946,36.49489761700995,c1bbc411ec2831cda0ad306ecb00672b,1111111111111111110001111100001111000011111001111110011111111111
9-08.tif,..\dataset\genuine\9\9-08.tif,0,9,Human,genuine,No,0,,,950,278,P,TIFF,259.91015625,255.0,0.0,249.88551684967814,35.7496190949938,4698a603a0d8e2efd9b31a920d26076c,1111111111101111110001111100001111000011111100111111111111111111
9-09.tif,..\dataset\genuine\9\9-09.tif,0,9,Human,genuine,No,0,,,950,278,P,TIFF,259.91015625,255.0,0.0,249.633510034078,36.60130771920271,4c2d61e3d1e56780973cf5221abf06a8,1111111111101011110000111100000111001001111100111111111111111111
9-10.tif,..\dataset\genuine\9\9-10.tif,0,9,Human,genuine,No,0,,,1000,277,P,TIFF,272.5078125,255.0,0.0,249.40472924187725,37.356217534228435,746b0ba64b919a96e80ed4caccbd47f0,1111111111100111110000111100001111110011111001111111011111111111
B-S-9-G-01.tif,..\dataset\genuine\9\B-S-9-G-01.tif,0,9,Human,genuine,No,0,,,999,278,P,TIFF,273.212890625,255.0,0.0,250.38153261174844,34.005572234382484,4796877d3b8f43c355b2f25b771ca7f3,1111111111001111100001111000011111100111111011111111111111111111
B-S-9-G-02.tif,..\dataset\genuine\9\B-S-9-G-02.tif,0,9,Human,genuine,No,0,,,950,278,P,TIFF,259.91015625,255.0,0.0,249.68564937523666,36.42687313991871,6c9ea9d07daaf83977631d7dcb7bb485,1111111111101111110000111000001111010011111111111111111111111111
B-S-9-G-03.tif,..\dataset\genuine\9\B-S-9-G-03.tif,0,9,Human,genuine,No,0,,,951,278,P,TIFF,260.181640625,255.0,0.0,249.80698091369175,36.01739051871803,185ec81baaf003ccf5a3d66c3fb0fcc2,1111111111111111111001111100001111000011111000111111011111111111
B-S-9-G-04.tif,..\dataset\genuine\9\B-S-9-G-04.tif,0,9,Human,genuine,No,0,,,999,278,P,TIFF,273.212890625,255.0,0.0,249.4403936310411,37.23963481435805,e06b2f258fd007ea9c0288d83378b9f2,1111111111101111110001111100001111000011111001111110011111111111
B-S-9-G-05.tif,..\dataset\genuine\9\B-S-9-G-05.tif,0,9,Human,genuine,No,0,,,950,278,P,TIFF,259.91015625,255.0,0.0,249.66923513820524,36.481885720805636,46e1497e759a0e4b3f54f8d960070c6a,1111111111110111110001111100001111000011111001111111111111111111
B-S-9-G-06.tif,..\dataset\genuine\9\B-S-9-G-06.tif,0,9,Human,genuine,No,0,,,950,278,P,TIFF,259.91015625,255.0,0.0,249.7107535024612,36.34256083933368,172397f89c63965cc16e4719e9e19763,1111111111100111110000111100001111000011111101111111111111111111
B-S-9-G-07.tif,..\dataset\genuine\9\B-S-9-G-07.tif,0,9,Human,genuine,No,0,,,999,278,P,TIFF,273.212890625,255.0,0.0,249.66534880203946,36.49489761700995,c1bbc411ec2831cda0ad306ecb00672b,1111111111111111110001111100001111000011111001111110011111111111
B-S-9-G-08.tif,..\dataset\genuine\9\B-S-9-G-08.tif,0,9,Human,genuine,No,0,,,950,278,P,TIFF,259.91015625,255.0,0.0,249.88551684967814,35.7496190949938,4698a603a0d8e2efd9b31a920d26076c,1111111111101111110001111100001111000011111100111111111111111111
B-S-9-G-09.tif,..\dataset\genuine\9\B-S-9-G-09.tif,0,9,Human,genuine,No,0,,,950,278,P,TIFF,259.91015625,255.0,0.0,249.633510034078,36.60130771920271,4c2d61e3d1e56780973cf5221abf06a8,1111111111101011110000111100000111001001111100111111111111111111
B-S-9-G-10.tif,..\dataset\genuine\9\B-S-9-G-10.tif,0,9,Human,genuine,No,0,,,1000,277,P,TIFF,272.5078125,255.0,0.0,249.40472924187725,37.356217534228435,746b0ba64b919a96e80ed4caccbd47f0,1111111111100111110000111100001111110011111001111111011111111111
90-01.tif,..\dataset\genuine\90\90-01.tif,0,90,Human,genuine,No,0,,,1050,291,L,TIFF,298.677734375,255.0,0.0,249.70137457044675,36.37408491073519,b0ff3c4a64cccb18633fbb87fbcd6c93,1111111111111111000011110000011111101111111111111111111111111111
90-02.tif,..\dataset\genuine\90\90-02.tif,0,90,Human,genuine,No,0,,,999,291,L,TIFF,284.1845703125,255.0,0.0,249.46069781121327,37.17308420620917,8cfc2d0f4f36a5d0fb7d5a2d943eb648,1111111111111111110000111100001111111111111111111111111111111111
90-03.tif,..\dataset\genuine\90\90-03.tif,0,90,Human,genuine,No,0,,,1002,291,L,TIFF,285.037109375,255.0,0.0,248.74704199847727,39.43862074945685,f1396ce11c0e68e8d17b769589c54d87,1111111111111111110011111100000111000011111111111111111111111111
90-04.tif,..\dataset\genuine\90\90-04.tif,0,90,Human,genuine,No,0,,,1051,289,L,TIFF,296.9091796875,255.0,0.0,249.5413331840824,36.90749239181377,f4b3daa898dadd1f1a33a2ea551d7f9f,1111111111111111000001110000011111100111111111111111111111111111
90-05.tif,..\dataset\genuine\90\90-05.tif,0,90,Human,genuine,No,0,,,999,289,L,TIFF,282.2333984375,255.0,0.0,249.410881469705,37.33613503403289,e4b288f7d24d491e18dc03f73ffa7d24,1111111111011111100000111000001111111111111111111111111111111111
90-06.tif,..\dataset\genuine\90\90-06.tif,0,90,Human,genuine,No,0,,,1002,289,L,TIFF,283.080078125,255.0,0.0,249.45843606903838,37.180503917971244,56fffe7d293ada0011b4ce190468ecc1,1111111111111111100111111000001111000111111111111111111111111111
90-07.tif,..\dataset\genuine\90\90-07.tif,0,90,Human,genuine,No,0,,,1051,291,L,TIFF,298.9619140625,255.0,0.0,249.5563380972466,36.8578394685666,640ce801e4a80cd24ccc6122cf95cbd5,1111111111111111100000111000001111110111111111111111111111111111
90-08.tif,..\dataset\genuine\90\90-08.tif,0,90,Human,genuine,No,0,,,1000,291,L,TIFF,284.46875,255.0,0.0,249.63798969072164,36.58635639564525,247245be5ecf61a596a5f518b537e9a5,1111111110000111100000111111001111111111111111111111111111111111
90-09.tif,..\dataset\genuine\90\90-09.tif,0,90,Human,genuine,No,0,,,1001,291,L,TIFF,284.7529296875,255.0,0.0,248.67776553343563,39.650966448797924,b2b4aeedc0f4b7ca987206629bc8f84b,1111111111101111100001111000001111110011111111111111111111111111
90-10.tif,..\dataset\genuine\90\90-10.tif,0,90,Human,genuine,No,0,,,1051,291,L,TIFF,298.9619140625,255.0,0.0,249.94737461622216,35.53716997165861,aa99acc89612130e9539caf2bb4d179b,1111111111111111100111111000011111100111111111111111111111111111
91-01.tif,..\dataset\genuine\91\91-01.tif,0,91,Human,genuine,No,0,,,1012,294,L,TIFF,290.84375,255.0,0.0,245.44718480277487,48.42222214128627,4dbb0d6e0b3d07a508aa7c33ef6d53eb,1100111110001100000000011000000101110001111111111111111111111111
91-02.tif,..\dataset\genuine\91\91-02.tif,0,91,Human,genuine,No,0,,,1010,294,L,TIFF,290.26953125,255.0,0.0,245.84219034148313,47.44866684302286,ce2c563a3b2207302355db551811c3f6,1110111110001100000010011000000101111001111111111111111111111111
91-03.tif,..\dataset\genuine\91\91-03.tif,0,91,Human,genuine,No,0,,,1067,294,L,TIFF,306.634765625,254.77023263433813,7.651005502641557,245.7843371650441,47.592705128266985,2455360b619f0e3324b2965fa2c5c62d,1110111111011100000010001000100000111001111111111111111111111111
91-04.tif,..\dataset\genuine\91\91-04.tif,0,91,Human,genuine,No,0,,,1012,293,L,TIFF,289.85546875,255.0,0.0,244.71799160922177,50.16166308148502,b9548b0f0f0c5aedd6e998b14c7e5bd6,1110111110011000000000010000000101110001111111111111111111111111
91-05.tif,..\dataset\genuine\91\91-05.tif,0,91,Human,genuine,No,0,,,1010,294,L,TIFF,290.26953125,255.0,0.0,245.55278844210952,48.16418940501888,ef43f8119ad6fcada4b7e5142e141372,1111111111001101000010001000000100000001111111111111111111111111
91-06.tif,..\dataset\genuine\91\91-06.tif,0,91,Human,genuine,No,0,,,1067,293,L,TIFF,305.5927734375,254.4224899071126,12.121532732245404,245.5171592068605,48.251426224957804,57ef907190786d9e724068ef90d01ef4,1100111111111100000010011000000100100001111111011111111111111111
91-07.tif,..\dataset\genuine\91\91-07.tif,0,91,Human,genuine,No,0,,,1010,296,L,TIFF,292.2421875,254.6255183137526,9.764865255586194,245.57567902060475,48.10804531284883,309a4fef82eb26926243dcdbb99e822b,1111111111001100000010001000000000111000111111111111111111111111
91-08.tif,..\dataset\genuine\91\91-08.tif,0,91,Human,genuine,No,0,,,1067,296,L,TIFF,308.71875,255.0,0.0,245.27900909344208,48.829857842992816,e91681d55542c788a8b062ef6f1ecaf7,1111111111101101100010001000000110000001111111011111111111111111
91-09.tif,..\dataset\genuine\91\91-09.tif,0,91,Human,genuine,No,0,,,1013,297,L,TIFF,294.0986328125,255.0,0.0,245.3165415258209,48.73923001950811,559b51ac04135f637050f77246ae4323,1110111110001100000000001000000100111001111111111111111111111111
91-10.tif,..\dataset\genuine\91\91-10.tif,0,91,Human,genuine,No,0,,,1010,297,L,TIFF,293.228515625,254.37987236978267,12.55977656758498,245.503700370037,48.28433181663104,d894b1d00a5f6647cf288847f3f1f70b,1111111111101101100010000000100100000001011111011111111111111111
92-01.tif,..\dataset\genuine\92\92-01.tif,0,92,Human,genuine,No,0,,,1064,297,L,TIFF,308.890625,255.0,0.0,250.33345674793043,34.17882243955025,dae8d3d6c23c8b3602e610ce1e774f0d,1111111111111111100111111000000110000001111111111111111111111111
92-02.tif,..\dataset\genuine\92\92-02.tif,0,92,Human,genuine,No,0,,,1008,297,L,TIFF,292.6484375,255.0,0.0,249.81356220939554,35.995034374873526,8ea55b468ce22904aef2851a10e1ca5e,1111111111111111100000010000000111111111111111111111111111111111
92-03.tif,..\dataset\genuine\92\92-03.tif,0,92,Human,genuine,No,0,,,1010,297,L,TIFF,293.228515625,255.0,0.0,250.44524452445245,33.77449997886862,63f518802d1e656598115c4566adc232,1111111111111111100000011000000111111111111111111111111111111111
92-04.tif,..\dataset\genuine\92\92-04.tif,0,92,Human,genuine,No,0,,,1063,295,L,TIFF,306.5244140625,255.0,0.0,250.45434252276098,33.741364151373205,0a5fb646e77dd2293e19dd2e249e644b,1111111111111111100111110000000110000011111111111111111111111111
92-05.tif,..\dataset\genuine\92\92-05.tif,0,92,Human,genuine,No,0,,,1008,295,L,TIFF,290.6796875,255.0,0.0,250.0107949959645,35.317914851485256,8ec903b72c503679d0a63854104f90dc,1111111111111111100000011000000111011111111111111111111111111111
92-06.tif,..\dataset\genuine\92\92-06.tif,0,92,Human,genuine,No,0,,,1063,295,L,TIFF,306.5244140625,255.0,0.0,250.03230384106382,35.243219424468236,7a45f4c2a9f8a84105fe638bb720e1fa,1111111111111111100111111000000110000001111111111111111111111111
92-07.tif,..\dataset\genuine\92\92-07.tif,0,92,Human,genuine,No,0,,,1009,295,L,TIFF,290.9677734375,255.0,0.0,249.69619190001848,36.39149193333324,0c5a87f6d1784db5ac63cf4894422aa5,1111111111111111100000011000000111011111111111111111111111111111
92-08.tif,..\dataset\genuine\92\92-08.tif,0,92,Human,genuine,No,0,,,1063,296,L,TIFF,307.5625,255.0,0.0,249.8748442704228,35.78613544083466,3b2bba29b23f3e83e20390977ab11aa4,1111111111111111111111111000000110000001111111111111111111111111
92-09.tif,..\dataset\genuine\92\92-09.tif,0,92,Human,genuine,No,0,,,1009,296,L,TIFF,291.953125,255.0,0.0,249.9847654889776,35.40808132489202,dd454c7237be9be2f6c57de717589ff3,1111111111111111100111111000000110000001111111111111111111111111
92-10.tif,..\dataset\genuine\92\92-10.tif,0,92,Human,genuine,No,0,,,1063,297,L,TIFF,308.6005859375,255.0,0.0,250.22002717675343,34.583882513924046,d3c0b5d49d2785c38ffcba19e147e5cf,1111111111111111111111111000000110000001111111111111111111111111
93-01.tif,..\dataset\genuine\93\93-01.tif,0,93,Human,genuine,No,0,,,1012,297,L,TIFF,293.80859375,255.0,0.0,248.58945183055854,39.91985289771044,d007568fd885524b8273053dd18bdb3b,1111111111111111100000111000000110001001111010111111111111111111
93-02.tif,..\dataset\genuine\93\93-02.tif,0,93,Human,genuine,No,0,,,1068,297,L,TIFF,310.05078125,255.0,0.0,248.75917413838764,39.401303116473024,00e33a803a6616bb9ad5ecebb213d149,1111111111111111100000111000001110000011110101111111111111111111
93-03.tif,..\dataset\genuine\93\93-03.tif,0,93,Human,genuine,No,0,,,1010,296,L,TIFF,292.2421875,255.0,0.0,249.13421527963607,38.2278389829604,eca41f8073f51e55ca230ecf72f8f02d,1111111111111111100111111000001110000011111101111111111111111111
93-04.tif,..\dataset\genuine\93\93-04.tif,0,93,Human,genuine,No,0,,,1012,296,L,TIFF,292.8203125,255.0,0.0,249.12112087383827,38.26947814370118,1f31c842eafe256d57782e2d19cda968,1111111111111111100000011000001111001011111111111111111111111111
93-05.tif,..\dataset\genuine\93\93-05.tif,0,93,Human,genuine,No,0,,,1068,296,L,TIFF,309.0078125,255.0,0.0,248.0903621317947,41.403074293132036,d2e225a146a328f735aa8c5dbcc4c303,1111111111111111100000011000000110000011111111111111111111111111
93-06.tif,..\dataset\genuine\93\93-06.tif,0,93,Human,genuine,No,0,,,1009,298,L,TIFF,293.923828125,255.0,0.0,248.41387246326684,40.44855307593636,05759ea1ab9346ff64959d33485b3197,1111111110111111100000011000001111001011111111111111111111111111
93-07.tif,..\dataset\genuine\93\93-07.tif,0,93,Human,genuine,No,0,,,1012,298,L,TIFF,294.796875,255.0,0.0,248.67184391330875,39.66905900886409,5286eaba95fde8e4b7a35d7d41ebd8b3,1111111111111111100000011000000111001001111111111111111111111111
93-08.tif,..\dataset\genuine\93\93-08.tif,0,93,Human,genuine,No,0,,,1068,298,L,TIFF,311.09375,255.0,0.0,248.45081441821884,40.33795348762238,64dea2ec76865fcd6afe2880905121b2,1111111111111111100000011000000111001001111110111111111111111111
93-09.tif,..\dataset\genuine\93\93-09.tif,0,93,Human,genuine,No,0,,,1010,296,L,TIFF,292.2421875,255.0,0.0,248.6582653197752,39.71051176581527,5ac39a4400ba67779330fcd240b61a79,1111111111111111100000011000001110001011111111111111111111111111
93-10.tif,..\dataset\genuine\93\93-10.tif,0,93,Human,genuine,No,0,,,1011,296,L,TIFF,292.53125,255.0,0.0,249.00367912422809,38.64072927982364,186b5f41c9d6f4b9d557540c41ad22cc,1111111111110111100000011000100111101011111111111111111111111111
94-01.tif,..\dataset\genuine\94\94-01.tif,0,94,Human,genuine,No,0,,,999,291,L,TIFF,284.1845703125,255.0,0.0,252.25885679493928,26.295962641056434,16a7f2a4034548a18d5ba9b87781536b,1111111111111111100100111000001111000111111111111111111111111111
94-02.tif,..\dataset\genuine\94\94-02.tif,0,94,Human,genuine,No,0,,,999,291,L,TIFF,284.1845703125,255.0,0.0,252.4544647740524,25.350182110393156,76cc4bb71f2afcba822fbeca91f8407f,1111111111111111100100111000001111110011111111111111111111111111
94-03.tif,..\dataset\genuine\94\94-03.tif,0,94,Human,genuine,No,0,,,1052,291,L,TIFF,299.24609375,255.0,0.0,252.78678805221278,23.653133821122207,b54abbc27a9b3b446eda4425a47cfac3,1111111111111111100000111000001111111111111111111111111111111111
94-04.tif,..\dataset\genuine\94\94-04.tif,0,94,Human,genuine,No,0,,,1000,291,L,TIFF,284.46875,255.0,0.0,252.26948453608247,26.245489681091424,7b5e954b7b5bae3766301a2af55745ac,1111111111111111100000111000001111111111111111111111111111111111
94-05.tif,..\dataset\genuine\94\94-05.tif,0,94,Human,genuine,No,0,,,999,291,L,TIFF,284.1845703125,255.0,0.0,252.07552913738482,27.151197766223664,5d2f93ea99d55719d8cca31bba5dc1e1,1111111111111111100000111000001111111111111111111111111111111111
94-06.tif,..\dataset\genuine\94\94-06.tif,0,94,Human,genuine,No,0,,,1052,291,L,TIFF,299.24609375,255.0,0.0,252.5044098624123,25.10273919216866,e165bc2e7572a958e9a3324ba9fab28d,1111111111111111100100111000001111001011111111111111111111111111
94-07.tif,..\dataset\genuine\94\94-07.tif,0,94,Human,genuine,No,0,,,1000,290,L,TIFF,283.4921875,255.0,0.0,252.19324137931034,26.605367020979926,eba710860b97a1e2fc1513b73a25c091,1111111111111111100000111000001111111111111111111111111111111111
94-08.tif,..\dataset\genuine\94\94-08.tif,0,94,Human,genuine,No,0,,,999,290,L,TIFF,283.208984375,255.0,0.0,252.2942942942943,26.127267587504566,9a87fbb25cecc8d4a2026fb069afe20d,1111111111111111100000111000001111111111111111111111111111111111
94-09.tif,..\dataset\genuine\94\94-09.tif,0,94,Human,genuine,No,0,,,1052,290,L,TIFF,298.21875,255.0,0.0,252.43980267470826,25.42234661877143,f0609df37ba8bf65fb69e4b9f8115c5d,1111111111111111100101111000001111000011111111111111111111111111
94-10.tif,..\dataset\genuine\94\94-10.tif,0,94,Human,genuine,No,0,,,1000,292,L,TIFF,285.4453125,255.0,0.0,252.17316780821918,26.69927393513953,2ac59c0354509a4b68bc5259c098d5de,1111111111111111100000111000001111111111111111111111111111111111
95-01.tif,..\dataset\genuine\95\95-01.tif,0,95,Human,genuine,No,0,,,1049,290,L,TIFF,297.369140625,255.0,0.0,252.22711284967622,26.446121080115617,c4356f75e47707abd60601677103b733,1111111111111111111111111000011110000111111111111111111111111111
95-02.tif,..\dataset\genuine\95\95-02.tif,0,95,Human,genuine,No,0,,,999,290,L,TIFF,283.208984375,255.0,0.0,251.94397846121984,27.74790487124122,2f307971c2eac316c1ddd14bfd3b0129,1111111111111111111111111000011110000111111111111111111111111111
95-03.tif,..\dataset\genuine\95\95-03.tif,0,95,Human,genuine,No,0,,,1001,290,L,TIFF,283.775390625,255.0,0.0,252.05549622791003,27.242950637166537,a4192c8bdd55f514b6e7474566ec590f,1111111111111111111111111100001111000011111111111111111111111111
95-04.tif,..\dataset\genuine\95\95-04.tif,0,95,Human,genuine,No,0,,,1050,290,L,TIFF,297.65234375,255.0,0.0,252.2171921182266,26.492866778537888,cd0b1911143f292075025bca3d324b5a,1111111111111111100101111000011110001111111111111111111111111111
95-05.tif,..\dataset\genuine\95\95-05.tif,0,95,Human,genuine,No,0,,,999,290,L,TIFF,283.208984375,255.0,0.0,252.12881847364605,26.905531138837954,3acf43f4341c387f29922b20a71ec88c,1111111111111111100110111000001110000111111111111111111111111111
95-06.tif,..\dataset\genuine\95\95-06.tif,0,95,Human,genuine,No,0,,,1000,290,L,TIFF,283.4921875,255.0,0.0,251.88196551724138,28.024572326224295,b628eaadea578c0f753875663cf3b20f,1111111111111111110000011000001110011111111111111111111111111111
95-07.tif,..\dataset\genuine\95\95-07.tif,0,95,Human,genuine,No,0,,,1049,289,L,TIFF,296.3447265625,255.0,0.0,252.1350866371334,26.87648003281401,77f5947e883f2c1ec4c96377b16e35e8,1111111111111111100001111000011110111111111111111111111111111111
95-08.tif,..\dataset\genuine\95\95-08.tif,0,95,Human,genuine,No,0,,,999,289,L,TIFF,282.2333984375,255.0,0.0,251.92103868574458,27.850585853092095,4d2bcb7fcbd1252de91f6ba795c0f5ee,1111111111111111110100111000001110011111111111111111111111111111
95-09.tif,..\dataset\genuine\95\95-09.tif,0,95,Human,genuine,No,0,,,1001,289,L,TIFF,282.7978515625,255.0,0.0,251.8073103367221,28.353881512940387,ea766c232c252d15439755ccba4f3207,1111111111111111110100111000001110001111111111111111111111111111
95-10.tif,..\dataset\genuine\95\95-10.tif,0,95,Human,genuine,No,0,,,1050,291,L,TIFF,298.677734375,255.0,0.0,252.22592047128128,26.451744036861033,1eee3e64b307195ca9b673a24593c0c2,1111111111111111100001111000011111111111111111111111111111111111
96-01.tif,..\dataset\genuine\96\96-01.tif,0,96,Human,genuine,No,0,,,1006,296,L,TIFF,291.0859375,255.0,0.0,249.66409314383966,36.49910062375875,681ca0ae01275b02671033fc369c6519,1111111111111111111000111000000110001011110011111111111111111111
96-02.tif,..\dataset\genuine\96\96-02.tif,0,96,Human,genuine,No,0,,,1009,296,L,TIFF,291.953125,255.0,0.0,250.84881338226234,32.269493909694624,fff96dd2a4a7c36cc87566abb6da614b,1111111111111111100001111000001110000011110011111111111111111111
96-03.tif,..\dataset\genuine\96\96-03.tif,0,96,Human,genuine,No,0,,,1066,296,L,TIFF,308.4296875,255.0,0.0,250.43961703260484,33.794978382541665,1130e8ada7fd597364005059c08d47ca,1111111111111111101000111000001110000011110111111111111111111111
96-04.tif,..\dataset\genuine\96\96-04.tif,0,96,Human,genuine,No,0,,,1006,296,L,TIFF,291.0859375,255.0,0.0,249.62127572403418,36.64210713829681,5109c68e8fa170079224765d315cf493,1111111111111111101101111000000110000011110011111111111111111111
96-05.tif,..\dataset\genuine\96\96-05.tif,0,96,Human,genuine,No,0,,,1009,296,L,TIFF,291.953125,255.0,0.0,249.8917010419736,35.72844127655391,d9f0ab7a3dce778514bd1ca1a77798cb,1111111111110111100000011000000111011111110011111111111111111111
96-06.tif,..\dataset\genuine\96\96-06.tif,0,96,Human,genuine,No,0,,,1066,296,L,TIFF,308.4296875,255.0,0.0,250.148683509964,34.83605077032535,23070003c4ea0f186666d69eff6085a4,1111111111111111100000111000001111000011110011111111111111111111
96-07.tif,..\dataset\genuine\96\96-07.tif,0,96,Human,genuine,No,0,,,1007,296,L,TIFF,291.375,255.0,0.0,250.53515593547868,33.44548405887477,4914405b88c496e545cebed53c5ac1f7,1111111111111111101000111000001110000011110011111111111111111111
96-08.tif,..\dataset\genuine\96\96-08.tif,0,96,Human,genuine,No,0,,,1008,296,L,TIFF,291.6640625,255.0,0.0,250.66607343951094,32.960102449673876,eaf113b8e16e79603bc170947b5f5728,1111111111111111100000011000000111001011111011111111111111111111
96-09.tif,..\dataset\genuine\96\96-09.tif,0,96,Human,genuine,No,0,,,1066,296,L,TIFF,308.4296875,255.0,0.0,250.44850666801887,33.76262294467243,e59c6a706c6c11bf42e1554aec8f1fa5,1111111111111111100000111000001110000011111111111111111111111111
96-10.tif,..\dataset\genuine\96\96-10.tif,0,96,Human,genuine,No,0,,,1007,295,L,TIFF,290.3916015625,255.0,0.0,250.13116657970477,34.897664439052335,5d72c4e1da054c170358335d831d1f24,1111111111111111101001111000001110000011110011111111111111111111
97-01.tif,..\dataset\genuine\97\97-01.tif,0,97,Human,genuine,No,0,,,998,291,L,TIFF,283.900390625,255.0,0.0,249.82217011342271,35.96577121017806,22b0a551329d338f279b7e1c000a5e0c,1111111111111111100111111000001111000011111111111111111111111111
97-02.tif,..\dataset\genuine\97\97-02.tif,0,97,Human,genuine,No,0,,,998,291,L,TIFF,283.900390625,255.0,0.0,249.79495072619466,36.05821718939555,26515f2986863a0656c061dd15b0f1a4,1111111111011111100000111000001111110111111111111111111111111111
97-03.tif,..\dataset\genuine\97\97-03.tif,0,97,Human,genuine,No,0,,,998,289,L,TIFF,281.951171875,255.0,0.0,250.15678415654838,34.807517871487185,a273442605e12a67286251fc088ae1c0,1111111111111111110111111100001111000011111111111111111111111111
97-04.tif,..\dataset\genuine\97\97-04.tif,0,97,Human,genuine,No,0,,,998,289,L,TIFF,281.951171875,255.0,0.0,249.7951785924791,36.05744434972683,3cd49a978011990923446c045606ca12,1111111111111111100111111000001111000011111111111111111111111111
97-05.tif,..\dataset\genuine\97\97-05.tif,0,97,Human,genuine,No,0,,,998,290,L,TIFF,282.92578125,254.9819033425591,2.1480968689572637,249.6148849422984,36.66339967227843,2b35b0a6f4d1b0a3067b99ed0b1c267e,1111111111111111110111111100001111000011111111111111111111111111
97-06.tif,..\dataset\genuine\97\97-06.tif,0,97,Human,genuine,No,0,,,998,290,L,TIFF,282.92578125,255.0,0.0,249.8844931241794,35.753123538198544,cdf453aeaadb135953ae7201126ca6f1,1111111111111111110111111000001111000011111111111111111111111111
97-07.tif,..\dataset\genuine\97\97-07.tif,0,97,Human,genuine,No,0,,,999,290,L,TIFF,283.208984375,255.0,0.0,249.56394325359844,36.83264526723954,02e2155b1013725f692e99ca992a2f92,1111111111111111110111111100001111000011111111111111111111111111
97-08.tif,..\dataset\genuine\97\97-08.tif,0,97,Human,genuine,No,0,,,998,290,L,TIFF,282.92578125,255.0,0.0,249.73382972842236,36.264871017598416,35fbb7efca1d68c43c00b2a792c2d334,1111111111111111110111111000001111000011111111111111111111111111
97-09.tif,..\dataset\genuine\97\97-09.tif,0,97,Human,genuine,No,0,,,998,291,L,TIFF,283.900390625,255.0,0.0,249.65534161105717,36.528379595677734,f005a6d803dec60e3fb9745fa1464a74,1111111111111111110111111000001111000011111111111111111111111111
97-10.tif,..\dataset\genuine\97\97-10.tif,0,97,Human,genuine,No,0,,,999,290,L,TIFF,283.208984375,255.0,0.0,249.7549445997722,36.19362541811242,f7100cb3eb0222aa6922239e39fb9bb5,1111111111111111110101111100001111000011111111111111111111111111
98-01.tif,..\dataset\genuine\98\98-01.tif,0,98,Human,genuine,No,0,,,999,292,L,TIFF,285.16015625,253.28762281755849,20.82604009185707,244.44449586572875,50.79601250797697,3063b026a371b74d6c09d12cc28ffa40,1011111100010111000000111100001111111111111111111111111111111111
98-02.tif,..\dataset\genuine\98\98-02.tif,0,98,Human,genuine,No,0,,,998,290,L,TIFF,282.92578125,255.0,0.0,244.2799910165158,51.17307591089762,f99993111e23080e05cac4194f4e69bb,1111111100010111000000110000001111001111111111111111111111111111
98-03.tif,..\dataset\genuine\98\98-03.tif,0,98,Human,genuine,No,0,,,999,290,L,TIFF,283.208984375,255.0,0.0,244.71761416589004,50.1625450835236,498398e3d8e76d16ded2869c929bb224,1111111100110111000001110000011111011111111111111111111111111111
98-04.tif,..\dataset\genuine\98\98-04.tif,0,98,Human,genuine,No,0,,,998,290,L,TIFF,282.92578125,255.0,0.0,243.4350424987907,53.05955070299406,e134397beffb5581dda2b92cd7c2a53e,1011111100011111000000110100001111001111111111111111111111111111
98-05.tif,..\dataset\genuine\98\98-05.tif,0,98,Human,genuine,No,0,,,999,291,L,TIFF,284.1845703125,255.0,0.0,244.80031577969723,49.968849476281875,7f47f9ca8cf1fd1e00b23d16bfa402c8,0011111100001011000000111100001111111111111111111111111111111111
98-06.tif,..\dataset\genuine\98\98-06.tif,0,98,Human,genuine,No,0,,,1000,290,L,TIFF,283.4921875,255.0,0.0,244.3893620689655,50.92275557263457,0a3c1ba8c0b50fa491de9ef0dee2371f,1111111110011111100000110000001111101011111111111111111111111111
98-07.tif,..\dataset\genuine\98\98-07.tif,0,98,Human,genuine,No,0,,,998,290,L,TIFF,282.92578125,255.0,0.0,243.15221822956258,53.67321882076418,c98bcfe06ce526e27a0e70687b0f1dd9,1111111110011011000000110000001101011111111111111111111111111111
98-08.tif,..\dataset\genuine\98\98-08.tif,0,98,Human,genuine,No,0,,,999,291,L,TIFF,284.1845703125,255.0,0.0,244.75645748841626,50.07168039188652,53a182a12f8cf0fcb390aadc29ae5c22,1111111100010011000000111100001111011111111111111111111111111111
98-09.tif,..\dataset\genuine\98\98-09.tif,0,98,Human,genuine,No,0,,,998,291,L,TIFF,283.900390625,255.0,0.0,243.4607359047993,53.00337468895158,06a8b2f534d0b0bc5275979f01db2e69,1101111110011011000000110010000111101011111111111111111111111111
98-10.tif,..\dataset\genuine\98\98-10.tif,0,98,Human,genuine,No,0,,,999,289,L,TIFF,282.2333984375,255.0,0.0,244.5583819113231,50.53301123328025,2a1af8b56a2736d85293f5568f1e1725,1111111110011011100000110000001111101011111111111111111111111111
99-01.tif,..\dataset\genuine\99\99-01.tif,0,99,Human,genuine,No,0,,,999,291,L,TIFF,284.1845703125,255.0,0.0,246.0274707697388,46.98391930148774,8e2303719116c345f74f0b9bf46f93aa,1111111110111111000001110000001101110011111111111111111111111111
99-02.tif,..\dataset\genuine\99\99-02.tif,0,99,Human,genuine,No,0,,,998,291,L,TIFF,283.900390625,255.0,0.0,245.12902092845485,49.19007456197979,ed02113ebfc8658eebb96a74240d52b7,1111111110011111000001111000001110111111111111111111111111111111
99-03.tif,..\dataset\genuine\99\99-03.tif,0,99,Human,genuine,No,0,,,998,290,L,TIFF,282.92578125,255.0,0.0,245.86768364314835,47.385034229760215,99cbd3d8929700bebd25477b502afbef,1111111110011111000000111000001111110111111111111111111111111111
99-04.tif,..\dataset\genuine\99\99-04.tif,0,99,Human,genuine,No,0,,,999,290,L,TIFF,283.208984375,255.0,0.0,246.2077767422595,46.52648429561248,31c1cd814c46eb37b64c50bbabd5d757,1111111110111111000111110000011110000011111111111111111111111111
99-05.tif,..\dataset\genuine\99\99-05.tif,0,99,Human,genuine,No,0,,,999,290,L,TIFF,283.208984375,254.9819123279898,2.147563549403341,245.0292016154085,49.42809694540806,18e9b4598fe769e83e6c96e22e93427e,1111111111111111000111110000001110000011111111111111111111111111
99-06.tif,..\dataset\genuine\99\99-06.tif,0,99,Human,genuine,No,0,,,998,290,L,TIFF,282.92578125,255.0,0.0,245.0641455324442,49.34492562793342,0762722984316513074448d2d447020c,1111111100011111000001110000001111111011111111111111111111111111
99-07.tif,..\dataset\genuine\99\99-07.tif,0,99,Human,genuine,No,0,,,999,291,L,TIFF,284.1845703125,255.0,0.0,246.0581715736355,46.90639565258036,ba9194c978431bb50d94defb013145c9,1111111111111111100111110000001110000011111110111111111111111111
99-08.tif,..\dataset\genuine\99\99-08.tif,0,99,Human,genuine,No,0,,,998,291,L,TIFF,283.900390625,255.0,0.0,244.47926781397848,50.71588411637424,477650399bbd9584821321b515ca9b00,1111111111111111100111111000000111000011111111111111111111111111
99-09.tif,..\dataset\genuine\99\99-09.tif,0,99,Human,genuine,No,0,,,999,290,L,TIFF,283.208984375,255.0,0.0,245.79232680956818,47.572843282468575,a720bdd671217e49ad7d06f569e388c7,1111111110011111100001111000001110110011111111111111111111111111
99-10.tif,..\dataset\genuine\99\99-10.tif,0,99,Human,genuine,No,0,,,998,290,L,TIFF,282.92578125,255.0,0.0,245.1496095639555,49.14081164825049,7e4451318fc0ec4d253769ca51edf2c1,1111111110011111000111111000001110110011111111111111111111111111
image_01.jpeg,..\dataset\AI\gemini\1\image_01.jpeg,1,1,Gemini,reference_based,Yes,1,,,1080,280,RGB,JPEG,31.88671875,254.95664682539683,0.2125497131466071,243.90973544973545,47.36508241526816,f865bb63de24e0f323101823f2b1d11c,1111111111111111101101111000000110000001111010011110111111111111
image_02.jpeg,..\dataset\AI\gemini\1\image_02.jpeg,1,1,Gemini,reference_based,Yes,1,,,1080,280,RGB,JPEG,31.9453125,254.98546626984128,0.1210503559560698,243.28492394179895,48.55737332469653,f09b53dd9ba53f2c0a325aa866bedbb1,1111111111111111101111111000000010000001100010011111111111111111
image_03.jpeg,..\dataset\AI\gemini\1\image_03.jpeg,1,1,Gemini,reference_based,Yes,1,,,1080,280,RGB,JPEG,33.8388671875,254.98151455026456,0.13737267235895617,243.29705687830688,47.96482932784339,8c9573f2baa6e862bfb70f6042f03006,1111111111111111001101110000011100000001111010011111110111111111
image_04.jpeg,..\dataset\AI\gemini\1\image_04.jpeg,1,1,Gemini,reference_based,Yes,1,,,1080,280,RGB,JPEG,33.4892578125,254.97247023809524,0.17390829864170154,243.56212962962962,47.55758528023579,f9d5a2ac19374e06560463086309a6ee,1111111110111111100101111000010110000001111010011111111111111111
image_05.jpeg,..\dataset\AI\gemini\1\image_05.jpeg,1,1,Gemini,reference_based,Yes,1,,,1080,280,RGB,JPEG,31.8564453125,255.0,0.0,243.0613955026455,49.14223404669543,83bc29883e6c2e4f5502a40088f3e770,1111111111111111100111111000000010000001100011011111111111111111
image_06.jpeg,..\dataset\AI\gemini\1\image_06.jpeg,1,1,Gemini,reference_based,Yes,1,,,1080,280,RGB,JPEG,33.296875,255.0,0.0,242.94594907407406,49.07820302026619,608ec5c5cb3b886f4a1ac4d7db6ea39e,1111111111111111000111110000000100000001111010011101111111111111
image_07.jpeg,..\dataset\AI\gemini\1\image_07.jpeg,1,1,Gemini,reference_based,Yes,1,,,1080,280,RGB,JPEG,34.1103515625,254.93783068783068,0.27077207445919216,242.87050264550265,49.29951519730337,40e310bebab4ce7160d714b38086442b,1111111110110111100001111000000110000001111011011111111111111111
image_08.jpeg,..\dataset\AI\gemini\1\image_08.jpeg,1,1,Gemini,reference_based,Yes,1,,,1080,280,RGB,JPEG,34.142578125,254.9587466931217,0.23038360146729933,242.71833002645502,49.7044487564186,4c14f0e5ecd883f523ba6ec2ac734f0f,1111111110111111100001111000000010000000111011001111111111111111
image_09.jpeg,..\dataset\AI\gemini\1\image_09.jpeg,1,1,Gemini,reference_based,Yes,1,,,1080,280,RGB,JPEG,33.884765625,254.81129298941798,5.320649735319564,242.26017526455027,50.827634509816235,6fd1c9996308ce1d9546348d9fd91f3c,1111111110111111100001111000000010000000110111011111111111111111
image_01.jpeg,..\dataset\AI\gemini\10\image_01.jpeg,1,10,Gemini,reference_based,Yes,1,,,1080,280,RGB,JPEG,33.0078125,252.9467261904762,21.151668833472723,237.96849206349205,60.26254342064454,fa41bb9e741e53abad4048d96de14b6f,1111111111101111110010111000001110001001100010011111100111101011
image_02.jpeg,..\dataset\AI\gemini\10\image_02.jpeg,1,10,Gemini,reference_based,Yes,1,,,1080,280,RGB,JPEG,32.771484375,253.4815806878307,18.57112270595472,237.67559523809524,60.78111647556387,b4b6e61045759fe36f5da69ecd56051b,1111111111111111111010111000000110000001100010011111110111111011
image_03.jpeg,..\dataset\AI\gemini\10\image_03.jpeg,1,10,Gemini,reference_based,Yes,1,,,1080,280,RGB,JPEG,32.9296875,254.0029761904762,14.803597057853374,237.6207175925926,60.83562757155337,3c403c0550cd37fa9bb5d6da7c8257ce,1111111111111111111000011100000111000001110000011111110111110111
image_04.jpeg,..\dataset\AI\gemini\10\image_04.jpeg,1,10,Gemini,reference_based,Yes,1,,,1080,280,RGB,JPEG,33.5283203125,252.61939484126984,22.979779561201234,237.30194113756613,61.329935412598196,5fd07e6b99df88ebbdc825901ee7e5c2,1111101111111011111000111000001110000011100010011111101111101111
image_05.jpeg,..\dataset\AI\gemini\10\image_05.jpeg,1,10,Gemini,reference_based,Yes,1,,,1080,280,RGB,JPEG,37.4326171875,251.7393187830688,26.943302861985263,234.89910052910054,65.02123700065782,ed3e1035e40f39a0bdb28603e78c273e,1111101111101011111000111000000110001001110010011111111111110011
image_06.jpeg,..\dataset\AI\gemini\10\image_06.jpeg,1,10,Gemini,reference_based,Yes,1,,,1080,280,RGB,JPEG,33.6767578125,253.9053240740741,15.479278629585117,237.15406746031746,61.560704167587346,b875833239b577d5301c15ddfeb91b67,1111011111101111111000111000000011000001110000011111111111111111
image_07.jpeg,..\dataset\AI\gemini\10\image_07.jpeg,1,10,Gemini,reference_based,Yes,1,,,1080,280,RGB,JPEG,34.541015625,253.46276455026455,18.205083590792377,236.62434854497354,62.486195727432325,8ab0a3d1f4e5b764dd689076a7381578,1110111111100011100000111000001110001011111110111111001111111111
image_08.jpeg,..\dataset\AI\gemini\10\image_08.jpeg,1,10,Gemini,reference_based,Yes,1,,,1080,280,RGB,JPEG,36.1435546875,253.01405423280423,20.87316432615038,235.80524801587302,63.66888831699374,54712fac1bb6bdca7ef1059f64f24ec2,1110001111101011100000011000000111001001111111111111001111111111
image_09.jpeg,..\dataset\AI\gemini\10\image_09.jpeg,1,10,Gemini,reference_based,Yes,1,,,1080,280,RGB,JPEG,34.1328125,253.62212301587303,17.567683737332022,236.83888227513228,61.8136175949868,59927368609a1845474266d1a6531740,1110001111100011110000011100000111000001111110011111101111111111
image_01.jpeg,..\dataset\AI\gemini\11\image_01.jpeg,1,11,Gemini,reference_based,Yes,1,,,1080,280,RGB,JPEG,55.935546875,251.62526455026455,2.9695628468583934,239.78641203703702,49.489877698374514,8a369be7342f21a7dc6f6b26bceead25,1111111111111111111111111000000110010001100100011001101111111111
image_02.jpeg,..\dataset\AI\gemini\11\image_02.jpeg,1,11,Gemini,reference_based,Yes,1,,,1080,280,RGB,JPEG,57.5302734375,252.26628637566137,1.9913107286380447,238.62666997354498,51.30685670224685,e4241af0107f5e2a2a88ed63153a8a7b,1111111111111111111111111000000110000001100000011001101111111111
image_03.jpeg,..\dataset\AI\gemini\11\image_03.jpeg,1,11,Gemini,reference_based,Yes,1,,,1080,280,RGB,JPEG,55.6015625,252.33103505291004,1.3421296352312628,239.86664682539683,49.65373814366667,f48b6ba146526a82a92fada8dd3f1fcd,1111111111111111111111111000000110000011100100111001011111111111
image_04.jpeg,..\dataset\AI\gemini\11\image_04.jpeg,1,11,Gemini,reference_based,Yes,1,,,1080,280,RGB,JPEG,57.279296875,251.98604497354498,1.7749274426152775,238.43654100529102,52.06649137922866,accff76716957a253b73e5bc10ae3401,1111111111111111100000011000000110000001100010111111111111111111
image_05.jpeg,..\dataset\AI\gemini\11\image_05.jpeg,1,11,Gemini,reference_based,Yes,1,,,1080,280,RGB,JPEG,57.0263671875,252.47055224867725,1.6266808236097536,238.20939814814815,52.909405091387555,02b19e3d14176eac4ce9119acfccf6a7,1111111111111111100010011000000110000001100010111001111111111111
image_06.jpeg,..\dataset\AI\gemini\11\image_06.jpeg,1,11,Gemini,reference_based,Yes,1,,,1080,280,RGB,JPEG,57.0029296875,252.42508267195768,2.967617751467787,238.65299933862434,52.317936618295946,b32e9e93c5dca884cc95d711b3b176a6,1111111111111111100000011000001110000011100100111111111111111111
image_07.jpeg,..\dataset\AI\gemini\11\image_07.jpeg,1,11,Gemini,reference_based,Yes,1,,,1080,280,RGB,JPEG,57.0458984375,251.68948412698413,2.2766953677132773,238.80319113756613,51.210234731659526,e5e354102d363eff8d278307d0a4e901,1111111111111001100000011000000110001011101111111111111111111111
image_08.jpeg,..\dataset\AI\gemini\11\image_08.jpeg,1,11,Gemini,reference_based,Yes,1,,,1080,280,RGB,JPEG,56.7255859375,252.26122685185186,1.9983205455509487,238.07651124338625,53.168630504338594,9cd8de77624293bc15ce5a79fa4bb872,1111111111111111100000011000000110001001110111111111111111111111
image_09.jpeg,..\dataset\AI\gemini\11\image_09.jpeg,1,11,Gemini,reference_based,Yes,1,,,1080,280,RGB,JPEG,56.095703125,252.40585317460318,2.2375978296435157,239.02443452380953,51.76033075747641,f7f792bc9828bbf88dce14fe3eb458d8,1111111111111011100000011000001110000011100111111111111111111111
image_01.jpeg,..\dataset\AI\gemini\12\image_01.jpeg,1,12,Gemini,reference_based,Yes,1,,,1080,280,RGB,JPEG,45.36328125,254.8509093915344,0.3834939704714919,238.16041666666666,57.65682869183783,84c1bb7d18d91c21a049aa08bc7f4787,1111111111111111111011111000000010000000111001001111110111111111
image_02.jpeg,..\dataset\AI\gemini\12\image_02.jpeg,1,12,Gemini,reference_based,Yes,1,,,1080,280,RGB,JPEG,42.2255859375,254.8458664021164,0.38462443460677204,239.9681216931217,54.69819855875047,387a88e0cf6320d2423a6b91290f3c7b,1111111111111111111011111000000010000000111001011111111111111111
image_03.jpeg,..\dataset\AI\gemini\12\image_03.jpeg,1,12,Gemini,reference_based,Yes,1,,,1080,280,RGB,JPEG,45.873046875,254.871875,0.35797230278358855,237.76527447089947,58.14281643505122,77405cbe59df607f6a23ab2afdbf875f,1111111111111111110010010000000110000001111011011111111111111111
image_04.jpeg,..\dataset\AI\gemini\12\image_04.jpeg,1,12,Gemini,reference_based,Yes,1,,,1080,280,RGB,JPEG,42.357421875,254.8773148148148,0.34807852964007174,239.86973875661377,54.900570475086624,78c8d9389477a75fe552a99d80bbfb7a,1111111111101111100011011000000010000000111111011111111111111111
image_05.jpeg,..\dataset\AI\gemini\12\image_05.jpeg,1,12,Gemini,reference_based,Yes,1,,,1080,280,RGB,JPEG,45.1474609375,254.87733134920634,0.3401320860708369,239.5813029100529,54.83150528525912,3e87eed04185baa7bdba358ef1e28bdc,1111111111101111100010001000000010000000111111011111111111111111
image_06.jpeg,..\dataset\AI\gemini\12\image_06.jpeg,1,12,Gemini,reference_based,Yes,1,,,1080,280,RGB,JPEG,44.484375,254.90710978835978,0.29658948721313777,238.21531415343915,57.645951690442324,f02c37b39b99e5a5e5f3711904f14967,1111111111011111100000010000000110000001111111011111111111111111
image_07.jpeg,..\dataset\AI\gemini\12\image_07.jpeg,1,12,Gemini,reference_based,Yes,1,,,1080,280,RGB,JPEG,43.0263671875,254.83234126984127,0.4021671714591405,239.2269246031746,56.06126030817427,8d37aceeb822a0e63474ebdcf3d75d9d,1111111111101111100000001000000011000101111111111111111111111111
image_08.jpeg,..\dataset\AI\gemini\12\image_08.jpeg,1,12,Gemini,reference_based,Yes,1,,,1080,280,RGB,JPEG,44.4794921875,254.82873677248676,0.406544825648465,238.6127347883598,57.1033168230204,683a0f8561b847eb0811636e676cf74a,1111111111101111100000011000000111100001111111111111111111111111
image_09.jpeg,..\dataset\AI\gemini\12\image_09.jpeg,1,12,Gemini,reference_based,Yes,1,,,1080,280,RGB,JPEG,45.6796875,254.8645171957672,0.366094744756283,238.05343253968255,57.462589239952194,5bba6523981fb3d36a8e759284a42ad0,1111111111011111000000010000000111001001111110111111111111111111
image_01.jpeg,..\dataset\AI\gemini\13\image_01.jpeg,1,13,Gemini,reference_based,Yes,1,,,1080,280,RGB,JPEG,37.259765625,254.8385582010582,4.580420579283148,236.2436970899471,62.04621280226547,ed25feb8852b5d5b758bd544ec40f059,1111111111111111100001011000000110000000110011011101111111111111
image_02.jpeg,..\dataset\AI\gemini\13\image_02.jpeg,1,13,Gemini,reference_based,Yes,1,,,1080,280,RGB,JPEG,40.796875,254.9823082010582,0.13505031488963756,234.23781415343916,65.30165302816991,c048701e35b200a1c3d9174b79fd94d6,1111111111111111100000011000000010000000110011011110111111111111
image_03.jpeg,..\dataset\AI\gemini\13\image_03.jpeg,1,13,Gemini,reference_based,Yes,1,,,1080,280,RGB,JPEG,39.419921875,254.98156415343917,0.13731914700074968,234.66044642857142,64.77665232811695,4ec3ea88e3457ee91ad38dc82183db81,1111111111111111100000011000000010000000110011011110111111111111
image_04.jpeg,..\dataset\AI\gemini\13\image_04.jpeg,1,13,Gemini,reference_based,Yes,1,,,1080,280,RGB,JPEG,38.74609375,254.97546296296295,0.1607885576416106,235.47916335978837,63.472815253082054,218d754706b26785b7a27fa91d3ed631,1111111111111111100001111000000110000001110011011100111111111111
image_05.jpeg,..\dataset\AI\gemini\13\image_05.jpeg,1,13,Gemini,reference_based,Yes,1,,,1080,280,RGB,JPEG,40.6865234375,255.0,0.0,234.93078373015874,64.05149063960657,324a1f65729d00ba842cbb9d95fd3697,1111111111111111100000111000000110000001110011011110110111111111
image_06.jpeg,..\dataset\AI\gemini\13\image_06.jpeg,1,13,Gemini,reference_based,Yes,1,,,1080,280,RGB,JPEG,40.2158203125,255.0,0.0,234.1329828042328,65.48479311310254,74ded75aef3af6ab5aaea304a3be25db,1111111111111111100000011000000010000001110011011110111111111111
image_07.jpeg,..\dataset\AI\gemini\13\image_07.jpeg,1,13,Gemini,reference_based,Yes,1,,,1080,280,RGB,JPEG,40.1806640625,254.93624338624338,0.28148775950750415,234.90186177248677,64.26006875976708,d07684e9871a46c2af87488819b566fa,1111111111111111100000011000000110000001110011011110111111111111
image_08.jpeg,..\dataset\AI\gemini\13\image_08.jpeg,1,13,Gemini,reference_based,Yes,1,,,1080,280,RGB,JPEG,40.2919921875,254.95901124338624,0.23434407194012918,234.14049933862435,65.63297201779169,6199600afc8e9df13b179181c78fbea2,1111111111111111100000011000000010000001110011001111111111111111
image_09.jpeg,..\dataset\AI\gemini\13\image_09.jpeg,1,13,Gemini,reference_based,Yes,1,,,1080,280,RGB,JPEG,41.228515625,254.95978835978835,0.23031656997313069,233.61397156084655,66.1169807644296,8ebffaff7c5f7f53bb4addc31e854302,1111111111111111000000011000000010000001111011001111111111111111
image_01.jpeg,..\dataset\AI\gemini\14\image_01.jpeg,1,14,Gemini,reference_based,Yes,1,,,1080,280,RGB,JPEG,36.140625,254.96337632275132,0.19677788735682525,234.64098544973544,65.47116941997726,de842fb42988f9bbf38187684ae3a51b,1111111111111111101110001000100110001001000011001011101111111111
image_02.jpeg,..\dataset\AI\gemini\14\image_02.jpeg,1,14,Gemini,reference_based,Yes,1,,,1080,280,RGB,JPEG,39.923828125,254.9863921957672,0.11853665582878904,231.781832010582,69.54720434990269,d92090e9ecd38191d03b189776df528a,1111111111111111100000001000100010000001100010001011111011111111
image_03.jpeg,..\dataset\AI\gemini\14\image_03.jpeg,1,14,Gemini,reference_based,Yes,1,,,1080,280,RGB,JPEG,40.794921875,254.98614417989418,0.11968797774376055,229.91111772486772,72.15592049060096,575f5efbd536877e4ed72d45d8864b1d,1111111111111111100000001000100010000001100010001011111111111111
image_04.jpeg,..\dataset\AI\gemini\14\image_04.jpeg,1,14,Gemini,reference_based,Yes,1,,,1080,280,RGB,JPEG,40.119140625,254.97911706349205,0.1491058474924987,230.98724537037037,70.70006926679778,21ec521b153f5a41bf69eb17149e917c,1111111111111111100010001000100010000001000010001011111111111111
image_05.jpeg,..\dataset\AI\gemini\14\image_05.jpeg,1,14,Gemini,reference_based,Yes,1,,,1080,280,RGB,JPEG,39.8154296875,255.0,0.0,231.13457341269842,70.41210515269113,a63b3488721a5777fa4314445646dcf1,1111111111111111100000001000100110000001001110001011111111111111
image_06.jpeg,..\dataset\AI\gemini\14\image_06.jpeg,1,14,Gemini,reference_based,Yes,1,,,1080,280,RGB,JPEG,39.9453125,255.0,0.0,231.20669973544975,70.35270129463522,7df96c8e448f89444820a416ac866520,1111111111111111100000001000100010000001001110001011111111111111
image_07.jpeg,..\dataset\AI\gemini\14\image_07.jpeg,1,14,Gemini,reference_based,Yes,1,,,1080,280,RGB,JPEG,40.5537109375,254.9366732804233,0.28774169343911055,230.67849867724868,71.11578147636928,418040bf2768635a611c65466207b89a,1111111111111111100000001000000110000001001110001111111111111111
image_08.jpeg,..\dataset\AI\gemini\14\image_08.jpeg,1,14,Gemini,reference_based,Yes,1,,,1080,280,RGB,JPEG,39.6220703125,254.95863095238096,0.243449045752759,232.5728902116402,68.2977725258342,81b118206304dc005d862830208260f3,1111111111111111100000001000000110000001001110001111111111111111
image_09.jpeg,..\dataset\AI\gemini\14\image_09.jpeg,1,14,Gemini,reference_based,Yes,1,,,1080,280,RGB,JPEG,41.1669921875,254.958416005291,0.23815928589521002,230.21467923280423,71.36573451565728,21b173e5857d0c6de05e5ad5d8c8613d,1111111111101101100000001000000110000001001110001111111111111111
image_01.jpeg,..\dataset\AI\gemini\15\image_01.jpeg,1,15,Gemini,reference_based,Yes,1,,,1080,280,RGB,JPEG,59.630859375,238.4195601851852,7.700016599116443,228.07617394179894,45.6247111440175,627c43ca6081db984c397c08cf29399a,1111111111111111001100111000000110000001100010011110111111101111
image_02.jpeg,..\dataset\AI\gemini\15\image_02.jpeg,1,15,Gemini,reference_based,Yes,1,,,1080,280,RGB,JPEG,63.9443359375,238.43541666666667,9.683255587942277,223.82075727513228,54.492684254468706,d4e976077be4ab78ff582720e56992e5,1111111111111111101110011000000110000001100000111010011111101111
image_03.jpeg,..\dataset\AI\gemini\15\image_03.jpeg,1,15,Gemini,reference_based,Yes,1,,,1080,280,RGB,JPEG,62.5576171875,237.8354332010582,13.192554835442087,224.8932208994709,52.0275747916418,986ff63877d4b9ea2144b545fb99bfd1,1111111111111111101111110000000110000001100000011110011111101111
image_04.jpeg,..\dataset\AI\gemini\15\image_04.jpeg,1,15,Gemini,reference_based,Yes,1,,,1080,280,RGB,JPEG,62.201171875,237.77387566137565,7.60091229942049,226.25296957671958,48.84639548248519,dd645efd76af5bc94475553432befa1e,1111111111111111001111110000000110000001101000011110011111111111
image_05.jpeg,..\dataset\AI\gemini\15\image_05.jpeg,1,15,Gemini,reference_based,Yes,1,,,1080,280,RGB,JPEG,65.837890625,237.5653935185185,13.409680578281694,221.8264914021164,57.63901579190594,f26a926a1425da6fce38427a946adf69,1111111111111111001110011000000110000000101001001110011111111111
image_06.jpeg,..\dataset\AI\gemini\15\image_06.jpeg,1,15,Gemini,reference_based,Yes,1,,,1080,280,RGB,JPEG,62.677734375,237.7857804232804,8.648877663643704,226.45061177248678,47.35179100168792,36b46d461112daa6e7c3137cddbd7b87,1111111110111111101111001000000110000001101001111110111111111111
image_07.jpeg,..\dataset\AI\gemini\15\image_07.jpeg,1,15,Gemini,reference_based,Yes,1,,,1080,280,RGB,JPEG,58.794921875,235.9683201058201,4.138338825683151,225.12444113756615,47.32606535678414,ced72b67462e8e794ea6044d8fed400e,1111111110111111100000011000000110000011111001111111111111111111
image_08.jpeg,..\dataset\AI\gemini\15\image_08.jpeg,1,15,Gemini,reference_based,Yes,1,,,1080,280,RGB,JPEG,64.2353515625,236.29555224867724,6.515478116395837,221.96661375661375,54.19270768817225,1e1b4f9159136c02c90c116ba06e16a0,1011111110111101100000011000000110000101111001111111011111111111
image_09.jpeg,..\dataset\AI\gemini\15\image_09.jpeg,1,15,Gemini,reference_based,Yes,1,,,1080,280,RGB,JPEG,61.8544921875,236.2571593915344,3.7522334618341073,220.25680886243387,57.0565148877794,34ca38c265ac181988172f756cd8003f,1111111110111111000010011000000110000001101000111111011111111111
image_01.jpeg,..\dataset\AI\gemini\16\image_01.jpeg,1,16,Gemini,reference_based,Yes,1,,,1080,280,RGB,JPEG,36.5029296875,254.53941798941798,9.254819661281951,242.64070105820105,49.54994452220931,77ff430980d16c5f73985648429050ae,1111111111111111110111111101100010000000100000001000111111011111
image_02.jpeg,..\dataset\AI\gemini\16\image_02.jpeg,1,16,Gemini,reference_based,Yes,1,,,1080,280,RGB,JPEG,36.32421875,254.9839451058201,0.1269953636297578,241.65925925925927,51.614935061559216,8b3cd4743875862fdbb23804f8248f56,1111111111111111100111111100001110000001100000011001111111111111
image_03.jpeg,..\dataset\AI\gemini\16\image_03.jpeg,1,16,Gemini,reference_based,Yes,1,,,1080,280,RGB,JPEG,38.080078125,253.09323743386244,19.74328264394512,241.07965608465608,52.544083445928784,1422ccd3501edf31a6f267667fbe28a3,1111111111111111101111110000001100000001000010010011101111111111
image_04.jpeg,..\dataset\AI\gemini\16\image_04.jpeg,1,16,Gemini,reference_based,Yes,1,,,1080,280,RGB,JPEG,37.359375,253.55449735449736,17.328145389248828,240.90112433862433,53.144398842827194,155aaa840a244cf5b9f648567d1404a4,1111111111011111110111111000000010000000100010001111111111111111
image_05.jpeg,..\dataset\AI\gemini\16\image_05.jpeg,1,16,Gemini,reference_based,Yes,1,,,1080,280,RGB,JPEG,35.2333984375,254.99948743386244,0.0253885514710054,242.26896825396827,50.448905054101246,f26a731d330a774edc0a21b745f0b289,1111111111011111110111111000000010000001100110011111111111111111
image_06.jpeg,..\dataset\AI\gemini\16\image_06.jpeg,1,16,Gemini,reference_based,Yes,1,,,1080,280,RGB,JPEG,36.5107421875,254.54576719576718,9.491808739200838,241.4171626984127,52.10662993027337,4ae2c91927f63e95b6c3f0955de2732f,1111111110111111100111110000000100000001001110011111111111111111
image_07.jpeg,..\dataset\AI\gemini\16\image_07.jpeg,1,16,Gemini,reference_based,Yes,1,,,1080,280,RGB,JPEG,37.0712890625,253.72739748677247,16.086161546281403,240.90185846560846,53.40067627572553,0ccc7b0e92c297aaf0d18f5a13997511,1101111111011111100000001000000010001000110111111111111111111111
image_08.jpeg,..\dataset\AI\gemini\16\image_08.jpeg,1,16,Gemini,reference_based,Yes,1,,,1080,280,RGB,JPEG,36.0390625,254.95626653439155,0.32083011190574034,241.2135615079365,52.79058467164757,29be278bc15dfa7b1b1fd46f6147b10f,1101111111011111100000001000000110000001100111111111111111111111
image_09.jpeg,..\dataset\AI\gemini\16\image_09.jpeg,1,16,Gemini,reference_based,Yes,1,,,1080,280,RGB,JPEG,35.837890625,254.95674603174604,0.2843715693742607,240.9544212962963,53.31075702686594,3172d39c6254183f98891879dc99e820,1001111110011111100000010000000100010001111111111111111111111111
image_01.jpeg,..\dataset\AI\gemini\17\image_01.jpeg,1,17,Gemini,reference_based,Yes,1,,,1080,280,RGB,JPEG,29.404296875,254.9617394179894,0.19893337490871488,242.7454894179894,50.694073879301186,3c3bc3a1ec9f2da938b3f952709a3d93,1111111111111111100111010000000100000001110111111111111111111111
image_02.jpeg,..\dataset\AI\gemini\17\image_02.jpeg,1,17,Gemini,reference_based,Yes,1,,,1080,280,RGB,JPEG,31.84765625,254.9852513227513,0.12204470648843486,239.87406084656084,56.49918801604576,dbbf8efdd2c00f463a7457ba836145e4,1111111111111111100000010000000100000001110111111111111111111111
image_03.jpeg,..\dataset\AI\gemini\17\image_03.jpeg,1,17,Gemini,reference_based,Yes,1,,,1080,280,RGB,JPEG,29.6884765625,254.32280092592592,11.510011858157219,244.49752976190476,46.05437284827781,28f83f1b57ed9260b2d5437c67a72aca,1111111111111111000001110000000100000001111111111111111111111111
image_04.jpeg,..\dataset\AI\gemini\17\image_04.jpeg,1,17,Gemini,reference_based,Yes,1,,,1080,280,RGB,JPEG,32.7080078125,254.97463624338624,0.16148144342312165,239.60343915343915,56.88101071277316,766b8fc67f263b6e6f5a623a5cd21710,1111111111111111110111000000000110000001110011111111111111111111
image_05.jpeg,..\dataset\AI\gemini\17\image_05.jpeg,1,17,Gemini,reference_based,Yes,1,,,1080,280,RGB,JPEG,32.0048828125,255.0,0.0,239.44782076719576,57.26870650066126,67c164b00aa7ecabd639e2bc8d980565,1111111111111111100011010000000100000001110111111111111111111111
image_06.jpeg,..\dataset\AI\gemini\17\image_06.jpeg,1,17,Gemini,reference_based,Yes,1,,,1080,280,RGB,JPEG,33.404296875,253.95739087301587,15.211953361444522,238.3276455026455,59.21310492830108,a9f559f4a01b7202e7ce044b20036ade,1111111111111111000000000000000100000001110111111111111111111111
image_07.jpeg,..\dataset\AI\gemini\17\image_07.jpeg,1,17,Gemini,reference_based,Yes,1,,,1080,280,RGB,JPEG,32.150390625,254.93487103174604,0.2695545817095837,239.9526884920635,56.33796578921464,5313fe4244dc4b0967ebdc9756e7dc94,1111111111111111100000001000000110000001110111111111111111111111
image_08.jpeg,..\dataset\AI\gemini\17\image_08.jpeg,1,17,Gemini,reference_based,Yes,1,,,1080,280,RGB,JPEG,32.29296875,254.96040013227514,0.21845107379043516,239.61804563492063,56.99406309368098,029801664005d00353c3dad38dcdc7f9,1111111111111111100000010000000110000001110111111111111111111111
image_09.jpeg,..\dataset\AI\gemini\17\image_09.jpeg,1,17,Gemini,reference_based,Yes,1,,,1080,280,RGB,JPEG,33.5810546875,254.52958002645502,9.772605629474192,238.68079695767196,58.49771604119957,8a541fdeeb79fe013f2b82824b361374,1111111111111111000000010000000100000001110111111111111111111111
image_01.jpeg,..\dataset\AI\gemini\18\image_01.jpeg,1,18,Gemini,reference_based,Yes,1,,,1080,280,RGB,JPEG,33.9248046875,254.9543154761905,0.22904122326833376,244.78346891534392,44.72837306469179,23c224ff06d7cc287b84e5a767ecd5f4,1111111111111111111111111011111110001001100000001000100111111111
image_02.jpeg,..\dataset\AI\gemini\18\image_02.jpeg,1,18,Gemini,reference_based,Yes,1,,,1080,280,RGB,JPEG,35.62890625,254.89520502645502,3.9012865226791824,243.7287533068783,46.945186572160544,1f715cff98804928af2a7b4530917cfa,1111111111111111111111110001110100000001100000001110100011111011
image_03.jpeg,..\dataset\AI\gemini\18\image_03.jpeg,1,18,Gemini,reference_based,Yes,1,,,1080,280,RGB,JPEG,35.6484375,254.65066137566137,7.712665206596047,243.5837962962963,47.19749394332217,31e7314a8f9bb8e5191905a3dd8cb7d0,1111111111111111011111110011101100000001000000011110100011111011
image_04.jpeg,..\dataset\AI\gemini\18\image_04.jpeg,1,18,Gemini,reference_based,Yes,1,,,1080,280,RGB,JPEG,35.908203125,254.96593915343917,0.1909767888090948,243.4953373015873,47.446277452844065,223b7d3eae408f964d1c7b1e98989afc,1111111111111111111111011000000110000000100010001101111111111111
image_05.jpeg,..\dataset\AI\gemini\18\image_05.jpeg,1,18,Gemini,reference_based,Yes,1,,,1080,280,RGB,JPEG,33.5361328125,254.99993386243386,0.008132231671559262,244.21260251322752,45.86107611205276,8e6583bba2186b7749a2590f0b911ded,1111111111111111101111111001100110000001100000001111100111111111
image_06.jpeg,..\dataset\AI\gemini\18\image_06.jpeg,1,18,Gemini,reference_based,Yes,1,,,1080,280,RGB,JPEG,33.0703125,254.99879298941798,0.07660451762242164,244.5651388888889,45.366270892623874,8b48aaae358c369f8637fb6458c2af74,1111111111111111111110110001000100000001000000011111101111111111
image_07.jpeg,..\dataset\AI\gemini\18\image_07.jpeg,1,18,Gemini,reference_based,Yes,1,,,1080,280,RGB,JPEG,34.9970703125,254.92480158730157,0.29473997651166056,243.84326388888888,46.84851961666405,635d5c5193410bb9134d0f5b9c70d0a5,1111110111111101100000011000000110000000110110011111111111111111
image_08.jpeg,..\dataset\AI\gemini\18\image_08.jpeg,1,18,Gemini,reference_based,Yes,1,,,1080,280,RGB,JPEG,33.77734375,254.96145833333333,0.21931981247072907,244.4949041005291,45.423165478938685,f0bd9677e9161831acd7a132c40bc78d,1111111111111111100010011000000110000000100110111111111111111111
image_09.jpeg,..\dataset\AI\gemini\18\image_09.jpeg,1,18,Gemini,reference_based,Yes,1,,,1080,280,RGB,JPEG,35.6416015625,254.96185515873015,0.21187465765258023,242.67077711640212,49.45948907989485,9925c991b5e8e858e5130d0a81517f1a,1111110111111101100000011000000110000001101110111111111111111111
image_01.jpeg,..\dataset\AI\gemini\19\image_01.jpeg,1,19,Gemini,reference_based,Yes,1,,,1080,280,RGB,JPEG,60.8154296875,235.51342592592593,7.948254752267752,225.9323082010582,44.12820481447663,2f724a7e470f548e39307b5aff3684c3,1111111111111111111111000000000010000001111011111111111111111111
image_02.jpeg,..\dataset\AI\gemini\19\image_02.jpeg,1,19,Gemini,reference_based,Yes,1,,,1080,280,RGB,JPEG,61.7568359375,240.48171296296297,1.5672205124171124,229.68886574074074,45.822456404572044,7be7a2fa4b136cad74f592c458b15df7,1111111111111101100010010000000110000001111011111111111111111111
image_03.jpeg,..\dataset\AI\gemini\19\image_03.jpeg,1,19,Gemini,reference_based,Yes,1,,,1080,280,RGB,JPEG,61.537109375,238.5845734126984,26.162622086247616,230.7617361111111,47.00733689246146,a4410503d17abe560bc2e1cb4d84f76d,1111111111111111000110010000100100000001010111111111111111111111
image_04.jpeg,..\dataset\AI\gemini\19\image_04.jpeg,1,19,Gemini,reference_based,Yes,1,,,1080,280,RGB,JPEG,64.26953125,234.47685185185185,9.073412370593282,223.51824404761905,47.719557366450545,c09df6e7cdcbd617a8d323f0051e6cf1,1111111111111100100000000000000110000001101011111111111111111111
image_05.jpeg,..\dataset\AI\gemini\19\image_05.jpeg,1,19,Gemini,reference_based,Yes,1,,,1080,280,RGB,JPEG,62.833984375,239.35051256613755,1.8458379649447862,228.3461044973545,46.40173101912353,4d00f3678b430b53687dce6324b22e46,1111111111111101000000010000000110000101101011111111111111111111
image_06.jpeg,..\dataset\AI\gemini\19\image_06.jpeg,1,19,Gemini,reference_based,Yes,1,,,1080,280,RGB,JPEG,64.2578125,239.52294973544974,17.28524127405329,228.7777414021164,48.7004808454832,be9ac7fc09cf4d6d09a5e36639398315,1111110111111101000000010000000110000101011011111111111111111111
image_07.jpeg,..\dataset\AI\gemini\19\image_07.jpeg,1,19,Gemini,reference_based,Yes,1,,,1080,280,RGB,JPEG,65.6025390625,233.029083994709,7.997391110292607,221.18487433862433,49.299671538530156,6607ea93f7721a58b58b212ff3ad1d54,1111111111111110100001001000000010000111101111111111111111111111
image_08.jpeg,..\dataset\AI\gemini\19\image_08.jpeg,1,19,Gemini,reference_based,Yes,1,,,1080,280,RGB,JPEG,64.4453125,236.9873511904762,13.308467216915037,225.9494742063492,48.177274227983844,85186264479dc8214efc5a69c11f594d,1111110111111100100000011000000111100111101111111111111111111111
image_09.jpeg,..\dataset\AI\gemini\19\image_09.jpeg,1,19,Gemini,reference_based,Yes,1,,,1080,280,RGB,JPEG,64.416015625,238.9256779100529,12.75278455574933,227.25131613756614,49.014902795161234,6aa67e71fe9884221f70857e2c9accba,1111110111111100000000010000000111000101111011111111111111111111
image_01.jpeg,..\dataset\AI\gemini\2\image_01.jpeg,1,2,Gemini,reference_based,Yes,1,,,1080,280,RGB,JPEG,36.70703125,252.60362103174603,22.746447411071408,240.75438492063492,53.85408745306247,d87680742f39a3af215a039dfcf7b618,1111111111011111110111111000000010000001100000011111100111111111
image_02.jpeg,..\dataset\AI\gemini\2\image_02.jpeg,1,2,Gemini,reference_based,Yes,1,,,1080,280,RGB,JPEG,31.8349609375,254.8066798941799,6.05658626001855,241.3713888888889,53.4201684603815,e1e247680c27e6479d12add8da2ab72c,1111111111101111110011111000000110000001100000011101111111111111
image_03.jpeg,..\dataset\AI\gemini\2\image_03.jpeg,1,2,Gemini,reference_based,Yes,1,,,1080,280,RGB,JPEG,32.37890625,254.9830357142857,0.1305383290005139,241.13266865079365,53.86552714649544,140b0c7916dda792778f263e4affb1c5,1111111111011111100110111000000110000001100000011011111111111111
image_04.jpeg,..\dataset\AI\gemini\2\image_04.jpeg,1,2,Gemini,reference_based,Yes,1,,,1080,280,RGB,JPEG,36.78125,254.96276455026455,0.23074477439939658,238.39839285714285,58.68753974645015,4dda9025e27ac3f7c91fbb3ab5d9185b,1111111110011111100111101000000110000001100000011111111111111111
image_05.jpeg,..\dataset\AI\gemini\2\image_05.jpeg,1,2,Gemini,reference_based,Yes,1,,,1080,280,RGB,JPEG,36.7333984375,253.63645833333334,17.425161125062086,238.52944113756612,58.33873285343354,bc8b94d35db61052cf22365ae42c18aa,1111111110011111100011001000000110000001100000011111111111111111
image_06.jpeg,..\dataset\AI\gemini\2\image_06.jpeg,1,2,Gemini,reference_based,Yes,1,,,1080,280,RGB,JPEG,35.728515625,255.0,0.0,239.06131283068783,57.48241588153775,c028fbaaab3694679de4929e3cc9eb16,1111111110011111100111001000000110000001100000011111111111111111
image_07.jpeg,..\dataset\AI\gemini\2\image_07.jpeg,1,2,Gemini,reference_based,Yes,1,,,1080,280,RGB,JPEG,37.466796875,254.70124007936508,6.957948030148365,237.93334325396825,59.48602953346261,73f7ef2970be426f1e64d3b534a64be7,1111111110011111100000001000000110000001101111111111111111111111
image_08.jpeg,..\dataset\AI\gemini\2\image_08.jpeg,1,2,Gemini,reference_based,Yes,1,,,1080,280,RGB,JPEG,37.724609375,254.2788855820106,12.42152685114145,237.3073611111111,60.56061767143116,53f68f73265cd5194982f2d848ee64c7,1110111110011111100000001000000110000001100110111111111111111111
image_09.jpeg,..\dataset\AI\gemini\2\image_09.jpeg,1,2,Gemini,reference_based,Yes,1,,,1080,280,RGB,JPEG,33.48046875,254.95848214285715,0.2359388491837203,241.9816369047619,51.50241907009675,87897cd28ee0ab41f624ac2fdf51a252,1111111111011111100110001000000110000001100011111111111111111111
image_01.jpeg,..\dataset\AI\gemini\20\image_01.jpeg,1,20,Gemini,reference_based,Yes,1,,,1080,280,RGB,JPEG,38.8193359375,254.94943783068783,0.22812283507138947,238.78413029100528,57.19201446578868,684719c377225086cc0ae07f35e585c1,1111111111111111110101111111000110000000100000001000111111101111
image_02.jpeg,..\dataset\AI\gemini\20\image_02.jpeg,1,20,Gemini,reference_based,Yes,1,,,1080,280,RGB,JPEG,41.2314453125,254.98391203703704,0.12802855042073472,234.6563591269841,64.40680330838832,1f0ca3c70a2605e836ee604374951b19,1111111111111111111101111101000110000001100000011000101111111111
image_03.jpeg,..\dataset\AI\gemini\20\image_03.jpeg,1,20,Gemini,reference_based,Yes,1,,,1080,280,RGB,JPEG,41.81640625,254.98184523809525,0.13462089575011138,234.04599206349206,65.33592804266046,186af108694f9660fdfc5b47a9dff43a,1111111111111111111011110000000100000001100000011101111111111111
image_04.jpeg,..\dataset\AI\gemini\20\image_04.jpeg,1,20,Gemini,reference_based,Yes,1,,,1080,280,RGB,JPEG,40.8193359375,254.95891203703704,0.2055326193246038,235.21064153439153,63.61354954488505,2e690b796fce72ca6a6e1c526d69e702,1111111111110111111101111000000110000001100000111110111111111111
image_05.jpeg,..\dataset\AI\gemini\20\image_05.jpeg,1,20,Gemini,reference_based,Yes,1,,,1080,280,RGB,JPEG,39.8671875,255.0,0.0,235.20559523809524,63.65029555923497,c2bff441e40610a6963d918994fb651d,1111111111110111110101111000000110000001100000111110111111111111
image_06.jpeg,..\dataset\AI\gemini\20\image_06.jpeg,1,20,Gemini,reference_based,Yes,1,,,1080,280,RGB,JPEG,39.3876953125,255.0,0.0,235.15688492063492,63.81077824467008,b52d54590d1988d139b83f93a83f4bf2,1111111111101111100000110000000110000001100011111111111111111111
image_07.jpeg,..\dataset\AI\gemini\20\image_07.jpeg,1,20,Gemini,reference_based,Yes,1,,,1080,280,RGB,JPEG,40.462890625,254.92354497354498,0.29508966324329566,235.8078373015873,62.78089606559408,a262886bfe76884d1338cb7750e69bc0,1111111111010111100000011000000110000000101011111111111111111111
image_08.jpeg,..\dataset\AI\gemini\20\image_08.jpeg,1,20,Gemini,reference_based,Yes,1,,,1080,280,RGB,JPEG,41.6748046875,254.96058201058202,0.22449338589655926,234.40088293650794,64.97937486071412,40eb47e37c0431463b8e68b5e045149f,1111011111010111100000001000000110000001111011111111111111111111
image_09.jpeg,..\dataset\AI\gemini\20\image_09.jpeg,1,20,Gemini,reference_based,Yes,1,,,1080,280,RGB,JPEG,40.3232421875,254.96130952380952,0.2210583716259369,235.04623015873017,63.80975702514783,6c01f8a420ef9254dcd1dc85df74a599,1110111110101111000000011000000110000001110011111111111111111111
image_01.jpeg,..\dataset\AI\gemini\21\image_01.jpeg,1,21,Gemini,reference_based,Yes,1,,,1080,280,RGB,JPEG,41.74609375,254.53902116402116,9.433369361341079,237.82608134920636,58.326691121168324,bccc9bdc9be03625f3b192251c8fcce3,1111111111111111100010011000100110001001101100011111100111111111
image_02.jpeg,..\dataset\AI\gemini\21\image_02.jpeg,1,21,Gemini,reference_based,Yes,1,,,1080,280,RGB,JPEG,40.1025390625,254.59854497354496,9.099614678704116,238.41902116402116,57.341942961386074,876dcaa914ab6f0150d155ba391a275c,1111111111111111100010011000100110001001111100011111100111111111
image_03.jpeg,..\dataset\AI\gemini\21\image_03.jpeg,1,21,Gemini,reference_based,Yes,1,,,1080,280,RGB,JPEG,36.5166015625,254.60590277777777,8.76014877495416,241.21048611111112,52.45271432356192,e978007e97883a84565df7d89bb57531,1111111111111111100010011000100110001001101100011111100111111111
image_04.jpeg,..\dataset\AI\gemini\21\image_04.jpeg,1,21,Gemini,reference_based,Yes,1,,,1080,280,RGB,JPEG,39.5849609375,254.35421626984126,11.057049500878051,239.06734457671956,56.193668840451366,4711d8ef1835b613780f4a3b3d0f2066,1111111111111111100010011000100110001001101100011111100111111111
image_05.jpeg,..\dataset\AI\gemini\21\image_05.jpeg,1,21,Gemini,reference_based,Yes,1,,,1080,280,RGB,JPEG,37.75390625,254.52878637566138,9.510285683324065,240.29661375661377,53.95386872295227,2f8754e7e579be59c8b95a525ff1e952,1111111111111111100010011000100110000001111100011111100111111111
image_06.jpeg,..\dataset\AI\gemini\21\image_06.jpeg,1,21,Gemini,reference_based,Yes,1,,,1080,280,RGB,JPEG,39.029296875,254.4578373015873,10.358701008938178,239.66757936507938,55.092113933715595,455a72a21ed6e2f83b3e3c7fd5acb107,1111111111111111000000011000100110000011111100011111100111111111
image_07.jpeg,..\dataset\AI\gemini\21\image_07.jpeg,1,21,Gemini,reference_based,Yes,1,,,1080,280,RGB,JPEG,37.4267578125,254.9205853174603,0.6288054949864575,240.77684523809523,52.895673034396324,6d3aa4a9f77047bd1697084637bde514,1111111111111111100010011000100110000011111110011111110111111111
image_08.jpeg,..\dataset\AI\gemini\21\image_08.jpeg,1,21,Gemini,reference_based,Yes,1,,,1080,280,RGB,JPEG,37.767578125,254.96337632275132,0.211674734055039,240.7358167989418,53.02221400011861,3e105c72381e973523afc8bcc17223d2,1111111111111101100010011000100110000011111110011111111111111111
image_09.jpeg,..\dataset\AI\gemini\21\image_09.jpeg,1,21,Gemini,reference_based,Yes,1,,,1080,280,RGB,JPEG,38.7880859375,254.8460152116402,4.581512877401999,239.7888492063492,54.633965175448104,9d71a2f975ae3e7beabbf22e527651cc,1111111111011011100010011000100110010011111110011111111111111111
image_01.jpeg,..\dataset\AI\gemini\22\image_01.jpeg,1,22,Gemini,reference_based,Yes,1,,,1080,280,RGB,JPEG,34.2958984375,254.7664517195767,5.98098581438064,242.63162037037037,49.62508543720133,949bf6bc4e14e4741bf2fcf856db05b9,1111111111111111110011111000111110000000100000001001111111111111
image_02.jpeg,..\dataset\AI\gemini\22\image_02.jpeg,1,22,Gemini,reference_based,Yes,1,,,1080,280,RGB,JPEG,34.5068359375,254.98621031746032,0.11675870836132991,242.23460317460317,50.50123558890961,0e59e0ac0f924e55215ab61ef88c5028,1111111111111111110111111000000110000001100001011010111111111111
image_03.jpeg,..\dataset\AI\gemini\22\image_03.jpeg,1,22,Gemini,reference_based,Yes,1,,,1080,280,RGB,JPEG,39.1953125,253.36053240740742,18.128626069897045,240.0053373015873,54.25819115573286,033e1e07588169a9678e4c8d791aa326,1111111111111111110011111000000110000000001001010011111110111111
image_04.jpeg,..\dataset\AI\gemini\22\image_04.jpeg,1,22,Gemini,reference_based,Yes,1,,,1080,280,RGB,JPEG,35.1259765625,254.9737433862434,0.16835967975862728,242.68198743386245,49.12152880575,fbbfbabce5293f95fc7db410582d691f,1111111111101111100001111000000010000000101111111101111111111111
image_05.jpeg,..\dataset\AI\gemini\22\image_05.jpeg,1,22,Gemini,reference_based,Yes,1,,,1080,280,RGB,JPEG,31.740234375,255.0,0.0,242.59953373015873,50.31582569389856,660b0e79462bec73e7040a644fa48f2f,1111111111111111100011011000000110000001100111111111111111111111
image_06.jpeg,..\dataset\AI\gemini\22\image_06.jpeg,1,22,Gemini,reference_based,Yes,1,,,1080,280,RGB,JPEG,32.7861328125,254.99910714285716,0.032517746913393424,242.66267857142856,50.02413475682684,27eb85198652bec15523bb0fda62db34,1111111111011111100011011000000110000001101111111111111111111111
image_07.jpeg,..\dataset\AI\gemini\22\image_07.jpeg,1,22,Gemini,reference_based,Yes,1,,,1080,280,RGB,JPEG,32.7275390625,254.93002645502645,0.27650119231757686,242.81535714285715,49.84070240285559,3c7cab8e2d56abd0e77c36a0f02feb5c,1110111111001111100000001000000110010111110111111111111111111111
image_08.jpeg,..\dataset\AI\gemini\22\image_08.jpeg,1,22,Gemini,reference_based,Yes,1,,,1080,280,RGB,JPEG,33.5888671875,254.96352513227512,0.20451001425166276,242.18862433862435,51.11804844874347,c094d69994da5a7155422b8e1c0485d7,1110111111111111100000011000000110011111111111111111111111111111
image_09.jpeg,..\dataset\AI\gemini\22\image_09.jpeg,1,22,Gemini,reference_based,Yes,1,,,1080,280,RGB,JPEG,32.3046875,254.96185515873015,0.20872977562544057,242.55358465608467,50.31911123424388,136eedc3f9796f28058d2d81512896f6,1100111111001111100000011000000110011111101111111111111111111111
image_01.jpeg,..\dataset\AI\gemini\23\image_01.jpeg,1,23,Gemini,reference_based,Yes,1,,,1080,280,RGB,JPEG,64.8056640625,229.65929232804234,3.7447701134921627,217.37964285714287,47.02634820538189,210aa9534c5cd32a7b06fcb919ffd8c4,1111111111111111001011001000000110000001100010011100111111111111
image_02.jpeg,..\dataset\AI\gemini\23\image_02.jpeg,1,23,Gemini,reference_based,Yes,1,,,1080,280,RGB,JPEG,67.078125,234.66020171957672,11.814233835646322,223.0368716931217,48.16901546150966,4014a5b0b5ed78e7c837b6c2643fa5c9,1111111111111111100010001000000010000001110010011111111111111111
image_03.jpeg,..\dataset\AI\gemini\23\image_03.jpeg,1,23,Gemini,reference_based,Yes,1,,,1080,280,RGB,JPEG,60.3486328125,239.61645171957673,2.4235937617256216,229.00960317460317,41.45013842243902,ba99d36ea837e58d7c40480450ab7e02,1111111111111111100010001000000110000001100010011111111111111111
image_04.jpeg,..\dataset\AI\gemini\23\image_04.jpeg,1,23,Gemini,reference_based,Yes,1,,,1080,280,RGB,JPEG,64.7373046875,227.0355324074074,4.336591877810327,214.65780753968255,48.054782632090394,bb7edd0681778a5f1c4ff30113c8ae5b,1111111111111111100000001000000110000001100011111111111111111111
image_05.jpeg,..\dataset\AI\gemini\23\image_05.jpeg,1,23,Gemini,reference_based,Yes,1,,,1080,280,RGB,JPEG,67.8505859375,232.5442294973545,8.910498614022986,220.93951388888888,48.23021521361952,078f0afd609ec8d3bf0edf30174983b9,1111111111111111100000001000000110000001111011111111111111111111
image_06.jpeg,..\dataset\AI\gemini\23\image_06.jpeg,1,23,Gemini,reference_based,Yes,1,,,1080,280,RGB,JPEG,60.8984375,237.31068121693121,5.465476514509278,227.12987433862435,42.41021364341974,3fad70494b2988e4eef349ccb1d23ca7,1111111111111111100000001000000110000001111011111111111111111111
image_07.jpeg,..\dataset\AI\gemini\23\image_07.jpeg,1,23,Gemini,reference_based,Yes,1,,,1080,280,RGB,JPEG,66.509765625,221.8609126984127,17.02466794811873,210.5671560846561,49.03479592044576,954589399745a2f6da06a56daeb29378,1111111110111000100000011000000110001001111111111111111111111111
image_08.jpeg,..\dataset\AI\gemini\23\image_08.jpeg,1,23,Gemini,reference_based,Yes,1,,,1080,280,RGB,JPEG,68.0283203125,229.29231150793652,14.451866163097572,217.89587962962963,49.44302964132047,33b91c651b7dcb1e604c5eb8e38b3690,1111111111111100100000001000000110001001111011111111111111111111
image_09.jpeg,..\dataset\AI\gemini\23\image_09.jpeg,1,23,Gemini,reference_based,Yes,1,,,1080,280,RGB,JPEG,61.7138671875,235.50543981481482,2.4237110327593805,224.61214285714286,44.41169717470009,b8838d34ea9f3fa828cfd06ffb396080,1111111110111100100000011000000110000001111111111111111111111111
image_01.jpeg,..\dataset\AI\gemini\24\image_01.jpeg,1,24,Gemini,reference_based,Yes,1,,,1080,280,RGB,JPEG,67.4248046875,236.96326058201058,15.598657882279273,222.00905423280423,56.087535374359916,5b78e383ad64830c10c10ee214e0edb5,1111111111111111110111110000000010000000101000111111111111111111
image_02.jpeg,..\dataset\AI\gemini\24\image_02.jpeg,1,24,Gemini,reference_based,Yes,1,,,1080,280,RGB,JPEG,69.6826171875,240.16162367724868,1.5581069383701043,221.587166005291,60.151896089364655,ef8885eceb12c542f78eb86c35245c82,1111111111111111101111111000000100000001100000011110111111111111
image_03.jpeg,..\dataset\AI\gemini\24\image_03.jpeg,1,24,Gemini,reference_based,Yes,1,,,1080,280,RGB,JPEG,66.7626953125,240.31569113756615,11.549398955013388,222.36017526455026,58.96506481261193,82f6b7693e7e182b79834e78202ff86f,1111111111111111101111110000000100000001000000111111111111111111
image_04.jpeg,..\dataset\AI\gemini\24\image_04.jpeg,1,24,Gemini,reference_based,Yes,1,,,1080,280,RGB,JPEG,68.3515625,238.16626984126984,1.7424344707499466,218.70890211640213,61.67045068922913,f376baf26b6b658ea74f11f0ae4c0d53,1111111111011111100111011000000010000001100010111111111111111111
image_05.jpeg,..\dataset\AI\gemini\24\image_05.jpeg,1,24,Gemini,reference_based,Yes,1,,,1080,280,RGB,JPEG,68.4130859375,239.81198743386244,1.3933961138171809,221.18168650793652,60.279694810233984,d3f854d6662372923a6d72bc29e648e6,1111111111111111100111011000000110000001100010111111111111111111
image_06.jpeg,..\dataset\AI\gemini\24\image_06.jpeg,1,24,Gemini,reference_based,Yes,1,,,1080,280,RGB,JPEG,68.263671875,239.2907738095238,11.64254340742655,223.39093584656084,55.54833394398282,ae33ed182473563e4acc7347f0fe7e58,1111111111111111101110010000000100000001010010111111111111111111
image_07.jpeg,..\dataset\AI\gemini\24\image_07.jpeg,1,24,Gemini,reference_based,Yes,1,,,1080,280,RGB,JPEG,67.4697265625,237.32529761904763,1.802583457268376,219.14260912698413,60.03806175307021,8a734930c11393ec6fb56a4d0c59e757,1111111111011111100000001000000010000001111011111111111111111111
image_08.jpeg,..\dataset\AI\gemini\24\image_08.jpeg,1,24,Gemini,reference_based,Yes,1,,,1080,280,RGB,JPEG,69.04296875,239.02872023809525,1.373364304546728,222.62645833333335,56.643238507410494,2e56529d52072f5ff26c4e7c7aa2d6cc,1111111111011111100000011000000110000011111011111111111111111111
image_09.jpeg,..\dataset\AI\gemini\24\image_09.jpeg,1,24,Gemini,reference_based,Yes,1,,,1080,280,RGB,JPEG,66.9541015625,238.39900793650793,12.050155010965495,220.6160515873016,59.233394947467175,ffe673d4230b890a8cfc401ea22d9bcc,1111111110111111000000010000000100000011111111111111111111111111
image_01.jpeg,..\dataset\AI\gemini\25\image_01.jpeg,1,25,Gemini,reference_based,Yes,1,,,1080,280,RGB,JPEG,65.546875,212.76284722222223,2.511611650674086,201.33167328042327,42.11098313079927,30da0e4c9f3339ba832149cfb631fdd9,1111111111111111111111110000000000000000100101011101111111111111
image_02.jpeg,..\dataset\AI\gemini\25\image_02.jpeg,1,25,Gemini,reference_based,Yes,1,,,1080,280,RGB,JPEG,64.5400390625,215.1525958994709,1.5613696569840152,203.22266203703703,43.638578165302555,7c2f8deb69020f1262ac2d5423c3a42a,1111111111111111111111111000000110000001100010011111111111111111
image_03.jpeg,..\dataset\AI\gemini\25\image_03.jpeg,1,25,Gemini,reference_based,Yes,1,,,1080,280,RGB,JPEG,66.208984375,212.9614417989418,9.793226051339996,201.59511243386243,42.98309916017323,2e67a3420649ee2b37444f7124907b16,1111111111111111111111110000000000000001011010011111111111111111
image_04.jpeg,..\dataset\AI\gemini\25\image_04.jpeg,1,25,Gemini,reference_based,Yes,1,,,1080,280,RGB,JPEG,66.70703125,209.57324735449737,10.572996384654962,198.1000396825397,43.55050220217807,db23de1e6591e66500a61a606647042a,1111111111111111111111001000000010000000100111111111111111111111
image_05.jpeg,..\dataset\AI\gemini\25\image_05.jpeg,1,25,Gemini,reference_based,Yes,1,,,1080,280,RGB,JPEG,66.21484375,212.3979332010582,1.9294258784430218,200.19707671957673,45.70583793219485,83975e0dc171669911773bf37c20e3fe,1111111111111111111110011000000010000001101111011111111111111111
image_06.jpeg,..\dataset\AI\gemini\25\image_06.jpeg,1,25,Gemini,reference_based,Yes,1,,,1080,280,RGB,JPEG,67.48828125,210.6256283068783,3.4462604246856148,197.63671626984126,45.55314747818747,5c9dd3166fc5bc0afb4a8c019678d1f2,1111111111111111101010010000000100000001001111111111111111111111
image_07.jpeg,..\dataset\AI\gemini\25\image_07.jpeg,1,25,Gemini,reference_based,Yes,1,,,1080,280,RGB,JPEG,66.9716796875,206.82685185185184,8.591432448534684,194.7160582010582,45.0764958881252,a2365d597c7b379c0031868309205714,1111111111111111100000001000000010000100100111111111111111111111
image_08.jpeg,..\dataset\AI\gemini\25\image_08.jpeg,1,25,Gemini,reference_based,Yes,1,,,1080,280,RGB,JPEG,67.1865234375,209.18349867724868,1.840873436153273,196.82947751322752,45.74025508574496,83b7e297a4de9fd00b14a1396395f7a4,1111111111111111100000001000000110000001100111111111111111111111
image_09.jpeg,..\dataset\AI\gemini\25\image_09.jpeg,1,25,Gemini,reference_based,Yes,1,,,1080,280,RGB,JPEG,66.888671875,207.3197585978836,2.6311096337264215,195.29023478835978,44.51827889713834,55fcf042f9f12b6a16b5337785198485,1111111111111111000000000000000100000001101111111111111111111111
image_01.jpeg,..\dataset\AI\gemini\26\image_01.jpeg,1,26,Gemini,reference_based,Yes,1,,,1080,280,RGB,JPEG,69.98046875,226.33270502645502,5.662509138740876,209.71375,54.968348685710005,2636783518769877de346a70e85bd0b8,1111111111111111000000011000000011100000111111011110000011111111
image_02.jpeg,..\dataset\AI\gemini\26\image_02.jpeg,1,26,Gemini,reference_based,Yes,1,,,1080,280,RGB,JPEG,69.080078125,227.20171957671957,12.38595262544958,212.3636474867725,54.12626881147872,f7f917b013bd80881ba0cb8783696451,1111111111111111001100110000000110000001011110111110000111111111
image_03.jpeg,..\dataset\AI\gemini\26\image_03.jpeg,1,26,Gemini,reference_based,Yes,1,,,1080,280,RGB,JPEG,70.748046875,223.40329034391533,28.5335208353891,211.53201388888888,52.9575356512534,5ebe8e40e5ee8615169722c2c8075fb9,1111111111111111000000110000000111001001111110011100000111111111
image_04.jpeg,..\dataset\AI\gemini\26\image_04.jpeg,1,26,Gemini,reference_based,Yes,1,,,1080,280,RGB,JPEG,68.26953125,223.62463624338625,9.992648167234556,207.57879960317462,55.035558920110866,9b52c1dab1598e10c2ff1ed403e1a305,1111111111111111000000011000000010100001111110011110001011111111
image_05.jpeg,..\dataset\AI\gemini\26\image_05.jpeg,1,26,Gemini,reference_based,Yes,1,,,1080,280,RGB,JPEG,69.7236328125,225.17675264550263,1.6831747637653671,209.38584325396826,54.082553348588704,0173c15d8914f4960a67c1c5de299a03,1111111111111111000000010000000110100001111110011110000111111111
image_06.jpeg,..\dataset\AI\gemini\26\image_06.jpeg,1,26,Gemini,reference_based,Yes,1,,,1080,280,RGB,JPEG,71.4697265625,221.50539021164022,26.243147960200247,207.29736441798943,56.468399211026195,6b2370d112b1ffbc13e9630fa9325bd0,1111111111111111000000000000000001111101110000001101111111111111
image_07.jpeg,..\dataset\AI\gemini\26\image_07.jpeg,1,26,Gemini,reference_based,Yes,1,,,1080,280,RGB,JPEG,68.3857421875,219.9986111111111,16.40310347545681,204.28852182539683,56.177225814934026,58e1a37504dd5dc05e81df74a3ac62ec,1111111111111101100000001000000011111101111100001110111111111111
image_08.jpeg,..\dataset\AI\gemini\26\image_08.jpeg,1,26,Gemini,reference_based,Yes,1,,,1080,280,RGB,JPEG,69.384765625,222.8589451058201,2.119369527495518,206.04502645502646,55.864018898920826,c7f892a9f2a2075c9b16d3ba6fae7607,1111111111111101000000011000000111111011111100001110111111111111
image_09.jpeg,..\dataset\AI\gemini\26\image_09.jpeg,1,26,Gemini,reference_based,Yes,1,,,1080,280,RGB,JPEG,68.2646484375,222.18573082010582,13.693729668613514,206.1883763227513,55.95767427257808,a4d9d5dbec64e2b7416ee65aec677af1,1111111111000001000000010000000101111011110000011111111111111111
image_01.jpeg,..\dataset\AI\gemini\27\image_01.jpeg,1,27,Gemini,reference_based,Yes,1,,,1080,280,RGB,JPEG,62.6728515625,239.7703373015873,1.7247420687418618,227.46941468253968,47.5387460712882,35549698a1e31953ae65eed792b63be0,1111111111111111110111111001000010000000100000001110111111111111
image_02.jpeg,..\dataset\AI\gemini\27\image_02.jpeg,1,27,Gemini,reference_based,Yes,1,,,1080,280,RGB,JPEG,62.77734375,240.98893849206348,4.227116263163509,229.31599867724867,46.64855678220316,7a2a362f605705b6b3982fa517abef07,1111111111111111110111110000000000000001100010011110111111111111
image_03.jpeg,..\dataset\AI\gemini\27\image_03.jpeg,1,27,Gemini,reference_based,Yes,1,,,1080,280,RGB,JPEG,61.6591796875,237.91347552910054,17.438781915787917,227.93896164021163,46.43964932694518,ed4b446b63d62d0bc2c21729e2ed7d50,1111111111111111101111110010000000000001100010011110111111111111
image_04.jpeg,..\dataset\AI\gemini\27\image_04.jpeg,1,27,Gemini,reference_based,Yes,1,,,1080,280,RGB,JPEG,62.20703125,237.029083994709,12.295174937360565,225.44132605820107,47.43100575961419,ee8d2a19887270649cda26bbd83e7f58,1111111111011111110111000000000010000000111001011111111111111111
image_05.jpeg,..\dataset\AI\gemini\27\image_05.jpeg,1,27,Gemini,reference_based,Yes,1,,,1080,280,RGB,JPEG,63.7451171875,238.7076058201058,1.764608814412598,227.29857142857142,46.91869397713485,f08381a608026fa55bc8d46c004999d4,1111111111011111100111010000000110000001111011111111111111111111
image_06.jpeg,..\dataset\AI\gemini\27\image_06.jpeg,1,27,Gemini,reference_based,Yes,1,,,1080,280,RGB,JPEG,62.4482421875,236.58334986772488,14.329122116523331,225.55183531746033,46.98772465364033,a96dd00571a7f30a9ddb41b94a02852d,1111111110111111001100010000000110001001111010111111111111111111
image_07.jpeg,..\dataset\AI\gemini\27\image_07.jpeg,1,27,Gemini,reference_based,Yes,1,,,1080,280,RGB,JPEG,61.873046875,235.12294973544974,9.888128994039493,223.9148148148148,47.260362642304266,fc7a19237a1e562eaf96dfeb4c4b14da,1101111111011111000000001000000010100101111111111111111111111111
image_08.jpeg,..\dataset\AI\gemini\27\image_08.jpeg,1,27,Gemini,reference_based,Yes,1,,,1080,280,RGB,JPEG,63.4755859375,236.0397156084656,1.4382034919304083,224.25445767195768,47.44867304830035,ca90082dfdbb6f68d743e675eea1a7a6,1101111111011111000000001000000110100101111111111111111111111111
image_09.jpeg,..\dataset\AI\gemini\27\image_09.jpeg,1,27,Gemini,reference_based,Yes,1,,,1080,280,RGB,JPEG,62.1474609375,234.8233630952381,13.528751465039852,223.9462037037037,46.941061521360545,fa6b38e418ee9af529a925c307ec1715,1111111111111111000000000000000111101001111011111111111111111111
image_01.jpeg,..\dataset\AI\gemini\28\image_01.jpeg,1,28,Gemini,reference_based,Yes,1,,,1080,280,RGB,JPEG,65.7109375,236.36960978835978,16.145454164923645,218.7986541005291,60.490129000704634,940e2570147532f8264c910154ab3ecd,1111111111101111101001111000000110001001100010011100111111111111
image_02.jpeg,..\dataset\AI\gemini\28\image_02.jpeg,1,28,Gemini,reference_based,Yes,1,,,1080,280,RGB,JPEG,63.1689453125,237.3091931216931,3.0022866302741744,219.0505257936508,59.58232497249753,1e5fe628d9073a1b6d9d3dde5a0157a0,1111111111101111101001111000000110000001100000011111111111111111
image_03.jpeg,..\dataset\AI\gemini\28\image_03.jpeg,1,28,Gemini,reference_based,Yes,1,,,1080,280,RGB,JPEG,66.126953125,238.27554563492063,2.4555204245652567,213.37203373015873,66.53737736245692,0860f407944d5018f6398b8f1d0daaeb,1111111111101111101001011000000110000001100000011111111111111111
image_04.jpeg,..\dataset\AI\gemini\28\image_04.jpeg,1,28,Gemini,reference_based,Yes,1,,,1080,280,RGB,JPEG,67.4501953125,234.6357638888889,2.666093820875751,210.14492724867725,69.15082464441508,654a643a6aaf8ce59f48c61d792ebe3a,1111111111101111100001011000000110000001100000011111111111111111
image_05.jpeg,..\dataset\AI\gemini\28\image_05.jpeg,1,28,Gemini,reference_based,Yes,1,,,1080,280,RGB,JPEG,59.15625,234.46896494708994,2.8116459526506903,225.40486441798942,38.989105071806925,94d8102f9490188012af0f58c91e7281,1111111111101111101001011000000110000001100000011111111111111111
image_06.jpeg,..\dataset\AI\gemini\28\image_06.jpeg,1,28,Gemini,reference_based,Yes,1,,,1080,280,RGB,JPEG,65.45703125,235.2961474867725,2.5300531655630665,216.14416335978837,60.894180436009755,206e4650d4b7fe6e1a96fd4ed1520c8f,1111111111101111100000011000000110000001100010011111111111111111
image_07.jpeg,..\dataset\AI\gemini\28\image_07.jpeg,1,28,Gemini,reference_based,Yes,1,,,1080,280,RGB,JPEG,63.9365234375,231.15737433862435,3.1480134384319016,212.64462632275132,60.54054625318618,03af804f6c2ad2656c3b6c3293e1532f,1111111111111111100000011000000110000001100011111101111111111111
image_08.jpeg,..\dataset\AI\gemini\28\image_08.jpeg,1,28,Gemini,reference_based,Yes,1,,,1080,280,RGB,JPEG,62.7119140625,230.81352513227515,5.951811193980061,215.0754332010582,55.95479326973367,bbef678df8e32db179eed463771821cf,1110111111111111100000011000000110000001100011111111111111111111
image_09.jpeg,..\dataset\AI\gemini\28\image_09.jpeg,1,28,Gemini,reference_based,Yes,1,,,1080,280,RGB,JPEG,66.716796875,230.24414682539683,16.923798699862534,210.44380952380953,64.24418172066967,dc946d4fced7417d63b24e39f2bed5dc,1110111111101111100000011000000110000001111110011111101111111111
image_01.jpeg,..\dataset\AI\gemini\29\image_01.jpeg,1,29,Gemini,reference_based,Yes,1,,,1080,280,RGB,JPEG,64.099609375,232.98748346560848,4.113103184612112,221.83839947089947,46.71023939816701,cd7a027902431eb7de5d3be892c63630,1111111111111111100111111000000010000001100000011001111111111111
image_02.jpeg,..\dataset\AI\gemini\29\image_02.jpeg,1,29,Gemini,reference_based,Yes,1,,,1080,280,RGB,JPEG,62.4072265625,234.26471560846562,3.90908144071299,221.9368187830688,48.396815756096956,7d7bc6b7e010d89425b050d954d52227,1111111111011111100111111000000110000001100000011001101111111111
image_03.jpeg,..\dataset\AI\gemini\29\image_03.jpeg,1,29,Gemini,reference_based,Yes,1,,,1080,280,RGB,JPEG,62.537109375,233.14750330687832,2.2912269527620217,221.00892526455027,48.03281536843286,7bf41fe51732602f1ff8671aec1e3499,1111111111111111100111110000000100000001000000111011111111111111
image_04.jpeg,..\dataset\AI\gemini\29\image_04.jpeg,1,29,Gemini,reference_based,Yes,1,,,1080,280,RGB,JPEG,63.572265625,229.63070436507937,2.142272558024432,216.88353505291005,49.277949567343015,a7080c0c6f95ad3f5a314783f69510a3,1111111111011111100000001000000110000001100000111011111111111111
image_05.jpeg,..\dataset\AI\gemini\29\image_05.jpeg,1,29,Gemini,reference_based,Yes,1,,,1080,280,RGB,JPEG,62.94140625,230.6863095238095,1.8194398898179132,217.5695667989418,49.59331640608043,f7da8f090914544cc0be176785ad8ed6,1111111111011111100000011000000110000001100000111111111111111111
image_06.jpeg,..\dataset\AI\gemini\29\image_06.jpeg,1,29,Gemini,reference_based,Yes,1,,,1080,280,RGB,JPEG,64.1396484375,229.23715277777777,6.140400837802137,216.8737400793651,48.49588103213751,8b47802ee9d9889871d9be41bbc1bdc6,1111111111011111100000011000000110000001100001111111111111111111
image_07.jpeg,..\dataset\AI\gemini\29\image_07.jpeg,1,29,Gemini,reference_based,Yes,1,,,1080,280,RGB,JPEG,62.2734375,225.98169642857144,2.3171374491188343,214.19126322751322,47.79658534345527,a727d0bc8ccb849223a70a618914cbde,1101111110000000100000011000000110000111100111111111111111111111
image_08.jpeg,..\dataset\AI\gemini\29\image_08.jpeg,1,29,Gemini,reference_based,Yes,1,,,1080,280,RGB,JPEG,62.6103515625,225.55717592592592,13.413804958071259,214.12343584656085,48.59412889907081,e2aeacafcc681dccdafa4fb0e7ec0574,1101111110000000100000011000000110000011110111111111111111111111
image_09.jpeg,..\dataset\AI\gemini\29\image_09.jpeg,1,29,Gemini,reference_based,Yes,1,,,1080,280,RGB,JPEG,63.482421875,223.20719246031746,19.01380584434647,213.1395601851852,48.089529776711146,eebd7fefb6455aaec13a188b68f87f10,1101111110000001100000011000000110111011111111111111111111111111
image_01.jpeg,..\dataset\AI\gemini\3\image_01.jpeg,1,3,Gemini,reference_based,Yes,1,,,1080,280,RGB,JPEG,36.70703125,252.60362103174603,22.746447411071408,240.75438492063492,53.85408745306247,d87680742f39a3af215a039dfcf7b618,1111111111011111110111111000000010000001100000011111100111111111
image_02.jpeg,..\dataset\AI\gemini\3\image_02.jpeg,1,3,Gemini,reference_based,Yes,1,,,1080,280,RGB,JPEG,31.8349609375,254.8066798941799,6.05658626001855,241.3713888888889,53.4201684603815,e1e247680c27e6479d12add8da2ab72c,1111111111101111110011111000000110000001100000011101111111111111
image_03.jpeg,..\dataset\AI\gemini\3\image_03.jpeg,1,3,Gemini,reference_based,Yes,1,,,1080,280,RGB,JPEG,32.37890625,254.9830357142857,0.1305383290005139,241.13266865079365,53.86552714649544,140b0c7916dda792778f263e4affb1c5,1111111111011111100110111000000110000001100000011011111111111111
image_04.jpeg,..\dataset\AI\gemini\3\image_04.jpeg,1,3,Gemini,reference_based,Yes,1,,,1080,280,RGB,JPEG,36.78125,254.96276455026455,0.23074477439939658,238.39839285714285,58.68753974645015,4dda9025e27ac3f7c91fbb3ab5d9185b,1111111110011111100111101000000110000001100000011111111111111111
image_05.jpeg,..\dataset\AI\gemini\3\image_05.jpeg,1,3,Gemini,reference_based,Yes,1,,,1080,280,RGB,JPEG,36.7333984375,253.63645833333334,17.425161125062086,238.52944113756612,58.33873285343354,bc8b94d35db61052cf22365ae42c18aa,1111111110011111100011001000000110000001100000011111111111111111
image_06.jpeg,..\dataset\AI\gemini\3\image_06.jpeg,1,3,Gemini,reference_based,Yes,1,,,1080,280,RGB,JPEG,35.728515625,255.0,0.0,239.06131283068783,57.48241588153775,c028fbaaab3694679de4929e3cc9eb16,1111111110011111100111001000000110000001100000011111111111111111
image_07.jpeg,..\dataset\AI\gemini\3\image_07.jpeg,1,3,Gemini,reference_based,Yes,1,,,1080,280,RGB,JPEG,37.466796875,254.70124007936508,6.957948030148365,237.93334325396825,59.48602953346261,73f7ef2970be426f1e64d3b534a64be7,1111111110011111100000001000000110000001101111111111111111111111
image_08.jpeg,..\dataset\AI\gemini\3\image_08.jpeg,1,3,Gemini,reference_based,Yes,1,,,1080,280,RGB,JPEG,37.724609375,254.2788855820106,12.42152685114145,237.3073611111111,60.56061767143116,53f68f73265cd5194982f2d848ee64c7,1110111110011111100000001000000110000001100110111111111111111111
image_09.jpeg,..\dataset\AI\gemini\3\image_09.jpeg,1,3,Gemini,reference_based,Yes,1,,,1080,280,RGB,JPEG,33.48046875,254.95848214285715,0.2359388491837203,241.9816369047619,51.50241907009675,87897cd28ee0ab41f624ac2fdf51a252,1111111111011111100110001000000110000001100011111111111111111111
image_01.jpeg,..\dataset\AI\gemini\30\image_01.jpeg,1,30,Gemini,reference_based,Yes,1,,,960,373,RGB,JPEG,27.7666015625,235.60537460209187,31.19776412964419,225.08896056747096,53.61205835910433,6c563e305578aa1653ff9ae7c4463cdc,1111111111111111111001111100011110000000100000001111100111111111
image_02.jpeg,..\dataset\AI\gemini\30\image_02.jpeg,1,30,Gemini,reference_based,Yes,1,,,960,373,RGB,JPEG,29.1748046875,232.04931218735788,46.34955315704752,228.43675435656837,52.00494407467634,9f3c0cb54de197c620319da12f691481,1111111111111111111001111110001101000000010000001111111111111111
image_03.jpeg,..\dataset\AI\gemini\30\image_03.jpeg,1,30,Gemini,reference_based,Yes,1,,,960,373,RGB,JPEG,28.111328125,241.8700545702592,15.253551768731425,231.0944900580876,44.93595034493905,63f2d216c032feff9fa573d32327b287,1111111111111111110011111000010110000000100000001111111111111111
image_04.jpeg,..\dataset\AI\gemini\30\image_04.jpeg,1,30,Gemini,reference_based,Yes,1,,,960,373,RGB,JPEG,25.171875,243.73709640745793,1.4818530704192223,232.43147899910633,43.165638846599755,b2c6ba842cd98a2a1202f327b6e69b44,1111111111111111110011111000100100000001100000011111111111111111
image_05.jpeg,..\dataset\AI\gemini\30\image_05.jpeg,1,30,Gemini,reference_based,Yes,1,,,960,372,RGB,JPEG,29.83984375,232.30228255919855,31.918847059585953,221.4240479390681,55.448405543324554,efd44dc66ffd057fcc1b7ce043c7fe7b,1111111111100111110001101000000010000000111110111111111111111111
image_06.jpeg,..\dataset\AI\gemini\30\image_06.jpeg,1,30,Gemini,reference_based,Yes,1,,,960,372,RGB,JPEG,30.6220703125,233.8784579918033,31.42982027353004,226.3949232750896,49.076327298262484,49bc09b83afa394468a52ed09c998b90,1111111111100111110001101000000011000000111111111111111111111111
image_07.jpeg,..\dataset\AI\gemini\30\image_07.jpeg,1,30,Gemini,reference_based,Yes,1,,,960,372,RGB,JPEG,29.6826171875,238.57388433515482,15.815125780266118,226.19691140232976,50.33062678517624,9541e7f3348dad1d3a40ddb97ecb1904,1111111111101111110001001000000010000001111111111111111111111111
image_08.jpeg,..\dataset\AI\gemini\30\image_08.jpeg,1,30,Gemini,reference_based,Yes,1,,,960,372,RGB,JPEG,27.001953125,240.40613615664844,1.573645920266727,228.33005992383514,47.84281442026456,a4b36c0e3a309a08968e10415a685c7b,1111111111001111000000000000000110000001111110111111111111111111
image_09.jpeg,..\dataset\AI\gemini\30\image_09.jpeg,1,30,Gemini,reference_based,Yes,1,,,960,373,RGB,JPEG,30.4072265625,229.05847828558436,33.39127021348839,219.27819202412869,54.98196249694445,c13f58228d1fc2edd24be4c702cbab20,1111111111000111100000001000000011110001111111111111111111111111
image_10.jpeg,..\dataset\AI\gemini\30\image_10.jpeg,1,30,Gemini,reference_based,Yes,1,,,960,373,RGB,JPEG,31.861328125,230.9112238517508,32.976491450657996,221.50199955317248,54.07452771922464,b3cdc54192c3c380fa987ce241269768,1110011111100111100000001000000011111011111111111111111111111111
image_11.jpeg,..\dataset\AI\gemini\30\image_11.jpeg,1,30,Gemini,reference_based,Yes,1,,,960,373,RGB,JPEG,31.6103515625,235.39792235106867,17.76543195788321,224.86107015192135,47.73809841542045,43e5154c46416d97c63a74332f6019cb,1100111111000100100000001000000011111011111111111111111111111111
image_12.jpeg,..\dataset\AI\gemini\30\image_12.jpeg,1,30,Gemini,reference_based,Yes,1,,,960,373,RGB,JPEG,28.16796875,237.53127842201002,8.790230353810395,225.24874888293118,48.05598513532496,778a02554603502295f6ba7eb0ea8535,1100111110001001000000011000000111110011111111111111111111111111
image_01.jpeg,..\dataset\AI\gemini\31\image_01.jpeg,1,31,Gemini,reference_based,Yes,1,,,960,373,RGB,JPEG,26.068359375,229.38739199636197,16.448517917274412,215.02494693923146,53.878107568569355,fb7ccaf81e559a5fb32f12985a18fd1f,1111111111111111110111001000110010000000100000001111111111111111
image_02.jpeg,..\dataset\AI\gemini\31\image_02.jpeg,1,31,Gemini,reference_based,Yes,1,,,960,373,RGB,JPEG,26.9130859375,228.49329240563893,22.02232476633961,215.32071883378015,52.864647685248244,e1f280d4f683c2b0ef68d98081fa7419,1111111111111111110011101000110010000000100000001111111111111111
image_03.jpeg,..\dataset\AI\gemini\31\image_03.jpeg,1,31,Gemini,reference_based,Yes,1,,,960,373,RGB,JPEG,26.779296875,229.5818980218281,13.8349560433453,215.33380250223414,52.114623842533405,47a9ec5573f0cc7a0b1d61d55d519e0c,1111111111111111110111011000100010000000100000011111111111111111
image_04.jpeg,..\dataset\AI\gemini\31\image_04.jpeg,1,31,Gemini,reference_based,Yes,1,,,960,373,RGB,JPEG,26.0888671875,229.23158253751706,5.5823551881317774,214.90697888739948,51.051268895618755,dd7e209cc734b7fa67d2bb5a2e908fef,1111111111111111110110010000000100000001100000011111111111111111
image_05.jpeg,..\dataset\AI\gemini\31\image_05.jpeg,1,31,Gemini,reference_based,Yes,1,,,960,374,RGB,JPEG,26.193359375,224.75327826975476,22.697053693128748,212.156873885918,52.8417055998364,5753a05d3dfa812a3c83f876e6c18f06,1111111111001110110011001000000010000000111111111111111111111111
image_06.jpeg,..\dataset\AI\gemini\31\image_06.jpeg,1,31,Gemini,reference_based,Yes,1,,,960,374,RGB,JPEG,27.1044921875,225.303985013624,23.592214118197283,213.1181539661319,52.36946023801162,b6680baa6de7ed4105ca06d2764a165d,1111111111101110110000001000000011000000111111111111111111111111
image_07.jpeg,..\dataset\AI\gemini\31\image_07.jpeg,1,31,Gemini,reference_based,Yes,1,,,960,374,RGB,JPEG,26.6552734375,225.689628746594,20.17048849449349,212.9674688057041,51.902740956676574,af814b66afcb1d5d71b52afe23db0e07,1111111111011101100000001000000010000000111111111111111111111111
image_08.jpeg,..\dataset\AI\gemini\31\image_08.jpeg,1,31,Gemini,reference_based,Yes,1,,,960,374,RGB,JPEG,24.8486328125,226.64843040417801,1.8230798379133575,212.84698083778966,49.72048859580439,2bacd3a947c4f45a6527334660ef0902,1111111111011001100000011000000110000001111111111111111111111111
image_09.jpeg,..\dataset\AI\gemini\31\image_09.jpeg,1,31,Gemini,reference_based,Yes,1,,,960,373,RGB,JPEG,26.396484375,219.1824693042292,31.437034897009855,209.13595565236818,52.49393120672154,8e25a7788e330a7bf0ea504ecb33dab7,1110111011101110100000001000000011111011111111111111111111111111
image_10.jpeg,..\dataset\AI\gemini\31\image_10.jpeg,1,31,Gemini,reference_based,Yes,1,,,960,373,RGB,JPEG,26.71484375,215.92795020463848,40.95060896697449,210.41702692135834,51.887646201976985,8c5f927f6da4ff55f584ad10ff309b39,1110111011000000100000001100000011111111111111111111111111111111
image_11.jpeg,..\dataset\AI\gemini\31\image_11.jpeg,1,31,Gemini,reference_based,Yes,1,,,960,373,RGB,JPEG,26.751953125,221.36475386539337,24.279413552307343,210.2914739722967,51.31274999476592,bd4a7ec027fbab49a466ed1bc93f6395,1110110111000000100000001000000011111111111111111111111111111111
image_12.jpeg,..\dataset\AI\gemini\31\image_12.jpeg,1,31,Gemini,reference_based,Yes,1,,,960,373,RGB,JPEG,25.693359375,223.4217257844475,4.044767927843109,210.12326575067024,49.61920106596073,68e80f89111f23fe86ad1e19db48d100,1101101110011001000000011000000111110111111111111111111111111111
image_01.jpeg,..\dataset\AI\gemini\32\image_01.jpeg,1,32,Gemini,reference_based,Yes,1,,,494,181,RGB,JPEG,9.705078125,224.80830489192263,13.523922232593241,211.69726217370882,48.02383870921936,de02c067160add7f2507313ab96f0c9c,1111111111111111111111001000000010000101110000111110011111111111
image_02.jpeg,..\dataset\AI\gemini\32\image_02.jpeg,1,32,Gemini,reference_based,Yes,1,,,494,181,RGB,JPEG,10.8173828125,222.75932878270763,28.24967175912444,210.89256715950523,50.86875171811502,5f92aab7198ab6e8eb37c636e227df33,1111111111111111011111111100000011000000111010111110001111111111
image_03.jpeg,..\dataset\AI\gemini\32\image_03.jpeg,1,32,Gemini,reference_based,Yes,1,,,493,181,RGB,JPEG,10.6474609375,225.9377633526933,16.788798006082462,212.29639259018523,49.141371078912854,fc88d00e3bdcc759e76060912167148e,1111111111111111011111101000000110000001110001111100001111001111
image_04.jpeg,..\dataset\AI\gemini\32\image_04.jpeg,1,32,Gemini,reference_based,Yes,1,,,494,181,RGB,JPEG,10.029296875,227.51109215017064,1.6472964894514543,213.17410025275683,46.73092067528749,a4252212768eaec1f61e546ffec28c9e,1111111111111111110001000000000100001001100000111100111111111111
image_05.jpeg,..\dataset\AI\gemini\32\image_05.jpeg,1,32,Gemini,reference_based,Yes,1,,,494,182,RGB,JPEG,9.8544921875,222.97401860676197,14.659527718270146,210.61220358588778,47.355782885880316,46bba000d187bbaf2101b2d26d4afff8,1111111111111111110000001000000010000001111010111111111111111111
image_06.jpeg,..\dataset\AI\gemini\32\image_06.jpeg,1,32,Gemini,reference_based,Yes,1,,,494,182,RGB,JPEG,10.1748046875,222.15441343317448,22.210903608082347,211.51061084664323,47.92641970472119,b13c4e721ef9c9ec9d0f3ab65e6287d2,1111111111111111011000001100000011000000111010111111111111111111
image_07.jpeg,..\dataset\AI\gemini\32\image_07.jpeg,1,32,Gemini,reference_based,Yes,1,,,493,182,RGB,JPEG,11.1240234375,223.2915956842703,18.208895206231805,210.32719613044156,49.93071946925873,7b0e2c4b4df7ef029fb1fe83c4233ddb,1111111111111110010000001000000110001000110000111100111111111111
image_08.jpeg,..\dataset\AI\gemini\32\image_08.jpeg,1,32,Gemini,reference_based,Yes,1,,,494,182,RGB,JPEG,10.03125,224.3367370093034,10.271399731017825,211.77639364683898,46.0351228243723,2cab2aa3ecef3732c39dd0647c56f80e,1111111111111111100000000000000110011001110101111111111111111111
image_09.jpeg,..\dataset\AI\gemini\32\image_09.jpeg,1,32,Gemini,reference_based,Yes,1,,,494,181,RGB,JPEG,10.41015625,217.41769055745164,28.97448752074285,208.18915382378597,47.74425842970226,d683ee4c89a4e6a66d6328048fd4fdf9,1111111111111111110000001000000011000011111010111111111111111111
image_10.jpeg,..\dataset\AI\gemini\32\image_10.jpeg,1,32,Gemini,reference_based,Yes,1,,,494,181,RGB,JPEG,10.5341796875,216.61103526734925,32.12012813410666,208.49095219987922,49.06537715290711,47fc2c1baba429b6d155bd629a4b8bfc,1111111101111111110000001100000011100111111100111111111111111111
image_11.jpeg,..\dataset\AI\gemini\32\image_11.jpeg,1,32,Gemini,reference_based,Yes,1,,,493,181,RGB,JPEG,11.193359375,221.3896481038606,18.9448047746115,207.92739233243307,51.00599360271187,54ddc55f890a6cba3115059a324994fe,1111111101111110100000001000000111001011111000111111111111111111
image_12.jpeg,..\dataset\AI\gemini\32\image_12.jpeg,1,32,Gemini,reference_based,Yes,1,,,494,181,RGB,JPEG,10.767578125,221.11501706484643,15.220143072507701,208.80308452814995,48.077826683710754,4fa29d1a5c858563aab5d65433a8fddd,1111111111111100100000010000000110011111110001111111111111111111
image_01.jpeg,..\dataset\AI\gemini\33\image_01.jpeg,1,33,Gemini,reference_based,Yes,1,,,960,372,RGB,JPEG,29.13671875,223.64065346083788,25.01001045630968,210.36195676523297,55.20175789470562,c6e381f7421e7f54e0165ba9695049ce,1111111111111111110110011000000010000000101011111010111111111111
image_02.jpeg,..\dataset\AI\gemini\33\image_02.jpeg,1,33,Gemini,reference_based,Yes,1,,,960,372,RGB,JPEG,31.01171875,220.75286031420765,41.908627195702174,213.17514280913977,55.2183245256035,909f73e668dfc1e73627f1387cdfc035,1111111111111101111011110000000001000000110001101111010111111111
image_03.jpeg,..\dataset\AI\gemini\33\image_03.jpeg,1,33,Gemini,reference_based,Yes,1,,,960,372,RGB,JPEG,30.0556640625,227.99368169398906,22.44230586114055,214.69690860215053,54.414137013973836,053c815f6abed07cc97851739ba405ce,1111111111111111110110110000000010000001100010011110101111111111
image_04.jpeg,..\dataset\AI\gemini\33\image_04.jpeg,1,33,Gemini,reference_based,Yes,1,,,960,372,RGB,JPEG,29.830078125,228.86220685336977,11.198773238277777,213.0827424955197,53.68497144817906,c7d5a6680b476a8ff921750904699343,1111111111110011100101110000000010000001100110111111111111111111
image_05.jpeg,..\dataset\AI\gemini\33\image_05.jpeg,1,33,Gemini,reference_based,Yes,1,,,960,372,RGB,JPEG,30.439453125,222.89256033697632,20.06047495104776,206.43902889784945,58.59782970660249,694e5cf5f63b4572c4a1ef77d71aa284,1111111111011001110110110000000010000000101111001110111111111111
image_06.jpeg,..\dataset\AI\gemini\33\image_06.jpeg,1,33,Gemini,reference_based,Yes,1,,,960,372,RGB,JPEG,31.109375,225.31980020491804,23.419983931285795,210.61719310035843,57.1544345973035,d7e4c21bf9f14d70f2ec6d6b97ff5389,1111111111111001010010001000000011000000110011011111111111111111
image_07.jpeg,..\dataset\AI\gemini\33\image_07.jpeg,1,33,Gemini,reference_based,Yes,1,,,960,372,RGB,JPEG,30.4326171875,226.09766336520948,22.90200932664418,212.35767529121864,55.16261928793759,db78ab1174890c08e008bb489afda6f8,1111111111111011010110101000000010000001101010011111111111111111
image_08.jpeg,..\dataset\AI\gemini\33\image_08.jpeg,1,33,Gemini,reference_based,Yes,1,,,960,372,RGB,JPEG,28.8681640625,226.79656193078324,2.5582013050940655,210.5120827732975,54.5887233616422,cd3f27ac98115758b441aa4ee2737cd1,1111111111110011100100000000000110000001100110111111111111111111
image_09.jpeg,..\dataset\AI\gemini\33\image_09.jpeg,1,33,Gemini,reference_based,Yes,1,,,960,372,RGB,JPEG,30.240234375,218.71142133424408,28.451902769278338,204.68848566308245,57.260863925083484,022f7e879b308ba0d1ea877fb9faafa5,1111111111011001110010001000000011000100101011011111111111111111
image_10.jpeg,..\dataset\AI\gemini\33\image_10.jpeg,1,33,Gemini,reference_based,Yes,1,,,960,372,RGB,JPEG,29.626953125,222.47896744080145,25.420265610635195,208.55924619175627,56.46629160841929,3984e760fcabb25ff78da87463c05433,1111111111101001010000001000000011000000110101011111111111111111
image_11.jpeg,..\dataset\AI\gemini\33\image_11.jpeg,1,33,Gemini,reference_based,Yes,1,,,960,372,RGB,JPEG,29.4658203125,223.44620901639345,22.868531996279803,209.43723678315413,55.69208011853345,120c23b27e6e507df5cd593bd27733af,1111111111011011010000001000000110000001110010111111111111111111
image_12.jpeg,..\dataset\AI\gemini\33\image_12.jpeg,1,33,Gemini,reference_based,Yes,1,,,960,372,RGB,JPEG,27.83203125,224.1070554417122,4.538349828327026,208.35608478942652,53.63970041354794,81d3efa38de914aa518fc8d177bc09bd,1111111110110111100000000000000110000001100110111111111111111111
image_01.jpeg,..\dataset\AI\gemini\34\image_01.jpeg,1,34,Gemini,reference_based,Yes,1,,,960,373,RGB,JPEG,26.248046875,242.1718536834925,7.475506439683608,222.49659852546918,58.76695888406854,be55ad7bb03accc3db8e46b73ff26b3c,1111111111111100111100011000000110000101100011111110011111111111
image_02.jpeg,..\dataset\AI\gemini\34\image_02.jpeg,1,34,Gemini,reference_based,Yes,1,,,960,373,RGB,JPEG,26.962890625,241.6960976580264,9.706151947901713,221.37725089365506,59.70136435873193,35c356c11599347bcfd3b7167467f4be,1111111111111110111100001000000110000101100011111110011111111111
image_03.jpeg,..\dataset\AI\gemini\34\image_03.jpeg,1,34,Gemini,reference_based,Yes,1,,,960,373,RGB,JPEG,26.2060546875,241.4707679627103,7.832594208008733,221.74599810098303,57.75295920787742,212020466dffd1e8c032a843704f1431,1111111111111111111110011000000110000101100001111110011111111111
image_04.jpeg,..\dataset\AI\gemini\34\image_04.jpeg,1,34,Gemini,reference_based,Yes,1,,,960,373,RGB,JPEG,27.654296875,241.1655297862665,8.040860568385565,219.26972743521,61.137326482844706,d56ae4c5c74604187d0791e0a7247b40,1111111111111100111111001000000110000001100011111110011111111111
image_05.jpeg,..\dataset\AI\gemini\34\image_05.jpeg,1,34,Gemini,reference_based,Yes,1,,,960,374,RGB,JPEG,26.0439453125,243.6837392143506,6.88102507064299,223.64179200089126,58.925322877543735,c12dca73e3a3fce9bf1069600bd0cebf,1111111111111100101100011000000110000101101001111110011111111111
image_06.jpeg,..\dataset\AI\gemini\34\image_06.jpeg,1,34,Gemini,reference_based,Yes,1,,,960,374,RGB,JPEG,25.6630859375,243.60279007720254,6.914064652064375,224.0272838680927,58.16994761090801,7b6e74a5600f7a811ed6011cfcd669d9,1111111111111100111100011000000110000101101001111111011111111111
image_07.jpeg,..\dataset\AI\gemini\34\image_07.jpeg,1,34,Gemini,reference_based,Yes,1,,,960,374,RGB,JPEG,26.0224609375,243.96066076294278,6.695132819364583,224.33558377896614,58.14337288882671,752c9e8014b033e114b702e01ff85718,1111111111111100111100001000000110000101100001111110011111111111
image_08.jpeg,..\dataset\AI\gemini\34\image_08.jpeg,1,34,Gemini,reference_based,Yes,1,,,960,374,RGB,JPEG,25.9951171875,243.36004200726612,10.039855673813523,222.55810494652405,60.607785880831244,9280dc91b50f5d960ec14dbee18197eb,1111111111111101110101001000000110000001101001111111011111111111
image_09.jpeg,..\dataset\AI\gemini\34\image_09.jpeg,1,34,Gemini,reference_based,Yes,1,,,960,373,RGB,JPEG,24.732421875,243.24201341518872,6.893633036163995,224.2021866621984,57.73434302590759,c1f6a3262c653cfb30bb12d91bfc4439,1111111111111101110000001000000110000101111001111111011111111111
image_10.jpeg,..\dataset\AI\gemini\34\image_10.jpeg,1,34,Gemini,reference_based,Yes,1,,,960,373,RGB,JPEG,26.3203125,243.0774499772624,6.962104165185146,223.71574508489724,58.256636900290914,186da58207d3dd5c4dc6450113ae0746,1111111111111100111100011000000110000101101001111110011111111111
image_11.jpeg,..\dataset\AI\gemini\34\image_11.jpeg,1,34,Gemini,reference_based,Yes,1,,,960,373,RGB,JPEG,24.4853515625,243.0012363574352,7.021716148891524,224.4662310098302,57.070689103037104,72243af79675650ee0a8df94dac4b503,1111111111111111110101001000000110000101101001111110011111111111
image_12.jpeg,..\dataset\AI\gemini\34\image_12.jpeg,1,34,Gemini,reference_based,Yes,1,,,960,373,RGB,JPEG,23.9775390625,243.9086090268304,6.511069980937273,224.67204814566577,58.75455443695629,f949d5dbbec6acc121a49f73a01ebdef,1111111111111111100100001000000110000101101001111110011111111111
image_01.jpeg,..\dataset\AI\gemini\35\image_01.jpeg,1,35,Gemini,reference_based,Yes,1,,,960,373,RGB,JPEG,25.056640625,220.57521884947704,1.4105201973040256,205.13288371313672,53.62236206420007,b907f18e7021e13c6a215909b5d045ba,1111111111111111111011111000000010000000100010011111110111111111
image_02.jpeg,..\dataset\AI\gemini\35\image_02.jpeg,1,35,Gemini,reference_based,Yes,1,,,960,373,RGB,JPEG,26.21484375,223.28016996361984,1.5866721628255878,207.19145721626452,55.93158270502082,18b730827d1c4ed4d463375319b05346,1111111111001111111011111000000010000000100010011111111111111111
image_03.jpeg,..\dataset\AI\gemini\35\image_03.jpeg,1,35,Gemini,reference_based,Yes,1,,,960,373,RGB,JPEG,25.9541015625,224.8432099818099,1.477112101319322,210.04825737265415,53.89861254000102,8e7c257afba9fd779901c6a1cd012037,1111111111111111110011111000000010000000100010011111111111111111
image_04.jpeg,..\dataset\AI\gemini\35\image_04.jpeg,1,35,Gemini,reference_based,Yes,1,,,960,373,RGB,JPEG,24.1005859375,223.94341177808096,1.7223695174076907,210.29015024575514,50.60398912672987,ee7fd46d6df9f55ef0d6e235f818fb2d,1111111111011111110111110000000110000001100010011111111111111111
image_05.jpeg,..\dataset\AI\gemini\35\image_05.jpeg,1,35,Gemini,reference_based,Yes,1,,,960,374,RGB,JPEG,23.7978515625,219.0810768619437,1.5914353389336509,204.41877228163992,52.889634617411524,ff7bc32c15933ff61090002611dc6293,1111111111101111110010011000000010000001111110011111111111111111
image_06.jpeg,..\dataset\AI\gemini\35\image_06.jpeg,1,35,Gemini,reference_based,Yes,1,,,960,374,RGB,JPEG,25.236328125,220.97895379200727,1.129637658583687,206.24787767379678,53.63035130981587,cd790baf238e3ba71d3496bc1bdf34e9,1111111111101111100000011000000010001001111111011111111111111111
image_07.jpeg,..\dataset\AI\gemini\35\image_07.jpeg,1,35,Gemini,reference_based,Yes,1,,,960,374,RGB,JPEG,24.546875,221.88360013623978,1.2321689633273045,207.1634024064171,53.62185667763958,a74e4e52daaa929dfd30f83cb6ca1b2b,1111111111101111100010011000000110000001111110011111111111111111
image_08.jpeg,..\dataset\AI\gemini\35\image_08.jpeg,1,35,Gemini,reference_based,Yes,1,,,960,374,RGB,JPEG,24.068359375,221.38361432788375,1.3857156206525916,207.02439282531193,51.80439755436275,9c793250053635e858d6025d59dc9044,1111111111001111100010011000000110000001111110111111111111111111
image_09.jpeg,..\dataset\AI\gemini\35\image_09.jpeg,1,35,Gemini,reference_based,Yes,1,,,960,373,RGB,JPEG,24.005859375,216.31113574351977,1.7776033644926141,201.7687025245755,51.66782372752707,f57acdc0cabc8b49cd06a58149942fa9,1111111111101111100000011000000110001001111111011111111111111111
image_10.jpeg,..\dataset\AI\gemini\35\image_10.jpeg,1,35,Gemini,reference_based,Yes,1,,,960,373,RGB,JPEG,24.703125,218.4763102546612,1.5337388611469196,204.2616482350313,52.669099105121994,6a53a1eaeecf38228d5f48acb06eae17,1110111111101111100000011000000110001001111111111111111111111111
image_11.jpeg,..\dataset\AI\gemini\35\image_11.jpeg,1,35,Gemini,reference_based,Yes,1,,,960,373,RGB,JPEG,24.6474609375,219.25514438381083,1.2699697343000986,204.69127569258265,52.952751935236556,65d275ef274d01aa2b73ea511f79ce76,1110111111101111100000011000000110001001111111011111111111111111
image_12.jpeg,..\dataset\AI\gemini\35\image_12.jpeg,1,35,Gemini,reference_based,Yes,1,,,960,373,RGB,JPEG,24.189453125,218.42459640745793,1.7445096283711334,204.1022760277033,52.42440889160994,4e13a11cda11bd22bd981b32839e36fb,1111111111001111100000011000000110000001111110111111111111111111
image_01.jpeg,..\dataset\AI\gemini\36\image_01.jpeg,1,36,Gemini,reference_based,Yes,1,,,960,373,RGB,JPEG,24.98828125,228.15025295588904,26.72413206319868,214.6284852546917,55.5566363962116,b317c1cc68f7f92d5ccb47cbc77cbffd,1111111111111111110111111001110010000000100000001101110111111111
image_02.jpeg,..\dataset\AI\gemini\36\image_02.jpeg,1,36,Gemini,reference_based,Yes,1,,,960,373,RGB,JPEG,28.142578125,233.3331059572533,1.6693815840801682,218.01779211349418,53.573164531363126,3300d2bb295596ed112a05b3d10464bd,1111111111111111110111111100000010000000110000001111110111111111
image_03.jpeg,..\dataset\AI\gemini\36\image_03.jpeg,1,36,Gemini,reference_based,Yes,1,,,960,373,RGB,JPEG,26.0556640625,233.5782173715325,1.378292966547923,219.82410634495085,51.12711590069323,cdf2efb9fad128777fafb7d7935a446f,1111111111111111110111111000000110000001100010011111101111111111
image_04.jpeg,..\dataset\AI\gemini\36\image_04.jpeg,1,36,Gemini,reference_based,Yes,1,,,960,373,RGB,JPEG,23.16796875,231.51729479308776,1.3824391150997868,217.19682752457553,51.392364430424095,f0778953588df546f7d55d66fce66b20,1111111111111111101111110000000100000001100110011111101111111111
image_05.jpeg,..\dataset\AI\gemini\36\image_05.jpeg,1,36,Gemini,reference_based,Yes,1,,,960,374,RGB,JPEG,25.1806640625,229.2460547229791,1.7786750821519506,212.6699030748663,55.60778653657899,1aeb10680e510c40d3d448ec10aa9017,1111111111011111110111111000000010000000110010011111110111111111
image_06.jpeg,..\dataset\AI\gemini\36\image_06.jpeg,1,36,Gemini,reference_based,Yes,1,,,960,374,RGB,JPEG,28.2509765625,231.44089180290644,2.411588987278165,216.29588346702317,54.267127285499875,8b75a08c754ded324a462900424de94e,1111111111011111110011001000000011000000110111011111111111111111
image_07.jpeg,..\dataset\AI\gemini\36\image_07.jpeg,1,36,Gemini,reference_based,Yes,1,,,960,374,RGB,JPEG,28.52734375,231.41618415077204,2.1891528516042547,215.4141878342246,55.28458198096943,5cb12b4228d10df0791e826649a0e228,1111111111111111100111011000000110000001110110011111111111111111
image_08.jpeg,..\dataset\AI\gemini\36\image_08.jpeg,1,36,Gemini,reference_based,Yes,1,,,960,374,RGB,JPEG,24.306640625,229.39945220254313,1.6669488529349765,213.8786597593583,54.251031149869185,ba1df6b2fbcc7217e3320eba7921a164,1111111110111111100110011000000110000001100110111111111111111111
image_09.jpeg,..\dataset\AI\gemini\36\image_09.jpeg,1,36,Gemini,reference_based,Yes,1,,,960,373,RGB,JPEG,25.5126953125,226.30223965438836,10.918277685466844,210.23686885612153,55.97917040427056,41ccb11c76f6be6bb483ea931cb65fa7,1111111111011111110000001000000011001001111111011111111111111111
image_10.jpeg,..\dataset\AI\gemini\36\image_10.jpeg,1,36,Gemini,reference_based,Yes,1,,,960,373,RGB,JPEG,27.1240234375,226.96293769895408,13.525303109469704,212.27859975424485,55.604415129836404,432a6e886df7e3c82e0905ce0ebd8e81,1101111111011111110000001100000011001001111111011111111111111111
image_11.jpeg,..\dataset\AI\gemini\36\image_11.jpeg,1,36,Gemini,reference_based,Yes,1,,,960,373,RGB,JPEG,27.83203125,227.58478285584357,2.134077944920205,211.75050547363716,56.263980374874826,6c59802652f1963095de93d9a8d07203,1111111111011111100000001000000111001001111110011111111111111111
image_12.jpeg,..\dataset\AI\gemini\36\image_12.jpeg,1,36,Gemini,reference_based,Yes,1,,,960,373,RGB,JPEG,25.2724609375,226.7006736016371,1.6924042519418085,211.4377150357462,54.435301885045384,d7e9536b00baaf3a1aa2f343ef1ab43b,1111111110011111100000011000000110011011111110111111111111111111
image_01.jpeg,..\dataset\AI\gemini\37\image_01.jpeg,1,37,Gemini,reference_based,Yes,1,,,960,373,RGB,JPEG,29.28125,229.19776034561164,5.690188014522046,214.71291890080428,51.368502913670014,1f7dcf9271aca1414f619a730087d6f6,1111111111111100110100001000000100000001100011111011111111111111
image_02.jpeg,..\dataset\AI\gemini\37\image_02.jpeg,1,37,Gemini,reference_based,Yes,1,,,959,373,RGB,JPEG,29.4560546875,230.5958669847383,7.93458925201774,215.95992250640887,48.37924646917766,74476a851c4a382e1a59914ae26073cb,1111111111111101110011001000000110000001100001111111111111111111
image_03.jpeg,..\dataset\AI\gemini\37\image_03.jpeg,1,37,Gemini,reference_based,Yes,1,,,959,373,RGB,JPEG,28.8896484375,231.52984795792258,8.533546046344036,216.13714296896623,49.1072991348397,f8315be22ca7d19daeadd68185ad4726,1111111111111101111111011000000110000001100001111111111111111111
image_04.jpeg,..\dataset\AI\gemini\37\image_04.jpeg,1,37,Gemini,reference_based,Yes,1,,,960,373,RGB,JPEG,29.23046875,228.9931076625739,5.277294917838663,214.62175212243073,50.421933804125196,b7aa70e7326c9ffd9ae90bc36067520b,1111111111111100110111010000000100000001101011111011111111111111
image_05.jpeg,..\dataset\AI\gemini\37\image_05.jpeg,1,37,Gemini,reference_based,Yes,1,,,960,374,RGB,JPEG,28.7861328125,231.36205722070844,8.895210032722353,216.3714989973262,48.294949165966536,14d170b38a1c1f7a8400110d0257e9e1,1111111111111100110111001000000110000001100001111111111111111111
image_06.jpeg,..\dataset\AI\gemini\37\image_06.jpeg,1,37,Gemini,reference_based,Yes,1,,,959,374,RGB,JPEG,29.4931640625,232.71613088404132,10.398816134214622,216.06662187104436,49.02938574295344,51d509f02003e8da4af8acf8cb339260,1111111111111100110011001000000110000001100001111111111111111111
image_07.jpeg,..\dataset\AI\gemini\37\image_07.jpeg,1,37,Gemini,reference_based,Yes,1,,,959,374,RGB,JPEG,29.6630859375,233.1081515499426,10.910646488699578,215.34096067093063,50.16473841494172,022e92076c8ea2c5ccc4dd2ab084838c,1111111111111100110111011000000110000001100001111111111111111111
image_08.jpeg,..\dataset\AI\gemini\37\image_08.jpeg,1,37,Gemini,reference_based,Yes,1,,,960,374,RGB,JPEG,26.236328125,231.29467529518618,8.894235306811481,217.4570047905526,43.812366303057445,e0817415b04385b639a4822bdb709443,1111111111111100111101001000000110000001100001111111111111111111
image_09.jpeg,..\dataset\AI\gemini\37\image_09.jpeg,1,37,Gemini,reference_based,Yes,1,,,960,373,RGB,JPEG,27.9248046875,229.02216916780355,7.0183400604893835,215.28184763181412,48.67609119846268,3a33f769ba67f0f40c020a1105608db8,1111111111111100110011001000000010000001100001111111111111111111
image_10.jpeg,..\dataset\AI\gemini\37\image_10.jpeg,1,37,Gemini,reference_based,Yes,1,,,959,373,RGB,JPEG,29.77734375,230.4927859052108,9.204884617469045,214.89569396181793,49.46903502359405,1909bf683c06ee13faf03f94770af467,1111111111111100110111001000000110000001100001111111111111111111
image_11.jpeg,..\dataset\AI\gemini\37\image_11.jpeg,1,37,Gemini,reference_based,Yes,1,,,959,373,RGB,JPEG,28.5625,231.18384445147012,9.789101265046435,215.52557260551234,48.96642293943699,53195b1e7361bae4f1b424db2e93267c,1111111111111101110100011000000110000001100001111111111111111111
image_12.jpeg,..\dataset\AI\gemini\37\image_12.jpeg,1,37,Gemini,reference_based,Yes,1,,,960,373,RGB,JPEG,28.6806640625,229.31615222828557,6.882451893207824,214.90809316353887,49.80730202572289,042d7ef876d73c326ed139fa45fe61ab,1111111111111100110111011000000110000001100001111111111111111111
image_01.jpeg,..\dataset\AI\gemini\38\image_01.jpeg,1,38,Gemini,reference_based,Yes,1,,,978,363,RGB,JPEG,24.7099609375,223.32867991321228,26.777568885003216,213.9010405223456,50.95672107687294,7353100496bc82e729b7946494a37847,1111111111111111111111111000000010000000110001111111111111111111
image_02.jpeg,..\dataset\AI\gemini\38\image_02.jpeg,1,38,Gemini,reference_based,Yes,1,,,979,363,RGB,JPEG,23.388671875,225.73111054043258,26.88175944847025,216.5670119338055,50.57866394585246,46726c2fce9ca2a7c9e8bb1055c97bac,1111111111111111111111111000000010000000110001011111111111111111
image_03.jpeg,..\dataset\AI\gemini\38\image_03.jpeg,1,38,Gemini,reference_based,Yes,1,,,979,363,RGB,JPEG,23.6943359375,230.7449637619129,9.475688000053546,218.86124875836083,50.03688803000849,385f61d4fbd7e0942030ad9dafb7bc74,1111111111111111111111111000000010000000110000111111111111111111
image_04.jpeg,..\dataset\AI\gemini\38\image_04.jpeg,1,38,Gemini,reference_based,Yes,1,,,978,363,RGB,JPEG,23.3857421875,232.60081934452438,2.6947548458959343,221.36141391607092,46.92596177504866,910592d20e824b7342f67597e5fb3265,1111111111111111111111111000000010000000110000011111111111111111
image_05.jpeg,..\dataset\AI\gemini\38\image_05.jpeg,1,38,Gemini,reference_based,Yes,1,,,978,362,RGB,JPEG,24.474609375,222.66896798170384,27.941290300923956,212.87221638477442,51.954860840570234,8fd29a0f7d4ef660bd1bb133600b23fc,1111111111111111110111111000000010000000110011111111111111111111
image_06.jpeg,..\dataset\AI\gemini\38\image_06.jpeg,1,38,Gemini,reference_based,Yes,1,,,979,362,RGB,JPEG,24.177734375,225.02247271272645,27.83180300290003,215.97092816550884,50.95970881276678,95861ec5c233c8923c1ad7f0538f0aaf,1111111111111111111111111000000010000000111001111111111111111111
image_07.jpeg,..\dataset\AI\gemini\38\image_07.jpeg,1,38,Gemini,reference_based,Yes,1,,,979,362,RGB,JPEG,24.0478515625,230.3682067546717,4.9810676587195495,217.83897482491437,50.43884379806735,fab92700d1f8ebc6cfb9a61d311ebacd,1111111111111111111111111000000010000000110011111111111111111111
image_08.jpeg,..\dataset\AI\gemini\38\image_08.jpeg,1,38,Gemini,reference_based,Yes,1,,,978,362,RGB,JPEG,23.30859375,231.88317610062893,1.821870964628358,220.10778282434555,47.90112873486925,cd6077b13d0b7aec1054e3af0c97216f,1111111111111111111111110000000100000001110011111111111111111111
image_09.jpeg,..\dataset\AI\gemini\38\image_09.jpeg,1,38,Gemini,reference_based,Yes,1,,,978,363,RGB,JPEG,25.220703125,220.70767671577025,31.18004617787326,211.39146343524482,52.556024606583506,5f7814088e7abce0d0769cc7af834852,1111111111111111110011101000000010000000111011111111111111111111
image_10.jpeg,..\dataset\AI\gemini\38\image_10.jpeg,1,38,Gemini,reference_based,Yes,1,,,979,363,RGB,JPEG,24.7451171875,222.9699252411117,32.878302048141094,214.84621120669036,51.92144715627553,64b9f6bf7fc34b306601d39ec5b3a6c5,1111111111111111110011111000000011000000111001111111111111111111
image_11.jpeg,..\dataset\AI\gemini\38\image_11.jpeg,1,38,Gemini,reference_based,Yes,1,,,979,363,RGB,JPEG,24.5390625,228.73494835359242,13.211203345364787,216.91716965363543,50.532748165741715,d4e811d2efb81115489cfb3db4a6bb76,1111111111111111111011001000000010000000110011111111111111111111
image_12.jpeg,..\dataset\AI\gemini\38\image_12.jpeg,1,38,Gemini,reference_based,Yes,1,,,978,363,RGB,JPEG,24.140625,231.12445757679572,1.1444182026480612,218.98880044167274,49.07252270072792,38af569b70a7c4c721ae057b44fb4cb4,1111111111111111100000000000000010000001110011111111111111111111
image_01.jpeg,..\dataset\AI\gemini\39\image_01.jpeg,1,39,Gemini,reference_based,Yes,1,,,982,363,RGB,JPEG,23.400390625,227.89787948002143,28.534564096562494,220.40058799436693,47.471582179820096,89e5e8ae6172ea7c4853cbd0958d2f69,1111111111111111110000001000000010000100111111111111111111111111
image_02.jpeg,..\dataset\AI\gemini\39\image_02.jpeg,1,39,Gemini,reference_based,Yes,1,,,982,363,RGB,JPEG,27.34375,233.83804246679637,1.239299254813492,218.99906582956018,53.769246755925494,f36f69905b575913c08c224b839839a1,1111111111111111110000001000000010000000111111011111111111111111
image_03.jpeg,..\dataset\AI\gemini\39\image_03.jpeg,1,39,Gemini,reference_based,Yes,1,,,982,363,RGB,JPEG,25.9345703125,235.56801455037646,1.2656231062690533,221.87557298592293,50.78974152616172,dea607cdc72c3e19637547c598d97a21,1111111111111011110100011000000110000001111111111111111111111111
image_04.jpeg,..\dataset\AI\gemini\39\image_04.jpeg,1,39,Gemini,reference_based,Yes,1,,,982,363,RGB,JPEG,26.333984375,236.3881087330457,7.150955424201298,222.34085438723469,51.097838057296244,be9898f67e9cd505ea7fae5ccf772dcc,1111111111111011100110010000000100000001111111011111111111111111
image_05.jpeg,..\dataset\AI\gemini\39\image_05.jpeg,1,39,Gemini,reference_based,Yes,1,,,982,362,RGB,JPEG,25.998046875,230.26355396171004,6.1316034788222415,215.7149210653644,53.03587501382304,ac31257f1b8b91af36c07ef72e9bc637,1111111111111111110111011000000010000000110111001111111111111111
image_06.jpeg,..\dataset\AI\gemini\39\image_06.jpeg,1,39,Gemini,reference_based,Yes,1,,,982,362,RGB,JPEG,28.169921875,232.85733043429153,1.3605701063404196,217.40530094181455,54.533782971609135,1c9139dc061acfca215bd356ea00c1e6,1111111111111111110010011000000010000000110111001111111111111111
image_07.jpeg,..\dataset\AI\gemini\39\image_07.jpeg,1,39,Gemini,reference_based,Yes,1,,,982,362,RGB,JPEG,26.9130859375,233.87065849663975,1.2335327614091844,219.3777638374723,52.42750069509748,5409ee9ae12ee39cb641b58d6cd1c494,1111111111111111110110111000000010000001100010011111111111111111
image_08.jpeg,..\dataset\AI\gemini\39\image_08.jpeg,1,39,Gemini,reference_based,Yes,1,,,982,362,RGB,JPEG,26.052734375,234.38628790873665,1.6860157990178575,220.41615093787624,51.17313132076977,4c7516366cb0a1ac54663a303a537ff8,1111111111111111110110110000000100000001100110011111111111111111
image_09.jpeg,..\dataset\AI\gemini\39\image_09.jpeg,1,39,Gemini,reference_based,Yes,1,,,982,363,RGB,JPEG,26.833984375,228.37082311141188,11.614800445717076,213.56174782447695,54.002397540994416,732b43eeddc4d4aed4b39d1cfc7601e4,1111111111111111110011011000000010000000110111001111110111111111
image_10.jpeg,..\dataset\AI\gemini\39\image_10.jpeg,1,39,Gemini,reference_based,Yes,1,,,982,363,RGB,JPEG,27.0927734375,230.0917435073175,11.190110195240452,215.82984913007132,53.449128646179766,77ac6b6ff4c6c9385d73fa96f7831e49,1111111111111101110010001000000010000000111111011111111111111111
image_11.jpeg,..\dataset\AI\gemini\39\image_11.jpeg,1,39,Gemini,reference_based,Yes,1,,,982,363,RGB,JPEG,26.71875,232.08511688238445,1.4423430445864802,217.8725797130722,52.105555210297304,ce71bea1e371e33aa22995105be145f6,1111111111111111110110011000000010000001111111011111111111111111
image_12.jpeg,..\dataset\AI\gemini\39\image_12.jpeg,1,39,Gemini,reference_based,Yes,1,,,982,363,RGB,JPEG,26.728515625,232.92612018159772,1.6359815332831522,218.64832270118328,52.179606979028485,0af2efd03e39db06e5a44d81ecf9be12,1111111111111111100110110000000100000001111110011111111111111111
image_01.jpeg,..\dataset\AI\gemini\4\image_01.jpeg,1,4,Gemini,reference_based,Yes,1,,,1080,280,RGB,JPEG,83.5361328125,229.26374007936508,9.065558991111919,213.79237103174603,50.605683152467606,7ad23a63379baa89191ecff23f268377,1111111110111111101011110000000000000000000111111111111111111111
image_02.jpeg,..\dataset\AI\gemini\4\image_02.jpeg,1,4,Gemini,reference_based,Yes,1,,,1080,280,RGB,JPEG,83.8134765625,231.0868386243386,11.327522380738305,213.82969246031746,50.824017556206314,2740dddd59b565a98607ca9150cda3bb,1111111110111111101111110000000000000000000011111111111111111111
image_03.jpeg,..\dataset\AI\gemini\4\image_03.jpeg,1,4,Gemini,reference_based,Yes,1,,,1080,280,RGB,JPEG,83.1943359375,229.3922619047619,13.571710858418976,212.66810515873016,51.58752907437537,6fd92904aac5001ef03b06ea954e7e87,1111111110111111101111110000000000000000000000011101111111111111
image_04.jpeg,..\dataset\AI\gemini\4\image_04.jpeg,1,4,Gemini,reference_based,Yes,1,,,1080,280,RGB,JPEG,82.1181640625,232.9990740740741,14.30143642431577,214.54398478835978,51.06090644700939,24acc9067e29c884d4833542a6d107a9,1111111111111111101111110000000000000000000010011111111111111111
image_05.jpeg,..\dataset\AI\gemini\4\image_05.jpeg,1,4,Gemini,reference_based,Yes,1,,,1080,280,RGB,JPEG,83.32421875,234.24290674603174,14.498220138546252,213.5412433862434,51.878799714619966,d1b796fea09f6736351e59c862a0d2fe,1111111110111111101111110000000000000000000011111111111111111111
image_06.jpeg,..\dataset\AI\gemini\4\image_06.jpeg,1,4,Gemini,reference_based,Yes,1,,,1080,280,RGB,JPEG,82.720703125,233.97048611111111,14.242998324961638,214.09251984126985,51.911711892533106,1db65d805e7d989db0141b81c4be9e73,1111111111111111101111110000000000000000000010011111111111111111
image_07.jpeg,..\dataset\AI\gemini\4\image_07.jpeg,1,4,Gemini,reference_based,Yes,1,,,1080,280,RGB,JPEG,82.958984375,229.07367724867726,12.100476136137305,212.906001984127,51.839523921726105,44d381f7712139e54491a9033e83fc81,1111111110111111101111110000000000000000110111111111111111111111
image_08.jpeg,..\dataset\AI\gemini\4\image_08.jpeg,1,4,Gemini,reference_based,Yes,1,,,1080,280,RGB,JPEG,84.4638671875,231.08604497354497,12.55855743232662,212.9136541005291,51.897335582375185,24bb3de94427c8224c0fe064d17b855e,1111111110111111101111110000000000000000110011111111111111111111
image_09.jpeg,..\dataset\AI\gemini\4\image_09.jpeg,1,4,Gemini,reference_based,Yes,1,,,1080,280,RGB,JPEG,79.7216796875,231.66087962962962,11.28133103468214,216.09190145502646,50.23355863613037,5c54e00688b7c8c3aef0e6d76f33444f,1111111110111111101111110000000000000000110111111111111111111111
image_01.jpeg,..\dataset\AI\gemini\40\image_01.jpeg,1,40,Gemini,reference_based,Yes,1,,,958,373,RGB,JPEG,25.9638671875,225.49131560028755,7.428925392624528,212.57189632108896,45.65383583434538,85a3b4665c96d99e65f7bc2e0c9592f5,1111111111111111101101110000000000000001001001111111111111111111
image_02.jpeg,..\dataset\AI\gemini\40\image_02.jpeg,1,40,Gemini,reference_based,Yes,1,,,958,373,RGB,JPEG,26.5478515625,224.99505391804456,7.111461671884353,211.04881707310247,46.859818094868515,2e736f5e0cfe64db60ccb4cd1b6a3658,1111111110111111101111110000000010000001101001111111011111111111
image_03.jpeg,..\dataset\AI\gemini\40\image_03.jpeg,1,40,Gemini,reference_based,Yes,1,,,958,373,RGB,JPEG,26.0703125,224.96441409058232,7.664675172831574,210.50151119121045,47.272797061244894,3cae7bec9b9cb53ddebc4c2767e20823,1111111110111111101111110000000010000001111001111111011111111111
image_04.jpeg,..\dataset\AI\gemini\40\image_04.jpeg,1,40,Gemini,reference_based,Yes,1,,,958,373,RGB,JPEG,26.5302734375,225.2776994967649,11.164577928213923,211.685319616941,45.73370877876736,373f3cc8d86ce669f1fad62429944c82,1111111111111111101111111000000010000001111001111111111111111111
image_05.jpeg,..\dataset\AI\gemini\40\image_05.jpeg,1,40,Gemini,reference_based,Yes,1,,,958,374,RGB,JPEG,26.4521484375,226.34077594624088,9.65558413788433,211.76039933908655,46.4572187484531,154d2457cfec36f148f4bfbd925880c3,1111111110111111101111110000000100000001111001111111111111111111
image_06.jpeg,..\dataset\AI\gemini\40\image_06.jpeg,1,40,Gemini,reference_based,Yes,1,,,958,374,RGB,JPEG,27.12109375,226.84410717362587,9.908902789036196,212.08022227680217,46.38346895138193,55a7e465c867641d543086d7d549ba9f,1111111110111111101111111000000010000001111001111111011111111111
image_07.jpeg,..\dataset\AI\gemini\40\image_07.jpeg,1,40,Gemini,reference_based,Yes,1,,,958,374,RGB,JPEG,27.103515625,226.79482798231004,10.176450904988531,210.98380092215288,46.84931625807141,63842ff5ac7eb00a8ab1d72fe430a9bf,1111111110111111101111110000000010000001111001111111111111111111
image_08.jpeg,..\dataset\AI\gemini\40\image_08.jpeg,1,40,Gemini,reference_based,Yes,1,,,958,374,RGB,JPEG,27.2158203125,227.50114869909828,10.221656697334382,212.09628459468814,45.62003680966892,476c29746096fe4ab59195bfc8c7f5f4,1111111111111111101111110000000110000001111001111111111111111111
image_09.jpeg,..\dataset\AI\gemini\40\image_09.jpeg,1,40,Gemini,reference_based,Yes,1,,,958,373,RGB,JPEG,25.7607421875,225.68818116462975,9.541907705420765,210.6525715437098,47.44943950348984,daab0f713f364a3eccb73d93d35ec6f7,1111111110111111101111010000000110000001111001111111111111111111
image_10.jpeg,..\dataset\AI\gemini\40\image_10.jpeg,1,40,Gemini,reference_based,Yes,1,,,958,373,RGB,JPEG,26.0810546875,225.9966498921639,10.017770134498363,210.44804300738244,47.7993815828125,c4af20ffecefd6def94445e7bd50f598,1111111110111111101111001000000110000001111001111111111111111111
image_11.jpeg,..\dataset\AI\gemini\40\image_11.jpeg,1,40,Gemini,reference_based,Yes,1,,,958,373,RGB,JPEG,26.291015625,225.88232925952553,10.41797579841229,210.0869802481712,47.755719508626335,d013026617cd1ea5fe01e7f891c0722b,1111111110111111101111111000000110000001111001111111111111111111
image_12.jpeg,..\dataset\AI\gemini\40\image_12.jpeg,1,40,Gemini,reference_based,Yes,1,,,958,373,RGB,JPEG,26.326171875,227.47443565780014,10.053248629317263,211.92515965455289,46.86059096751324,a953f3393bb54f9e32c97f9d26b9c84a,1111111110111111101111101000000110000001111001111111111111111111
image_01.jpeg,..\dataset\AI\gemini\41\image_01.jpeg,1,41,Gemini,reference_based,Yes,1,,,960,373,RGB,JPEG,28.5400390625,213.77739881764438,13.900916986010294,200.40416666666667,43.94057761965163,5ed22a6a70cd946c382e9c3923674b3b,1111111110111111100111011000000110000001110011110110111111111111
image_02.jpeg,..\dataset\AI\gemini\41\image_02.jpeg,1,41,Gemini,reference_based,Yes,1,,,960,373,RGB,JPEG,29.4892578125,213.92483799454297,14.321906502177367,199.89705652368187,45.48679897475254,9d8af44d375db66986d955224eacc0eb,1111111110011111100111111000000110000001110011111110111111111111
image_03.jpeg,..\dataset\AI\gemini\41\image_03.jpeg,1,41,Gemini,reference_based,Yes,1,,,960,373,RGB,JPEG,28.5048828125,213.6755059117781,14.180081106117404,200.03589142091153,43.85721506984432,eb979ae545e360d8999dd73d1ab72290,1111111110011111100111011000000110000001110011111110111111111111
image_04.jpeg,..\dataset\AI\gemini\41\image_04.jpeg,1,41,Gemini,reference_based,Yes,1,,,960,373,RGB,JPEG,27.3759765625,213.58100272851297,13.706760677212708,200.58270777479893,42.51442622103561,4f85dc1917eccda81a1bf51eb2ecac1c,1111111110011111100111011000000110000001110011111110111111111111
image_05.jpeg,..\dataset\AI\gemini\41\image_05.jpeg,1,41,Gemini,reference_based,Yes,1,,,960,374,RGB,JPEG,28.513671875,214.46138453678475,16.16889778763761,199.71402907754012,44.34898640413856,df975793bf88eb22151c28c34d3c08d5,1111111110011111100111111000000110000001110011110110111111111111
image_06.jpeg,..\dataset\AI\gemini\41\image_06.jpeg,1,41,Gemini,reference_based,Yes,1,,,960,374,RGB,JPEG,29.5068359375,214.88286217075387,17.932417541771866,199.86431873885917,45.13891965897623,1e5dcf60166e705dfb3b236d3983527f,1111111110011111100111101000000110000001110011111110111111111111
image_07.jpeg,..\dataset\AI\gemini\41\image_07.jpeg,1,41,Gemini,reference_based,Yes,1,,,960,374,RGB,JPEG,29.0107421875,215.18287352406904,16.320502012191966,200.0679701426025,44.43500227882978,88287923a32539a3569658091825df26,1111111110011111100111111000000110000001110011111110111111111111
image_08.jpeg,..\dataset\AI\gemini\41\image_08.jpeg,1,41,Gemini,reference_based,Yes,1,,,960,374,RGB,JPEG,28.4130859375,214.63910649409627,16.026538751159848,199.92928921568628,43.876720946622285,dee9b00f85022bc5d01979b059091a57,1111111110011111100111111000000110000001110011111110111111111111
image_09.jpeg,..\dataset\AI\gemini\41\image_09.jpeg,1,41,Gemini,reference_based,Yes,1,,,960,373,RGB,JPEG,28.2744140625,211.7712454524784,15.313040525140977,198.6577049821269,44.605109778702136,1f167a3965c9d82ee8d53cc92059b2cd,1111111110011111100111001000000110000001110011111110111101111111
image_10.jpeg,..\dataset\AI\gemini\41\image_10.jpeg,1,41,Gemini,reference_based,Yes,1,,,960,373,RGB,JPEG,28.7919921875,211.7825005684402,14.829704534642993,198.49269716264521,44.48291576265216,d8532aef807a202b0e4535dcff39fe0c,1111111110011111100111001000000110000001110011111110111111111111
image_11.jpeg,..\dataset\AI\gemini\41\image_11.jpeg,1,41,Gemini,reference_based,Yes,1,,,960,373,RGB,JPEG,28.76953125,211.63115336516597,14.818685693399171,197.96760221179625,44.70592950382149,835064622f2ec43605b1b6f253e5e633,1111111110011111100101001000000110000001110011111110111111111111
image_12.jpeg,..\dataset\AI\gemini\41\image_12.jpeg,1,41,Gemini,reference_based,Yes,1,,,960,373,RGB,JPEG,28.400390625,211.55965779899955,14.309414542166305,197.93030607685432,44.736997636710804,9d67140ee980b026030e674ffb804086,1111111110011111100011011000000110000001110011111110111111111111
image_01.jpeg,..\dataset\AI\gemini\42\image_01.jpeg,1,42,Gemini,reference_based,Yes,1,,,960,373,RGB,JPEG,25.185546875,233.687400522965,9.899672042829936,224.68596403038427,41.30349730021986,39163b5a4773e128469e6b08c3a8c96e,1111111111111111111101110000000000000000111111111111111111111111
image_02.jpeg,..\dataset\AI\gemini\42\image_02.jpeg,1,42,Gemini,reference_based,Yes,1,,,960,373,RGB,JPEG,26.4873046875,233.84474477035016,7.521595062839872,223.76520889186773,42.17312921496991,e8f8b57333b38a857583938d3a90bb71,1111111111111111110101110000000000000001111111111111111111111111
image_03.jpeg,..\dataset\AI\gemini\42\image_03.jpeg,1,42,Gemini,reference_based,Yes,1,,,960,373,RGB,JPEG,26.1962890625,233.024911891769,4.977146683252073,222.24077859696158,44.91005397865921,46d8b280a523b42549533b3c9cbf3853,1111111111111111110101110000000000000001111111111111111111111111
image_04.jpeg,..\dataset\AI\gemini\42\image_04.jpeg,1,42,Gemini,reference_based,Yes,1,,,960,373,RGB,JPEG,26.396484375,232.92809231468848,6.915657249132304,222.4749525245755,43.65408685217724,c0dc0a3d2a47120f78c783e68ac0e2dd,1111111111111111110101110000000000000001111111111111111111111111
image_05.jpeg,..\dataset\AI\gemini\42\image_05.jpeg,1,42,Gemini,reference_based,Yes,1,,,960,374,RGB,JPEG,26.9208984375,232.45519698001817,9.006727917267497,221.1577818627451,46.88265878185644,bbe516a7257b90bed3c1412b8393b61c,1111111111111111110101110000000000000001111111111111111111111111
image_06.jpeg,..\dataset\AI\gemini\42\image_06.jpeg,1,42,Gemini,reference_based,Yes,1,,,960,374,RGB,JPEG,26.5322265625,232.91702145776566,8.770306837444593,221.1372437611408,47.264585478843735,584531e0f266a6ab43956c4ce9d7e543,1111111111111111110101110000000010000001111111111111111111111111
image_07.jpeg,..\dataset\AI\gemini\42\image_07.jpeg,1,42,Gemini,reference_based,Yes,1,,,960,374,RGB,JPEG,26.8095703125,232.4228684150772,5.230710950646751,220.78347816399287,47.16361314441909,3496e91dead667b12f0184eabe94f7a2,1111111111111111110101110000000000000001111111111111111111111111
image_08.jpeg,..\dataset\AI\gemini\42\image_08.jpeg,1,42,Gemini,reference_based,Yes,1,,,960,374,RGB,JPEG,25.6875,232.96330040871933,8.56195622097119,221.69552696078432,47.0034766255111,f138ae09a16f8a9e1bc335d06b06a892,1111111111111111110101110000000000000001111111111111111111111111
image_09.jpeg,..\dataset\AI\gemini\42\image_09.jpeg,1,42,Gemini,reference_based,Yes,1,,,960,373,RGB,JPEG,26.6630859375,232.39944292860392,10.10319962730747,220.84001061215372,47.864030363246975,d913a4306220b3c618b5b8c39407dd61,1111111111111111110101110000000000000000111111111111111111111111
image_10.jpeg,..\dataset\AI\gemini\42\image_10.jpeg,1,42,Gemini,reference_based,Yes,1,,,960,373,RGB,JPEG,26.525390625,232.46660413824466,10.63897979521288,221.48084506255586,46.99849094107234,e54b4d631545c8a59c29d268a7086e9b,1111111111111111110101111000000010000000111111111111111111111111
image_11.jpeg,..\dataset\AI\gemini\42\image_11.jpeg,1,42,Gemini,reference_based,Yes,1,,,960,373,RGB,JPEG,26.927734375,231.71410300136426,5.768686547968141,220.12012120196604,47.70769576746579,5864c0f75be6f15a866d3602ded44c6f,1111111111111111110101110000000000000001111111111111111111111111
image_12.jpeg,..\dataset\AI\gemini\42\image_12.jpeg,1,42,Gemini,reference_based,Yes,1,,,960,373,RGB,JPEG,26.392578125,233.00278535698044,5.8883588240361275,221.7247849642538,46.71326240096757,854129121060f392320cc36c12e72ff3,1111111111111111110101110000000000000001111111111111111111111111
image_01.jpeg,..\dataset\AI\gemini\43\image_01.jpeg,1,43,Gemini,reference_based,Yes,1,,,941,363,RGB,JPEG,29.1640625,235.0695902820671,6.522857766586649,212.93121730296883,60.35593452663937,e4eadb2fc0f27e17159b67c01eba59d3,1111111111111111100000011000000110001001100110011101111111111111
image_02.jpeg,..\dataset\AI\gemini\43\image_02.jpeg,1,43,Gemini,reference_based,Yes,1,,,941,363,RGB,JPEG,24.25,238.55407511985646,7.474958602872304,221.2793757300568,50.042244829991354,4c08465d7166bc049a1d2f7efa884477,1111111111111111100010001000000011001001110111011111111111111111
image_03.jpeg,..\dataset\AI\gemini\43\image_03.jpeg,1,43,Gemini,reference_based,Yes,1,,,941,363,RGB,JPEG,24.6298828125,236.42557134033353,7.716155602016401,216.11516088329924,56.33140931150163,6d5ac0a4d88f3501dc32ede3677b72c1,1111111111111111110000011000000010000000110011011111111111111111
image_04.jpeg,..\dataset\AI\gemini\43\image_04.jpeg,1,43,Gemini,reference_based,Yes,1,,,941,363,RGB,JPEG,24.8583984375,237.0864584252478,8.429689156083034,219.30510007816548,45.648342301163815,95882bedd88c88f28958cd3e623ee5aa,1111111111111111100010011000000111000001110010011111111111111111
image_05.jpeg,..\dataset\AI\gemini\43\image_05.jpeg,1,43,Gemini,reference_based,Yes,1,,,941,362,RGB,JPEG,22.1396484375,236.32675541941563,7.682773273072655,223.97497959734852,43.1624651336501,787f08ea81b2bbea552a8816f174ee14,1111111111111111111111110000000110000001100010011101111111111111
image_06.jpeg,..\dataset\AI\gemini\43\image_06.jpeg,1,43,Gemini,reference_based,Yes,1,,,941,362,RGB,JPEG,27.783203125,238.7086916823751,12.411317503164815,201.28087552327665,76.23886241921608,917aded3aee7c8fb54691ac047794f88,1111111111111111101111111000000010000000100010011100110111111111
image_07.jpeg,..\dataset\AI\gemini\43\image_07.jpeg,1,43,Gemini,reference_based,Yes,1,,,941,362,RGB,JPEG,24.796875,238.14981444392083,7.8743435254983405,213.5994827414118,58.93374050985536,8c2342c173c10d143d2c277d7cd37054,1111111111111111111111111000000010000000110010011100111111111111
image_08.jpeg,..\dataset\AI\gemini\43\image_08.jpeg,1,43,Gemini,reference_based,Yes,1,,,941,362,RGB,JPEG,23.2255859375,237.89817978322338,9.754629884303252,214.72495170883215,56.17887651018679,a63268cfaa87a36bd369a6f190dab5c3,1111111111111111111111111000000010000001110010011101110111111111
image_09.jpeg,..\dataset\AI\gemini\43\image_09.jpeg,1,43,Gemini,reference_based,Yes,1,,,941,363,RGB,JPEG,24.7490234375,233.16084296596958,4.539106331215953,217.42698553499443,56.529180643339764,ee7a3e2cf9a23a207044df4e62355986,1111111111111111111111111000110110000001100000011100100111111111
image_10.jpeg,..\dataset\AI\gemini\43\image_10.jpeg,1,43,Gemini,reference_based,Yes,1,,,941,363,RGB,JPEG,27.044921875,234.8442601252978,17.19702359249131,217.26410857683197,54.94172222555097,821d45fb86dafb24eca6e0e6d4f9f0a0,1111111111111111111111111000100010000000100010001100110111111111
image_11.jpeg,..\dataset\AI\gemini\43\image_11.jpeg,1,43,Gemini,reference_based,Yes,1,,,941,363,RGB,JPEG,23.8466796875,235.34195123385982,4.61141084722627,218.11739460101938,58.07733223510893,98f54c32ab809c93ed99a61b66b9f64a,1111111111111111111111111100000110000000110000001110110111111111
image_12.jpeg,..\dataset\AI\gemini\43\image_12.jpeg,1,43,Gemini,reference_based,Yes,1,,,941,363,RGB,JPEG,24.849609375,235.5759139974705,4.385517773236427,216.63490279082976,55.8904622237279,470d89f399f56e28b3613ea8880e2273,1111111111111111111111111100000010000000110000011100110111111111
image_01.jpeg,..\dataset\AI\gemini\44\image_01.jpeg,1,44,Gemini,reference_based,Yes,1,,,960,373,RGB,JPEG,27.8603515625,225.74549511141427,30.48868758967219,213.3463667336908,55.68714828953887,ae8047d2efc380c212a76301f803d486,1111111111111111111110111000000010000000100001001111111011111111
image_02.jpeg,..\dataset\AI\gemini\44\image_02.jpeg,1,44,Gemini,reference_based,Yes,1,,,960,373,RGB,JPEG,26.4169921875,228.04659788540246,24.43871341685342,217.4591515862377,50.24075972729172,a1c242527103c932fadd9d9a684e21f3,1111111111111111111110111000000010000000110000001111111111111111
image_03.jpeg,..\dataset\AI\gemini\44\image_03.jpeg,1,44,Gemini,reference_based,Yes,1,,,960,373,RGB,JPEG,26.5478515625,231.32165188722146,0.9533196587550448,218.31355842269883,48.958516474488455,7eba60ebb6f03b5fa15e939d3e70288a,1111111111111111111110111000000010000000100000001111110111111111
image_04.jpeg,..\dataset\AI\gemini\44\image_04.jpeg,1,44,Gemini,reference_based,Yes,1,,,960,373,RGB,JPEG,25.166015625,230.80844986357434,1.0106238175847648,216.50406613047363,49.87980437058127,8fabe6a28e8a6fe3c2176ea9e5bbb728,1111111111111111111100110000000100000001100010011111111111111111
image_05.jpeg,..\dataset\AI\gemini\44\image_05.jpeg,1,44,Gemini,reference_based,Yes,1,,,960,374,RGB,JPEG,27.173828125,224.77750340599454,27.30898841688864,212.49649064171123,53.70222355318318,739d5629b1f2f5ae6a8fc1a6a70e95d7,1111111111111011100000011000000010000000111111101111111111111111
image_06.jpeg,..\dataset\AI\gemini\44\image_06.jpeg,1,44,Gemini,reference_based,Yes,1,,,960,374,RGB,JPEG,28.0,225.9404518619437,26.359405602890433,215.27929757130124,51.68554076329391,4240d9da26764576244d2d4b1745026f,1111111111111011110010001000000010000000111111101111111111111111
image_07.jpeg,..\dataset\AI\gemini\44\image_07.jpeg,1,44,Gemini,reference_based,Yes,1,,,960,374,RGB,JPEG,28.552734375,229.66961852861036,1.386632935922328,215.90872883244208,50.37261882273547,441e8fc6a6ffdc1485b769297524f567,1111111111111011100000011000000010000000111111011111111111111111
image_08.jpeg,..\dataset\AI\gemini\44\image_08.jpeg,1,44,Gemini,reference_based,Yes,1,,,960,374,RGB,JPEG,26.0771484375,228.73789452770208,1.3038697275228905,214.55264037433156,49.93207889779036,4674df4aaa55f1f173e7f3bd926d0abb,1111111111111011100000011000000110000001111111011111111111111111
image_09.jpeg,..\dataset\AI\gemini\44\image_09.jpeg,1,44,Gemini,reference_based,Yes,1,,,960,373,RGB,JPEG,25.908203125,223.94329809004094,20.244675527472477,210.84075904825738,52.47348486032928,696baec38cade07649e584eaeb5f6c3d,1111111111111011100000001000000010001100111111111111111111111111
image_10.jpeg,..\dataset\AI\gemini\44\image_10.jpeg,1,44,Gemini,reference_based,Yes,1,,,960,373,RGB,JPEG,26.8076171875,223.4020293315143,26.576017068772806,212.81532339142092,51.36337485046366,848896a10d6b21a0e872797874be1f73,1111111111111001100000001000000011011110111111111111111111111111
image_11.jpeg,..\dataset\AI\gemini\44\image_11.jpeg,1,44,Gemini,reference_based,Yes,1,,,960,373,RGB,JPEG,27.966796875,227.25945031832651,1.4319499128056536,213.33420464700626,50.69745628737158,5a6d6a6bdef84a84180bc79627614989,1111101111111011100000001000000010111100111111111111111111111111
image_12.jpeg,..\dataset\AI\gemini\44\image_12.jpeg,1,44,Gemini,reference_based,Yes,1,,,960,373,RGB,JPEG,25.341796875,226.5824380400182,1.075982799804107,212.43037310098302,50.55021117258265,cb88591fa9b820bf35d85582fc938351,1111111111110011000000011000000111111101111111111111111111111111
image_01.png,..\dataset\AI\gemini\45\image_01.png,1,45,Gemini,reference_based,Yes,1,,,950,367,RGB,PNG,247.8447265625,245.26987685231012,7.007837889715278,226.9429399110856,58.91474853183465,4fac29a61e0f8d78fe6f40576293a24c,1111111111111111111111111000000010000000101111111111111111111111
image_02.png,..\dataset\AI\gemini\45\image_02.png,1,45,Gemini,reference_based,Yes,1,,,950,367,RGB,PNG,240.869140625,249.66159131270197,1.7005284666730702,232.70807113150724,54.51138315971171,167fd20a3dda99b3167af4dec126cf0b,1111111111111111111111111000000010000000101111111111111111111111
image_03.png,..\dataset\AI\gemini\45\image_03.png,1,45,Gemini,reference_based,Yes,1,,,950,367,RGB,PNG,243.943359375,248.5482983492969,2.168410394790953,231.51833930876236,55.44277999473861,9ee717e23740ee37acbab20a0467bcc9,1111111111111111111111110000000010000001101111111111111111111111
image_04.png,..\dataset\AI\gemini\45\image_04.png,1,45,Gemini,reference_based,Yes,1,,,950,367,RGB,PNG,256.6796875,240.3214212931963,6.3428077744441875,222.38641617668148,59.50693395302707,102e8c82bdea5b97a09a25f97ca782dd,1111111111111111111111110000000100000001111111111111111111111111
image_05.png,..\dataset\AI\gemini\45\image_05.png,1,45,Gemini,reference_based,Yes,1,,,950,366,RGB,PNG,240.4501953125,246.52333683167163,7.881013087951845,228.42637043428243,59.44502099075239,1b7c4d77d07328e888fe966981fad261,1111111111111111100000001000000010000000111111111111111111111111
image_06.png,..\dataset\AI\gemini\45\image_06.png,1,45,Gemini,reference_based,Yes,1,,,950,366,RGB,PNG,240.6123046875,249.6050376071366,1.2579529464409052,232.2188668392292,54.45434185843021,f1990855fbe0201740c826cbf110fd64,1111111111111111100000001000000010101001111111111111111111111111
image_07.png,..\dataset\AI\gemini\45\image_07.png,1,45,Gemini,reference_based,Yes,1,,,950,366,RGB,PNG,240.41796875,248.58672963675588,1.4887630267617527,230.2437100949094,57.84895679114141,50e1a9ad1da2a5d9ee367c3f5f42a920,1111111111111111000000001000000010001001111111111111111111111111
image_08.png,..\dataset\AI\gemini\45\image_08.png,1,45,Gemini,reference_based,Yes,1,,,950,366,RGB,PNG,251.4931640625,242.09506734301206,5.903979661534409,223.95107851596202,60.53439042444961,f4598e1f9d7596d489aece9005541905,1111111111111111000000010000000110111001111111111111111111111111
image_09.png,..\dataset\AI\gemini\45\image_09.png,1,45,Gemini,reference_based,Yes,1,,,950,367,RGB,PNG,257.9814453125,238.08508253515387,12.0863883730087,220.2266255557149,60.03657484199086,2f88fd16dd4e95354536294e8b61d994,1111111110010010100000001000000011111111111111111111111111111111
image_10.png,..\dataset\AI\gemini\45\image_10.png,1,45,Gemini,reference_based,Yes,1,,,950,367,RGB,PNG,252.58203125,243.6535707007482,5.800087349557614,226.70199340312635,56.97127238602467,792b3b316adaa5d5dc74ad04aba1f90a,1111111110010000100000001000000111111111111111111111111111111111
image_11.png,..\dataset\AI\gemini\45\image_11.png,1,45,Gemini,reference_based,Yes,1,,,950,367,RGB,PNG,255.677734375,241.63144487466883,6.579574647223148,224.96195324824322,57.44178859790463,6175208159c5b3ae674a1e182fddcdf6,1111111110000001100000001000000111111111111111111111111111111111
image_12.png,..\dataset\AI\gemini\45\image_12.png,1,45,Gemini,reference_based,Yes,1,,,950,367,RGB,PNG,264.7353515625,231.16777781012547,11.332942709344977,214.83001577513267,58.86463683179086,2c2dfcaa63b2a34e36dfafc5423ea877,1111111100000001000000011000000111111111111111111111111111111100
image_01.png,..\dataset\AI\gemini\46\image_01.png,1,46,Gemini,reference_based,Yes,1,,,950,367,RGB,PNG,276.0185546875,241.16434248449735,13.087403598471534,222.38797074429945,57.48973240869246,5f96ce3cecc18df504b0528d1b6123a4,1111111111111111111111111000000010000000100011001111111111111111
image_02.png,..\dataset\AI\gemini\46\image_02.png,1,46,Gemini,reference_based,Yes,1,,,950,367,RGB,PNG,261.9677734375,247.4352965151824,6.563261790062932,230.21705722070845,52.87197216200967,779e1ad724e6ec6c807e54d1f03cfdbb,1111111111111111111111111000000010000001111111011111111111111111
image_03.png,..\dataset\AI\gemini\46\image_03.png,1,46,Gemini,reference_based,Yes,1,,,950,367,RGB,PNG,256.16015625,248.03318873911905,1.9648662634863554,231.72761795496916,52.81355778348894,1759b9e8a46ad9321a32b3f134b196f7,1111111111111111111111111000000100000001111111011111111111111111
image_04.png,..\dataset\AI\gemini\46\image_04.png,1,46,Gemini,reference_based,Yes,1,,,950,367,RGB,PNG,263.0419921875,242.65799586596407,5.329436010490759,225.11789473684212,56.45951941635241,9792d7b9c09a0909c768154237c286ad,1111111111111111111111110000000100000001111110011111111111111111
image_05.png,..\dataset\AI\gemini\46\image_05.png,1,46,Gemini,reference_based,Yes,1,,,950,366,RGB,PNG,270.7880859375,239.88537111538685,6.283300370206228,221.6931521426517,57.6410157663541,df6f10784660cc40321c8a00e8ff931b,1111111111111111111111111000000010000000111111011111111111111111
image_06.png,..\dataset\AI\gemini\46\image_06.png,1,46,Gemini,reference_based,Yes,1,,,950,366,RGB,PNG,282.990234375,243.42726371640137,2.9325250742246443,221.47050618349152,61.430634121529536,2fa6a879f27b734440f6d37376da5703,1111111111111111111000111000000010000001111111011111111111111111
image_07.png,..\dataset\AI\gemini\46\image_07.png,1,46,Gemini,reference_based,Yes,1,,,950,366,RGB,PNG,277.1591796875,244.11738382601598,2.452878482778601,223.10381075639918,59.65992787788021,ab6b06685d66b9f884c0169f362988ef,1111111111111111111111110000000100000001100010011111111111111111
image_08.png,..\dataset\AI\gemini\46\image_08.png,1,46,Gemini,reference_based,Yes,1,,,950,366,RGB,PNG,278.203125,240.4836161156784,4.47550584124767,220.15819096922635,59.23983188677453,22d452deb4fb723095cf67fdea159829,1111111111111111111110110000000100000001100010001111111111111111
image_09.png,..\dataset\AI\gemini\46\image_09.png,1,46,Gemini,reference_based,Yes,1,,,950,367,RGB,PNG,281.083984375,231.80891729016855,9.284540579886412,213.94887996558154,57.253365152410744,995aa1bb4950bd4c0cf9f4e6e136a895,1111111111111111111111011000000010000000111111011111111111111111
image_10.png,..\dataset\AI\gemini\46\image_10.png,1,46,Gemini,reference_based,Yes,1,,,950,367,RGB,PNG,284.8095703125,237.39327200209613,11.847941687828852,215.23885558583106,63.072984838099636,e6e81ba8bcd0f574a1a3beebdc92d5a2,1111111111111111111001011000000010000001100011001111111111111111
image_11.png,..\dataset\AI\gemini\46\image_11.png,1,46,Gemini,reference_based,Yes,1,,,950,367,RGB,PNG,276.5595703125,239.0028093976535,3.6240558181052256,221.39088484153163,56.59108164559605,a90e99a81ddd290982c258c3402cb096,1111111111111111110000010000000100000001111111111111111111111111
image_12.png,..\dataset\AI\gemini\46\image_12.png,1,46,Gemini,reference_based,Yes,1,,,950,367,RGB,PNG,276.8828125,233.08058458761536,7.525700899787154,215.19296142263013,58.26376477003578,5d01522986353a20ce28d6554921cbed,1111111111111111111000010000000100000001111110011111111111111111
image_01.jpeg,..\dataset\AI\gemini\47\image_01.jpeg,1,47,Gemini,reference_based,Yes,1,,,960,373,RGB,JPEG,23.279296875,254.45769383810824,4.184244506966286,241.64015303842717,54.25918477841703,b047f782e1aee0c18f053b4a9507f098,1111111111111111111111110000000100000000111111001111111111111111
image_02.jpeg,..\dataset\AI\gemini\47\image_02.jpeg,1,47,Gemini,reference_based,Yes,1,,,960,373,RGB,JPEG,24.71484375,251.60361243747158,21.467300583445933,240.81026865504916,55.61822678290983,966bd055e74bd238463dc1f20aa31c15,1111111111111111111111110000000010000000111111011111111111111111
image_03.jpeg,..\dataset\AI\gemini\47\image_03.jpeg,1,47,Gemini,reference_based,Yes,1,,,960,373,RGB,JPEG,25.34375,251.65116246020918,21.660801346802884,239.50294347631814,58.0827445909539,6adb7ef204c017f1625a7e2c2bccda70,1111111111111111111111110000000000000000111111011111111111111111
image_04.jpeg,..\dataset\AI\gemini\47\image_04.jpeg,1,47,Gemini,reference_based,Yes,1,,,960,373,RGB,JPEG,23.9697265625,254.43293826739426,3.7262006949401116,239.52733188114388,58.42043605080289,0235dfc33691a61f67eabc62579944f3,1111111111111111111111110000000000000001111111011111111111111111
image_05.jpeg,..\dataset\AI\gemini\47\image_05.jpeg,1,47,Gemini,reference_based,Yes,1,,,960,372,RGB,JPEG,25.1875,250.40625,27.817639584418572,237.78320732526882,61.20225881288277,b58dbda1b77ece9ca88af4560a80d71a,1111111111111111111111110000000010000000101111011111111111111111
image_06.jpeg,..\dataset\AI\gemini\47\image_06.jpeg,1,47,Gemini,reference_based,Yes,1,,,960,372,RGB,JPEG,25.4794921875,248.11347336065575,32.568550105758796,238.32945228494623,59.88271056854415,2b3cb2cb61c6beee198ec51de5c0348a,1111111111111111111111110000000010000000101111011111111111111111
image_07.jpeg,..\dataset\AI\gemini\47\image_07.jpeg,1,47,Gemini,reference_based,Yes,1,,,960,372,RGB,JPEG,26.009765625,248.26188239981786,32.185573464856446,237.89510808691756,60.66003089109807,c6abc3a006a4a7796899e73ec4e459d6,1111111111111111111111110000000010000001101111011111111111111111
image_08.jpeg,..\dataset\AI\gemini\47\image_08.jpeg,1,47,Gemini,reference_based,Yes,1,,,960,372,RGB,JPEG,25.0263671875,250.66947005919855,26.325143925784012,237.4300067204301,61.78980042643208,31fbd557196a2ad355817b8f34daebcf,1111111111111111111111110000000000000000101111011111111111111111
image_09.jpeg,..\dataset\AI\gemini\47\image_09.jpeg,1,47,Gemini,reference_based,Yes,1,,,960,373,RGB,JPEG,24.0380859375,254.90067928603912,3.936037975626463,237.90763516532618,61.49002597192291,7150502c9a9ef80799b6bb1c2621da05,1111111111111111111111110000000010000000101111011111111111111111
image_10.jpeg,..\dataset\AI\gemini\47\image_10.jpeg,1,47,Gemini,reference_based,Yes,1,,,960,373,RGB,JPEG,24.978515625,251.72548601637106,22.760779761401142,237.4610645665773,61.90429227295761,8fa39c77fbeee6822474ea8375869ff9,1111111111111111111111110000000010000000101111011111111111111111
image_11.jpeg,..\dataset\AI\gemini\47\image_11.jpeg,1,47,Gemini,reference_based,Yes,1,,,960,373,RGB,JPEG,24.66015625,254.00630968622102,11.771574389116394,237.25548201519214,62.51953110241708,af38fe6c63b2fe5d32dc2bbed578f646,1111111111111111111111110000000010000001101111011111111111111111
image_12.jpeg,..\dataset\AI\gemini\47\image_12.jpeg,1,47,Gemini,reference_based,Yes,1,,,960,373,RGB,JPEG,23.4794921875,254.9213278763074,0.26922633720772143,237.82581546023235,61.65860886844916,77097df3da7eb558fb009cd43dac5a0a,1111111111111111111111110000000010000001101111011111111111111111
image_01.jpeg,..\dataset\AI\gemini\48\image_01.jpeg,1,48,Gemini,reference_based,Yes,1,,,688,512,RGB,JPEG,24.5927734375,235.2003438511327,21.59791633601372,226.98368799963663,49.68226357424251,5427b06f1c03abaf1b12b4bc197d70b2,1111111111111111101001110000000010000000111111001111111111111111
image_02.jpeg,..\dataset\AI\gemini\48\image_02.jpeg,1,48,Gemini,reference_based,Yes,1,,,688,512,RGB,JPEG,26.6435546875,235.40149676375404,21.435283990366862,225.00890261627907,53.94277242931095,efb56dffa38d734232132420fc2665cf,1111111111111111001001110000000110000000111111001111111111111111
image_03.jpeg,..\dataset\AI\gemini\48\image_03.jpeg,1,48,Gemini,reference_based,Yes,1,,,688,512,RGB,JPEG,26.4501953125,234.92222896440128,21.742483449416035,226.39353765443315,51.30596960451042,bdfdd73bf3129804274efc5680004cd1,1111111111101111000000110000000111110001111111011111111111111111
image_04.jpeg,..\dataset\AI\gemini\48\image_04.jpeg,1,48,Gemini,reference_based,Yes,1,,,688,512,RGB,JPEG,19.3193359375,235.40234916782248,20.575495541745564,231.24126487554506,41.57620802197322,57c2b861bae61eaa6f12cffcb54ecadd,1111111111111111110000111100001111000011111100001111111101111111
image_05.jpeg,..\dataset\AI\gemini\48\image_05.jpeg,1,48,Gemini,reference_based,Yes,1,,,688,512,RGB,JPEG,26.0478515625,237.43604079981506,14.348344274626541,225.28716615188952,53.89949563296,4dac80d6d3a82110922d97d1f75f7d81,1111111111111111000001110000000111110001111110001111111111111111
image_06.jpeg,..\dataset\AI\gemini\48\image_06.jpeg,1,48,Gemini,reference_based,Yes,1,,,688,512,RGB,JPEG,27.26171875,237.2563569116967,14.625537242009708,224.81709608920784,54.60702672062262,643617067c254ae761994f06a3da9b79,1111111111111111000001110000000111110001111111001111111111111111
image_07.jpeg,..\dataset\AI\gemini\48\image_07.jpeg,1,48,Gemini,reference_based,Yes,1,,,688,512,RGB,JPEG,28.185546875,236.9749479889043,15.071578792000242,224.2354367278343,55.33180298863118,d911b8fabe34f4d5ceb0c1d7c11eaac5,1111111111101111000001111000001111110001111100011111110111111111
image_08.jpeg,..\dataset\AI\gemini\48\image_08.jpeg,1,48,Gemini,reference_based,Yes,1,,,688,512,RGB,JPEG,23.28125,237.53801144244105,14.769471225487317,229.82000590479652,44.909508461306466,1bae8dfdbdea11d2eb823c07171262b5,1111111111111111000000110000000111111001111111111111111111111111
image_09.jpeg,..\dataset\AI\gemini\48\image_09.jpeg,1,48,Gemini,reference_based,Yes,1,,,688,512,RGB,JPEG,26.330078125,233.87296289875172,22.380735163151922,224.11543309411337,53.946990530950806,e726dfebf5b46f556475d5c4fc706df4,1111111111111111111010010000000100000000111111111111111111111111
image_10.jpeg,..\dataset\AI\gemini\48\image_10.jpeg,1,48,Gemini,reference_based,Yes,1,,,688,512,RGB,JPEG,27.6357421875,233.72874768839574,22.402412116189158,223.2651480741279,55.26367237138275,0463a6de873b3046afa5156375e90650,1111111111111111111010010000000100000001111111111111111111111111
image_11.jpeg,..\dataset\AI\gemini\48\image_11.jpeg,1,48,Gemini,reference_based,Yes,1,,,688,512,RGB,JPEG,28.9482421875,233.33996474803513,22.894042531795705,222.73681356740553,55.77925872734947,f7aa4db1efa3d5b9aa4faacfe56b515d,1111111111111111111000010000000110000001100111111111111111111111
image_12.jpeg,..\dataset\AI\gemini\48\image_12.jpeg,1,48,Gemini,reference_based,Yes,1,,,688,512,RGB,JPEG,27.1171875,234.09499248728616,22.07384164264831,224.41058207667152,53.12276450693283,c10536b4d4e1363c0e7e7e85d61820d8,1111111111111111111000010000000110000001110111111111111111111111
image_01.jpeg,..\dataset\AI\gemini\49\image_01.jpeg,1,49,Gemini,reference_based,Yes,1,,,958,373,RGB,JPEG,30.08984375,241.68355140186915,26.57214540316902,232.86877263288687,50.50167572050193,2c73e8f9cbcc645e3c182b87dcbf92ae,1111111111111111100111011000000111000001110011111100111111101111
image_02.jpeg,..\dataset\AI\gemini\49\image_02.jpeg,1,49,Gemini,reference_based,Yes,1,,,958,373,RGB,JPEG,32.3525390625,237.33436376707405,39.99978133847435,221.7563288128194,68.09136525790734,ca73562c2483834bfdf51ba5225ea5f4,1111111111111111100010011000000110000001110011111110111111111111
image_03.jpeg,..\dataset\AI\gemini\49\image_03.jpeg,1,49,Gemini,reference_based,Yes,1,,,958,373,RGB,JPEG,31.2978515625,237.338360891445,39.72419152819268,228.62735983701523,57.863696114478614,d3c5f53f39130df3e95fae80f2b51b3b,1111111111111111110110011000000110000001110011111100111111111111
image_04.jpeg,..\dataset\AI\gemini\49\image_04.jpeg,1,49,Gemini,reference_based,Yes,1,,,958,373,RGB,JPEG,30.138671875,237.32527677929548,40.37158859323787,230.93448986102638,53.91417987805622,1bbbc8baf1b4a90c2c42fcfae55d287e,1111111111111111100010011000000110000001110011111100111101111111
image_05.jpeg,..\dataset\AI\gemini\49\image_05.jpeg,1,49,Gemini,reference_based,Yes,1,,,958,374,RGB,JPEG,33.0361328125,231.17397047843318,51.13885342631614,226.50117501925803,60.72742675450551,e535e3174d54f852757e05b72c141fba,1111111111111111100000011000000110001001110011111100011111111111
image_06.jpeg,..\dataset\AI\gemini\49\image_06.jpeg,1,49,Gemini,reference_based,Yes,1,,,958,374,RGB,JPEG,32.3720703125,227.18407903049797,58.09648945007601,228.38943933997967,57.31493635694735,83b7109bb4c364005009d27d8f486aea,1111111111111111100000010000000110000011110011111110111101111111
image_07.jpeg,..\dataset\AI\gemini\49\image_07.jpeg,1,49,Gemini,reference_based,Yes,1,,,958,374,RGB,JPEG,30.9619140625,227.05813853311125,58.34987890502426,229.51226374018955,55.11999005796204,487caccaa346ed0873c461f60b8c05e9,0111111111111111111110011000000110000011110011111100111101111111
image_08.jpeg,..\dataset\AI\gemini\49\image_08.jpeg,1,49,Gemini,reference_based,Yes,1,,,958,374,RGB,JPEG,31.982421875,227.12337028315432,58.45639638735712,229.29076563250086,55.420615970334616,2801a9f37813df8992d78da7e5e98588,0111111111111111100100011000000110001001110011111100111101111111
image_09.jpeg,..\dataset\AI\gemini\49\image_09.jpeg,1,49,Gemini,reference_based,Yes,1,,,958,373,RGB,JPEG,28.87890625,239.8806613946801,30.68448641473339,232.03940571006396,51.659573304051605,2286059b0874ebd5713cb804db0275c2,1111111111111111100000011000000110001011110011111110111111111111
image_10.jpeg,..\dataset\AI\gemini\49\image_10.jpeg,1,49,Gemini,reference_based,Yes,1,,,958,373,RGB,JPEG,31.4814453125,235.81115744069015,42.068480295703836,227.55846910733376,59.45694417236453,929ccb6eb0a64fa9931022f9500e0ae9,1111111111111111100000011000000110000001110011111110111111111111
image_11.jpeg,..\dataset\AI\gemini\49\image_11.jpeg,1,49,Gemini,reference_based,Yes,1,,,958,373,RGB,JPEG,30.0576171875,235.72408339324227,42.53267279821957,228.9855233479042,57.02820708119405,8ad1845ee71fcead509474b4d5ae02ab,1111111111111111100100011000000110000011110011111100111111111111
image_12.jpeg,..\dataset\AI\gemini\49\image_12.jpeg,1,49,Gemini,reference_based,Yes,1,,,958,373,RGB,JPEG,30.6005859375,235.974493170381,42.2888769319102,230.53464545775103,54.055689841385515,b7b90999d9ea71c7b91bc43d535994fd,1111111111111111100000011000000110000001110011111110111111111111
image_01.jpeg,..\dataset\AI\gemini\5\image_01.jpeg,1,5,Gemini,reference_based,Yes,1,,,1080,280,RGB,JPEG,81.052734375,236.78133267195767,9.583201452324651,222.3671164021164,51.8723188318879,ec83bc2f5f79e68ed1b4a5a7e23b7de5,1111111111111111110011111000000110000001110000011111111111111111
image_02.jpeg,..\dataset\AI\gemini\5\image_02.jpeg,1,5,Gemini,reference_based,Yes,1,,,1080,280,RGB,JPEG,82.4150390625,238.14666005291005,11.522887511213334,221.8348082010582,52.669528503999196,e3490b8b1a5e514593245e22cbb7c53b,1111111111111111110011111000000110000001100000011111110111111111
image_03.jpeg,..\dataset\AI\gemini\5\image_03.jpeg,1,5,Gemini,reference_based,Yes,1,,,1080,280,RGB,JPEG,81.2275390625,236.42597552910053,10.808180960213118,221.45549933862435,53.82858870052306,5498feaa8c0dd1fda1b02a9b42517948,1111111111111111110011111000000110000001100000011111111111111111
image_04.jpeg,..\dataset\AI\gemini\5\image_04.jpeg,1,5,Gemini,reference_based,Yes,1,,,1080,280,RGB,JPEG,81.984375,238.74598214285714,12.375453951684486,220.66873346560845,54.844321472698084,42ff03bf25739bba0ecf05ae61d09ea3,1111111111111111110011111000000110000001111110010111111111111111
image_05.jpeg,..\dataset\AI\gemini\5\image_05.jpeg,1,5,Gemini,reference_based,Yes,1,,,1080,280,RGB,JPEG,81.9248046875,240.81064814814815,12.147459522893142,221.88915013227512,53.40644477888958,da8a88673651aeb0ad61a85415ea3a03,1111111111111111110011111000000110000001111110011111111111111111
image_06.jpeg,..\dataset\AI\gemini\5\image_06.jpeg,1,5,Gemini,reference_based,Yes,1,,,1080,280,RGB,JPEG,82.580078125,238.64611441798942,12.55334831891512,220.4041435185185,55.60118045405299,7f28756618eccfc89c50de421972d83b,1111111111001111100011111000000110000001111110011111111111111111
image_07.jpeg,..\dataset\AI\gemini\5\image_07.jpeg,1,5,Gemini,reference_based,Yes,1,,,1080,280,RGB,JPEG,81.685546875,235.83784722222222,11.86569655591623,220.08671626984128,54.79865252222455,27e838369c14d694f0d4408bf25d3005,1111111111001111100000011000000110000001111111011111111101111111
image_08.jpeg,..\dataset\AI\gemini\5\image_08.jpeg,1,5,Gemini,reference_based,Yes,1,,,1080,280,RGB,JPEG,82.0634765625,237.07161044973546,11.971313578523475,219.93167658730158,53.252484956114714,d7bedc37bc32a84afd0b0d76fa1b8539,1111111111001111100000011000000110000001111110011111111111111111
image_09.jpeg,..\dataset\AI\gemini\5\image_09.jpeg,1,5,Gemini,reference_based,Yes,1,,,1080,280,RGB,JPEG,80.00390625,236.9439484126984,10.443220112340786,223.55708994708993,50.940916483897524,0f3040d9229e4ee96c5d1dd36e4d532f,1111111111111111000000110000000110000001111111011111111101111111
image_01.jpeg,..\dataset\AI\gemini\50\image_01.jpeg,1,50,Gemini,reference_based,Yes,1,,,983,363,RGB,JPEG,19.5126953125,254.27237112820947,11.365286944961353,247.44520484601867,40.20339525320239,3bc1907748aeffee273cf824018fbe1d,1111111111111111111011111000111110000000111000001111110011111111
image_02.jpeg,..\dataset\AI\gemini\50\image_02.jpeg,1,50,Gemini,reference_based,Yes,1,,,983,363,RGB,JPEG,22.1083984375,253.65933880104845,16.756376272053735,243.13297966252742,51.16518045611721,47da175c2d7902cd5424076eee840b8d,1111111111111111111011111000111110000000110000001111110011111111
image_03.jpeg,..\dataset\AI\gemini\50\image_03.jpeg,1,50,Gemini,reference_based,Yes,1,,,983,363,RGB,JPEG,16.970703125,254.1638905329613,12.81591735168416,249.86009825434593,27.12156103160442,9cb960e732a7e85386e3aeaa1778908b,1111111111111111111111111110110110000000100000011111110111111111
image_04.jpeg,..\dataset\AI\gemini\50\image_04.jpeg,1,50,Gemini,reference_based,Yes,1,,,983,363,RGB,JPEG,22.16796875,254.7713705927116,0.41994999870384475,239.16660361125358,59.33513059593102,e018e87e5beb69da043c517fc3c182db,1111111111111111111111111000000010000001100000111111001111111111
image_05.jpeg,..\dataset\AI\gemini\50\image_05.jpeg,1,50,Gemini,reference_based,Yes,1,,,983,362,RGB,JPEG,19.6689453125,254.96048769473921,0.19596594652321714,234.37747508753787,67.94657714268858,ae56ed684732063262158bfbf0e339be,1111111111111111110111111000000110000001111110011111111111111111
image_06.jpeg,..\dataset\AI\gemini\50\image_06.jpeg,1,50,Gemini,reference_based,Yes,1,,,983,362,RGB,JPEG,19.80078125,254.96703544818243,0.17901739745664577,240.99991850407199,56.214118672602055,a8fb4d381e93a9460f2d726561d82bd4,1111111111011111110011111100001111110001111110011111101111111111
image_07.jpeg,..\dataset\AI\gemini\50\image_07.jpeg,1,50,Gemini,reference_based,Yes,1,,,983,362,RGB,JPEG,18.80859375,254.96037480243848,0.19551056168620135,246.48966406816433,41.96006190652209,d39312fed4c9da1af31bfdb40e727e69,1111111111111111110110011000000110000001111110111111111111111111
image_08.jpeg,..\dataset\AI\gemini\50\image_08.jpeg,1,50,Gemini,reference_based,Yes,1,,,983,362,RGB,JPEG,19.849609375,254.88214043802213,0.3228791048985978,240.96816600439516,56.077850007342086,c93551f8a85dfdc5f221607bf3952c87,1111111111111111111111111000000110000001100100111111101111111111
image_09.jpeg,..\dataset\AI\gemini\50\image_09.jpeg,1,50,Gemini,reference_based,Yes,1,,,983,363,RGB,JPEG,21.1787109375,254.37346748964234,11.070816704560782,244.18816856253275,48.16613870577013,65136e6dfb4465478a54dfb8a2a8440b,1111111111111110100000011100000111111001111111111111111111111111
image_10.jpeg,..\dataset\AI\gemini\50\image_10.jpeg,1,50,Gemini,reference_based,Yes,1,,,983,363,RGB,JPEG,19.59765625,254.93816408782166,0.27113370564318473,242.82594744261257,52.12211381794854,47a178f595944a5b46b8a902b6acb6ef,1111111111111111110000011100000111001001111111011111111111111111
image_11.jpeg,..\dataset\AI\gemini\50\image_11.jpeg,1,50,Gemini,reference_based,Yes,1,,,983,363,RGB,JPEG,21.384765625,254.93178038950424,0.279630546216736,238.0777178984892,61.5885990286864,a6dcdae54bd4c107e68757eb2cae64b8,1111111111111111100000011000000110011001111110111111111111111111
image_12.jpeg,..\dataset\AI\gemini\50\image_12.jpeg,1,50,Gemini,reference_based,Yes,1,,,983,363,RGB,JPEG,18.33984375,254.87014176601562,0.3526775423210447,244.23361610183028,49.217568475057035,bd965556f21fc02546fcdca3c4def23a,1111111111111111100000011000001111110011111111111111111111111111
image_01.jpeg,..\dataset\AI\gemini\51\image_01.jpeg,1,51,Gemini,reference_based,Yes,1,,,978,363,RGB,JPEG,26.2578125,236.41616706634693,17.14545817076059,223.9917270868191,50.31555964434415,f24567c9e1de12814c26450a11c38d1f,1111111111111111110010101000000010000001101001111111111111111111
image_02.jpeg,..\dataset\AI\gemini\51\image_02.jpeg,1,51,Gemini,reference_based,Yes,1,,,977,363,RGB,JPEG,29.3115234375,236.80312767780634,16.13068820292575,220.60708414751403,57.9435352919815,45fbeb2a0a2f5ebb756a6669a343fbae,1111111111111111110000010100000111000001111101011111001111111111
image_03.jpeg,..\dataset\AI\gemini\51\image_03.jpeg,1,51,Gemini,reference_based,Yes,1,,,977,363,RGB,JPEG,28.5234375,237.4095972579263,12.787802331503968,222.85427081835383,53.8014210557248,282718e1e49c10b993548dc63e681c10,1111111111111111100000001000000110000001111010011111111111111111
image_04.jpeg,..\dataset\AI\gemini\51\image_04.jpeg,1,51,Gemini,reference_based,Yes,1,,,978,363,RGB,JPEG,28.4541015625,238.42054927486583,2.84947384916621,222.15639383235592,55.13882752096874,80bd25c52893a0f0bde411248945e520,1111111111111111100000010000000110000001110010011111111111111111
image_05.jpeg,..\dataset\AI\gemini\51\image_05.jpeg,1,51,Gemini,reference_based,Yes,1,,,978,362,RGB,JPEG,27.810546875,236.22767295597484,15.24312760498247,224.58333050876183,49.317147178636795,f5180af8ef59bc5ec5498d5d6680d9c1,1111111111111111110111001000000010000001111001001011111111111111
image_06.jpeg,..\dataset\AI\gemini\51\image_06.jpeg,1,51,Gemini,reference_based,Yes,1,,,977,362,RGB,JPEG,27.66015625,236.13297294205137,19.37122467838974,225.54370974400155,48.37364207953899,a91734acc94dedd43ec9dae23bdb2eb7,1111111111111111110000000000000011000000110101001111111111111111
image_07.jpeg,..\dataset\AI\gemini\51\image_07.jpeg,1,51,Gemini,reference_based,Yes,1,,,977,362,RGB,JPEG,26.955078125,236.51656083748068,18.60026325729077,226.30111062730086,46.37544257024067,641b7fe6099e36b730d02ad10f0f8f7d,1111111111111111010000001000000010000001111010011111111111111111
image_08.jpeg,..\dataset\AI\gemini\51\image_08.jpeg,1,51,Gemini,reference_based,Yes,1,,,978,362,RGB,JPEG,28.314453125,237.74142367066895,10.521128483733001,219.61372007366484,59.89009040792711,e309399f7f751767f51c9545bf1ad64a,1111111111111111100000010000000110000011111010111111111111111111
image_09.jpeg,..\dataset\AI\gemini\51\image_09.jpeg,1,51,Gemini,reference_based,Yes,1,,,978,363,RGB,JPEG,23.2041015625,237.44241749457578,7.5937798273299455,230.4928284518357,35.69559655576935,1c366aacac7e18abc95db1810c32eea0,1111111111111111100000001000000011000100111111111111111111111111
image_10.jpeg,..\dataset\AI\gemini\51\image_10.jpeg,1,51,Gemini,reference_based,Yes,1,,,977,363,RGB,JPEG,27.94140625,234.8952442159383,24.83121331631642,221.57345672224244,56.55544486294352,36d33f52ebf381b32ace78754e648449,1111111111111111100000001100000011100100110101101111111111111111
image_11.jpeg,..\dataset\AI\gemini\51\image_11.jpeg,1,51,Gemini,reference_based,Yes,1,,,977,363,RGB,JPEG,26.798828125,234.23120536989433,28.463846292985917,220.67089335713138,58.53536798196231,7d637a010ac18f220727b33a6eff0161,1111111111111111000000001100000111000101111111111111111111111111
image_12.jpeg,..\dataset\AI\gemini\51\image_12.jpeg,1,51,Gemini,reference_based,Yes,1,,,978,363,RGB,JPEG,27.625,236.54540653191734,18.00853858746964,221.7910082419285,56.008072914014825,83b54ffa9ff76a6022479728a3318863,1111111111111111000000001000000111001001101011111111111111111111
image_01.jpeg,..\dataset\AI\gemini\52\image_01.jpeg,1,52,Gemini,reference_based,Yes,1,,,688,512,RGB,JPEG,27.4033203125,244.55160656495607,8.845208573558278,231.3718971429869,46.78882853907356,0ba5048a8a8094dd24934d81830a5a89,1111111111111111100111111000000010000000111011111111111111111111
image_02.jpeg,..\dataset\AI\gemini\52\image_02.jpeg,1,52,Gemini,reference_based,Yes,1,,,688,512,RGB,JPEG,24.2578125,244.2543776005548,4.167737102884316,234.59809910973837,38.71492010947249,b847e8245b5ffa894923d86aed606845,1111111111111111110111111000000110000001111011111111111111111111
image_03.jpeg,..\dataset\AI\gemini\52\image_03.jpeg,1,52,Gemini,reference_based,Yes,1,,,688,512,RGB,JPEG,30.1884765625,243.34000809061487,14.784682385523324,229.0367289698401,50.446819351810895,a445cedcade0430bed4ea1f016d6b58a,1111111111111111101111110000000010000000100011111111111111111111
image_04.jpeg,..\dataset\AI\gemini\52\image_04.jpeg,1,52,Gemini,reference_based,Yes,1,,,688,512,RGB,JPEG,26.736328125,244.6560043920481,4.035114925079952,232.36211448492006,45.13511700342087,f1f03a280e3a7f78b05282cbb9b604bb,1111111111111111111111111000000010000001100011111111111111111111
image_05.jpeg,..\dataset\AI\gemini\52\image_05.jpeg,1,52,Gemini,reference_based,Yes,1,,,688,512,RGB,JPEG,25.416015625,245.5948913546001,4.942525004583032,236.13806720112646,37.333806500293434,312db7ee0098fd49bd1e0a8c7a3d271c,1111111111111111100111111000000010000001111111111111111111111111
image_06.jpeg,..\dataset\AI\gemini\52\image_06.jpeg,1,52,Gemini,reference_based,Yes,1,,,688,512,RGB,JPEG,26.9130859375,245.25731044845122,4.843910254404001,227.8396734193314,54.728911786220955,a801eb776851bffa2fd680b077471757,1111111111111111100111111000000010000000111111111111111111111111
image_07.jpeg,..\dataset\AI\gemini\52\image_07.jpeg,1,52,Gemini,reference_based,Yes,1,,,688,512,RGB,JPEG,24.1904296875,245.31158980582524,5.1200635352250465,237.4649800145349,31.585222903280126,8e227de7aef1d6ab45a56ebaf6bf8535,1111111111111111101111111000000010000000111111111111111111111111
image_08.jpeg,..\dataset\AI\gemini\52\image_08.jpeg,1,52,Gemini,reference_based,Yes,1,,,688,512,RGB,JPEG,27.0380859375,245.9871705963939,4.49024313320642,231.93985907976017,47.26569644053932,430a1ac9983b71ed52358dca87a57c7d,1111111111111111101111111000000010000001111111111111111111111111
image_09.jpeg,..\dataset\AI\gemini\52\image_09.jpeg,1,52,Gemini,reference_based,Yes,1,,,688,512,RGB,JPEG,26.9833984375,245.5294007165973,4.145101677171626,232.14219488099565,47.999011853141226,82e39d6e2b381ba6a4984ce8f8f75949,1111111111111111100111111000000010000001111111111111111111111111
image_10.jpeg,..\dataset\AI\gemini\52\image_10.jpeg,1,52,Gemini,reference_based,Yes,1,,,688,512,RGB,JPEG,28.1064453125,244.6238586453999,8.85113450691707,233.8532232240189,42.552162789597425,de29e2b32180dd1754b1406c8584608d,1111111110011111100010101000000010000111111011111111111111111111
image_11.jpeg,..\dataset\AI\gemini\52\image_11.jpeg,1,52,Gemini,reference_based,Yes,1,,,688,512,RGB,JPEG,25.818359375,245.50301953305595,4.195069689394772,234.1904665924782,43.13632104443316,559b6b8c797170d14de6d66e86f70378,1111111111111111100111111000000110000001111111111111111111111111
image_12.jpeg,..\dataset\AI\gemini\52\image_12.jpeg,1,52,Gemini,reference_based,Yes,1,,,688,512,RGB,JPEG,26.65625,245.68218331021728,3.8658119794466757,232.8958002134811,46.725212604113246,f6a1cf71259e56f20299363b8da0657f,1111111111111111100111011000000110000001111111111111111111111111
image_01.jpeg,..\dataset\AI\gemini\53\image_01.jpeg,1,53,Gemini,reference_based,Yes,1,,,958,373,RGB,JPEG,24.2685546875,252.82856937455068,20.690597034537657,245.34314115085607,43.932572785573754,0d98100e057d3bafac24205727bff4f4,1111111111111111101111111111111110000000100000001100101111111111
image_02.jpeg,..\dataset\AI\gemini\53\image_02.jpeg,1,53,Gemini,reference_based,Yes,1,,,957,373,RGB,JPEG,23.865234375,251.8942802888627,25.15852552156957,244.6181039385255,46.25237912528786,63d0db4397d2b805286fddcfd8dc04a8,1111111111111111110111111111111101000000110000001110101111111111
image_03.jpeg,..\dataset\AI\gemini\53\image_03.jpeg,1,53,Gemini,reference_based,Yes,1,,,957,373,RGB,JPEG,23.6005859375,253.348821820065,18.46551914538439,244.48812615383753,46.54724448891947,eb17c153edd03adf89fd2f061e088553,1111111111111111101111111001111100000000100000011111111111111111
image_04.jpeg,..\dataset\AI\gemini\53\image_04.jpeg,1,53,Gemini,reference_based,Yes,1,,,958,373,RGB,JPEG,22.9560546875,254.11643421998562,12.032526679151557,245.46856162581787,44.02509732571565,d41b3096073edbaef20e9726ed1e3677,1111111111111111011111110001111100000001000000011111111111111111
image_05.jpeg,..\dataset\AI\gemini\53\image_05.jpeg,1,53,Gemini,reference_based,Yes,1,,,958,374,RGB,JPEG,23.5537109375,252.49030785135832,23.01934321874005,245.11852902102197,44.9791558790585,86cba768db796e4ea8099df0129811a5,1111111111111111101111111100110110000000100000101111111111111111
image_06.jpeg,..\dataset\AI\gemini\53\image_06.jpeg,1,53,Gemini,reference_based,Yes,1,,,957,374,RGB,JPEG,23.61328125,251.39097517526722,27.83033685159318,244.73434976726512,46.027580656822664,115f43ca38915fab558db0ea2f542fa8,1111111111111111100111110100000010000000110010101111111111111111
image_07.jpeg,..\dataset\AI\gemini\53\image_07.jpeg,1,53,Gemini,reference_based,Yes,1,,,957,374,RGB,JPEG,23.6484375,253.50287323296172,17.908071381134018,244.38889075151292,46.86233610977183,95151b6063f69d9ece6b247aa32db9ca,1111111111111111101111110000000010000000110001011111111111111111
image_08.jpeg,..\dataset\AI\gemini\53\image_08.jpeg,1,53,Gemini,reference_based,Yes,1,,,958,374,RGB,JPEG,23.14453125,254.2127247142611,12.401552755999505,245.32565895973116,44.52509378049278,c9b91d1907267b344111f63abd8b5982,1111111111111111001111111000000000000001100101111111111111111111
image_09.jpeg,..\dataset\AI\gemini\53\image_09.jpeg,1,53,Gemini,reference_based,Yes,1,,,958,373,RGB,JPEG,23.9873046875,252.817311286844,21.270917816300653,244.4235785007864,46.49946723078071,ae9a3663c3d6a99a438d63a7bd73179a,1111111110011111110011011000000010000000111111111111111111111111
image_10.jpeg,..\dataset\AI\gemini\53\image_10.jpeg,1,53,Gemini,reference_based,Yes,1,,,957,373,RGB,JPEG,23.22265625,251.5531547601922,26.948505380524686,244.6412409198764,46.18361476453148,9cfe2973af92c1938e621a1615594ca5,1111111111011111010000001100000011000000111111111111111111111111
image_11.jpeg,..\dataset\AI\gemini\53\image_11.jpeg,1,53,Gemini,reference_based,Yes,1,,,957,373,RGB,JPEG,23.5361328125,253.35013090888165,18.64599239112106,244.60149147946134,46.32242840537553,729597b9e076d6cd7d738e1b6298c254,1111111110111111010000001000000111000001111111111111111111111111
image_12.jpeg,..\dataset\AI\gemini\53\image_12.jpeg,1,53,Gemini,reference_based,Yes,1,,,958,373,RGB,JPEG,23.453125,253.7382890007189,15.557692236533255,244.75220382051526,45.57147582594734,329cfc467f06df716c9214cbe4467930,1111111101111111000000000000000110001011111111111111111111111111
image_01.jpeg,..\dataset\AI\gemini\54\image_01.jpeg,1,54,Gemini,reference_based,Yes,1,,,704,512,RGB,JPEG,29.333984375,241.6849239864865,9.088115517518606,230.4189786044034,48.91522662621421,f6ddf2de803b1d353d2b13fd5a9b9582,1111111111111111111111111100000010000000100001011111111111111111
image_02.jpeg,..\dataset\AI\gemini\54\image_02.jpeg,1,54,Gemini,reference_based,Yes,1,,,704,512,RGB,JPEG,29.857421875,241.9474802927928,11.79800134395171,231.25496326793325,46.14063923883745,6aae2ef6b127d72c05476015702aea3f,1111111111111111111111111111100011000000100001111101111111111111
image_03.jpeg,..\dataset\AI\gemini\54\image_03.jpeg,1,54,Gemini,reference_based,Yes,1,,,704,512,RGB,JPEG,28.3642578125,242.7458614864865,2.5688596189895754,232.44474376331675,44.9010928787451,6962a92b14c4042581ce2b940ae19e71,1111111111111111111111111100000110000001100010111111111111111111
image_04.jpeg,..\dataset\AI\gemini\54\image_04.jpeg,1,54,Gemini,reference_based,Yes,1,,,704,512,RGB,JPEG,29.6669921875,242.32694256756756,3.068476270166577,230.2000593705611,50.25266169499549,1ab59705e050e6dc129626460884fe3c,1111111111111111111111111000000110000001000010011111111111111111
image_05.jpeg,..\dataset\AI\gemini\54\image_05.jpeg,1,54,Gemini,reference_based,Yes,1,,,704,512,RGB,JPEG,30.099609375,241.6726492117117,9.532215157467537,230.16774680397728,48.57303616170999,39b8f5afdcc3f9379e3612695e5ddc62,1111111111111111111111111000000010000000110111111111111111111111
image_06.jpeg,..\dataset\AI\gemini\54\image_06.jpeg,1,54,Gemini,reference_based,Yes,1,,,704,512,RGB,JPEG,31.03125,241.3451435810811,14.947149962853858,227.88163618607953,51.634741816013246,e7608aad8f0fc6f34b8c756f1d2c3843,1111111111111111111111101100000010000001110111111111111111111111
image_07.jpeg,..\dataset\AI\gemini\54\image_07.jpeg,1,54,Gemini,reference_based,Yes,1,,,704,512,RGB,JPEG,30.6259765625,243.4023367117117,2.4208193161407148,230.49476762251422,49.667359750307575,ec2a075250b024329d374a7f5f57c4a2,1111111111111111110110011000000010000001110111111111111111111111
image_08.jpeg,..\dataset\AI\gemini\54\image_08.jpeg,1,54,Gemini,reference_based,Yes,1,,,704,512,RGB,JPEG,31.1552734375,243.07671734234233,2.437581976226722,231.04279951615766,47.96684879530291,06bfa5860c2cff2b754edcb12b7982e2,1111111111111111100100011000000100001011111111111111111111111111
image_09.jpeg,..\dataset\AI\gemini\54\image_09.jpeg,1,54,Gemini,reference_based,Yes,1,,,704,512,RGB,JPEG,30.6611328125,242.4766751126126,7.268643850616554,230.2434414950284,49.034762887740094,79c274d76fdd368603dbf2fd5ce9b55e,1111111111111111110000001000000011011111111111111111111111111111
image_10.jpeg,..\dataset\AI\gemini\54\image_10.jpeg,1,54,Gemini,reference_based,Yes,1,,,704,512,RGB,JPEG,30.9736328125,242.4139498873874,9.843139084905081,230.72563310102984,47.78062411930916,cfd53fe310f62b668355d699eb8a2332,1111111111111000110000001000011110011111111111111111111111111111
image_11.jpeg,..\dataset\AI\gemini\54\image_11.jpeg,1,54,Gemini,reference_based,Yes,1,,,704,512,RGB,JPEG,30.044921875,243.57128378378377,2.2885739335220294,230.86990079012784,48.66715384382048,d8155eb66e4dca03fb40229e5f0eab5f,1111111111111111100000011000000110111111111111111111111111111111
image_12.jpeg,..\dataset\AI\gemini\54\image_12.jpeg,1,54,Gemini,reference_based,Yes,1,,,704,512,RGB,JPEG,30.365234375,242.8386402027027,2.600132458953671,231.03431008078834,48.37237857689481,916d2af52d12424fa9498b18f0fe9fd4,1111111111111111100000010000000110111111111111111111111111111111
image_01.jpeg,..\dataset\AI\gemini\6\image_01.jpeg,1,6,Gemini,reference_based,Yes,1,,,1080,280,RGB,JPEG,38.79296875,251.94141865079365,25.34725867999545,240.49579034391533,53.95657181782128,7108f94d0db1765404f1c64cdc48a01b,1111111111111111111111111000000000000000100001001111111111111111
image_02.jpeg,..\dataset\AI\gemini\6\image_02.jpeg,1,6,Gemini,reference_based,Yes,1,,,1080,280,RGB,JPEG,36.1689453125,254.06200396825398,13.92899694064404,240.1690773809524,55.190895396475014,ee238e2415772a4a471ff97d04eff926,1111111111111111111111111000000010000000100001001111111111111111
image_03.jpeg,..\dataset\AI\gemini\6\image_03.jpeg,1,6,Gemini,reference_based,Yes,1,,,1080,280,RGB,JPEG,38.5537109375,254.6546130952381,8.489345381265926,237.9323544973545,59.350605493951534,a138e50d7eafe23ad9f94b21ed868242,1111111111111111111111111000000000000000000001001101111111111111
image_04.jpeg,..\dataset\AI\gemini\6\image_04.jpeg,1,6,Gemini,reference_based,Yes,1,,,1080,280,RGB,JPEG,41.1259765625,251.21559193121692,27.94024173270799,239.15404761904762,56.24001045470051,b407713747d1579c8b3f71210a0a616c,1111111111111111100000011000000010000010110011101111111111111111
image_05.jpeg,..\dataset\AI\gemini\6\image_05.jpeg,1,6,Gemini,reference_based,Yes,1,,,1080,280,RGB,JPEG,37.1201171875,252.39300595238095,23.64259326501512,238.65619378306877,57.98930503985003,d1a678d0449661978bf753dd256e20b7,1111111111111111110111111000000010000000110001011111111111111111
image_06.jpeg,..\dataset\AI\gemini\6\image_06.jpeg,1,6,Gemini,reference_based,Yes,1,,,1080,280,RGB,JPEG,36.275390625,254.51934523809524,10.129911250955718,238.93914682539682,57.6904411888408,a243cf99dcf19fa96d025e5dedfd0276,1111111111111111111111111000000000000001100001011101111111111111
image_07.jpeg,..\dataset\AI\gemini\6\image_07.jpeg,1,6,Gemini,reference_based,Yes,1,,,1080,280,RGB,JPEG,38.2509765625,252.7416335978836,21.93924947296917,237.86228174603175,59.553752135955996,a963da03e74e6e33418b81e9bd6a3887,1111111111111111100000001000000010000100111111111111111111111111
image_08.jpeg,..\dataset\AI\gemini\6\image_08.jpeg,1,6,Gemini,reference_based,Yes,1,,,1080,280,RGB,JPEG,37.26953125,253.8006283068783,15.768748801305374,237.80852182539684,59.79999291728715,259eb60cc91cebef632648c8de311c36,1111111111111111100000001000000011000100111111111111111111111111
image_09.jpeg,..\dataset\AI\gemini\6\image_09.jpeg,1,6,Gemini,reference_based,Yes,1,,,1080,280,RGB,JPEG,40.2890625,254.94355158730158,1.6696069556119004,239.0932671957672,56.4861874267795,aa1f7f3bd6654a6e42229c64692d8125,1111111110001011000000000000000110001101111111111111111111111111
image_01.jpeg,..\dataset\AI\gemini\7\image_01.jpeg,1,7,Gemini,reference_based,Yes,1,,,1080,280,RGB,JPEG,74.130859375,237.14998346560847,16.564080362849076,218.05772156084657,62.99318618854245,18698f33d1e94eac8b11e8a0b7553001,1101111111111001100110110000000100000001111100011011101111111111
image_02.jpeg,..\dataset\AI\gemini\7\image_02.jpeg,1,7,Gemini,reference_based,Yes,1,,,1080,280,RGB,JPEG,69.2431640625,240.43905423280424,3.0635286143812785,223.8837433862434,58.36874925130452,159e0a615ea81533d9adb1bf3cd6c6de,1111111111011111111110011001100100000001000000011111100111111111
image_03.jpeg,..\dataset\AI\gemini\7\image_03.jpeg,1,7,Gemini,reference_based,Yes,1,,,1080,280,RGB,JPEG,67.9990234375,240.2378306878307,20.579257453989364,225.9335152116402,56.664318938391496,36ee064feef9ab53484fca9c81381962,1111111110111111101100011011101100000001000000011111001111111111
image_04.jpeg,..\dataset\AI\gemini\7\image_04.jpeg,1,7,Gemini,reference_based,Yes,1,,,1080,280,RGB,JPEG,69.4033203125,235.96172288359787,3.949290817045262,217.78507275132276,60.022708969123194,7bbba07105aa65b5553560401ea12ec5,1111111111011111110110110000000000000001100100011111100111111111
image_05.jpeg,..\dataset\AI\gemini\7\image_05.jpeg,1,7,Gemini,reference_based,Yes,1,,,1080,280,RGB,JPEG,67.08984375,237.98587962962964,3.6629218367768064,222.34012566137565,57.27718119084942,440ef4e6781833c9f4acc85bf835afdc,1111111111011101110110011000000000000001101100011111111111111111
image_06.jpeg,..\dataset\AI\gemini\7\image_06.jpeg,1,7,Gemini,reference_based,Yes,1,,,1080,280,RGB,JPEG,70.359375,237.41962632275133,22.35130144567407,222.48525793650794,58.830326721813925,010eff2bf09dd6df3ac4ffc14022ad49,1111111110111111101110110000000000000001000000011111101111111111
image_07.jpeg,..\dataset\AI\gemini\7\image_07.jpeg,1,7,Gemini,reference_based,Yes,1,,,1080,280,RGB,JPEG,71.2685546875,231.37118055555555,5.1697161502874165,213.9070634920635,59.032142680231836,661b2410fda9220ced4b055dbce0c34d,1111111111011111110110010000000000000001111110011111111111111111
image_08.jpeg,..\dataset\AI\gemini\7\image_08.jpeg,1,7,Gemini,reference_based,Yes,1,,,1080,280,RGB,JPEG,68.9462890625,233.24680886243385,4.54158272113779,217.77871693121693,57.06192892127086,0a6eab2ec75d3e6e67b251957d3b8106,1111111111011101100110010000000110000001111110011111111111111111
image_09.jpeg,..\dataset\AI\gemini\7\image_09.jpeg,1,7,Gemini,reference_based,Yes,1,,,1080,280,RGB,JPEG,70.9912109375,234.90390211640212,11.945323988773515,217.66158068783068,59.75964127247296,a712e9b64abfdc717b476505913dc2bc,1111111111011101110110010000000000000001111110011111111111111111
image_01.jpeg,..\dataset\AI\gemini\8\image_01.jpeg,1,8,Gemini,reference_based,Yes,1,,,1080,280,RGB,JPEG,66.55078125,212.42709986772488,11.57329028429585,201.0441798941799,44.55321715934845,2e8cf05d3439e4cef3ff20b4050502fa,1111111111001111100111111011111110000011000000111000001110110011
image_02.jpeg,..\dataset\AI\gemini\8\image_02.jpeg,1,8,Gemini,reference_based,Yes,1,,,1080,280,RGB,JPEG,66.8310546875,220.46719576719576,2.562547316643147,207.25975198412698,47.90639481831995,3f1dc9478371778e0b5cbf14bfd724aa,1111111111101111101011111110110110000001100000011001100111111111
image_03.jpeg,..\dataset\AI\gemini\8\image_03.jpeg,1,8,Gemini,reference_based,Yes,1,,,1080,280,RGB,JPEG,64.5595703125,219.0863921957672,3.8478151241685667,206.94646164021165,45.26236410687694,f37741b41dbee0e935691bbb62eeda90,1111111111101111110011111110010010000001110000011101100111111111
image_04.jpeg,..\dataset\AI\gemini\8\image_04.jpeg,1,8,Gemini,reference_based,Yes,1,,,1080,280,RGB,JPEG,65.470703125,209.60553902116402,4.952867042258672,197.96691468253968,45.65665883494142,84183fb65340e1a618264041d769829e,1111111111001111100111110000001110000011100000111011001111111111
image_05.jpeg,..\dataset\AI\gemini\8\image_05.jpeg,1,8,Gemini,reference_based,Yes,1,,,1080,280,RGB,JPEG,66.3232421875,216.9578373015873,2.812829889879984,204.46501322751323,47.492206330819556,217c36d527ca8ba67a7e585bcace9002,1111111111101111101011111000000110000001100010111111101111111111
image_06.jpeg,..\dataset\AI\gemini\8\image_06.jpeg,1,8,Gemini,reference_based,Yes,1,,,1080,280,RGB,JPEG,64.412109375,215.53520171957672,3.3167869472960816,203.58069775132276,46.376436383464664,3e2f420b324ad9666d88df2783b8c152,1111111111100111110101111100000111000001110010011111110111111111
image_07.jpeg,..\dataset\AI\gemini\8\image_07.jpeg,1,8,Gemini,reference_based,Yes,1,,,1080,280,RGB,JPEG,66.091796875,204.71977513227515,5.253961639791203,193.4337996031746,45.11288152122043,a6ef5e44d5d309c89e2c3d0d74b463d1,1111111110101111101010111000001110000011101100111111111111111111
image_08.jpeg,..\dataset\AI\gemini\8\image_08.jpeg,1,8,Gemini,reference_based,Yes,1,,,1080,280,RGB,JPEG,67.109375,212.27901785714286,3.36269453141166,199.2953802910053,48.475330098197254,8e35f68f9a13f64205d5c1c9673eda1c,1110111110101111100000011000000110000001111110111111111111111111
image_09.jpeg,..\dataset\AI\gemini\8\image_09.jpeg,1,8,Gemini,reference_based,Yes,1,,,1080,280,RGB,JPEG,66.103515625,211.6562003968254,3.3468732319495738,199.59565806878308,46.8671317522986,0547690eaa7abaf8a5a34e5780850859,1111111111010111110100001100000011000001111111011111111111111111
image_01.jpeg,..\dataset\AI\gemini\9\image_01.jpeg,1,9,Gemini,reference_based,Yes,1,,,1080,280,RGB,JPEG,33.0078125,252.9467261904762,21.151668833472723,237.96849206349205,60.26254342064454,fa41bb9e741e53abad4048d96de14b6f,1111111111101111110010111000001110001001100010011111100111101011
image_02.jpeg,..\dataset\AI\gemini\9\image_02.jpeg,1,9,Gemini,reference_based,Yes,1,,,1080,280,RGB,JPEG,32.771484375,253.4815806878307,18.57112270595472,237.67559523809524,60.78111647556387,b4b6e61045759fe36f5da69ecd56051b,1111111111111111111010111000000110000001100010011111110111111011
image_03.jpeg,..\dataset\AI\gemini\9\image_03.jpeg,1,9,Gemini,reference_based,Yes,1,,,1080,280,RGB,JPEG,32.9296875,254.0029761904762,14.803597057853374,237.6207175925926,60.83562757155337,3c403c0550cd37fa9bb5d6da7c8257ce,1111111111111111111000011100000111000001110000011111110111110111
image_04.jpeg,..\dataset\AI\gemini\9\image_04.jpeg,1,9,Gemini,reference_based,Yes,1,,,1080,280,RGB,JPEG,33.5283203125,252.61939484126984,22.979779561201234,237.30194113756613,61.329935412598196,5fd07e6b99df88ebbdc825901ee7e5c2,1111101111111011111000111000001110000011100010011111101111101111
image_05.jpeg,..\dataset\AI\gemini\9\image_05.jpeg,1,9,Gemini,reference_based,Yes,1,,,1080,280,RGB,JPEG,37.4326171875,251.7393187830688,26.943302861985263,234.89910052910054,65.02123700065782,ed3e1035e40f39a0bdb28603e78c273e,1111101111101011111000111000000110001001110010011111111111110011
image_06.jpeg,..\dataset\AI\gemini\9\image_06.jpeg,1,9,Gemini,reference_based,Yes,1,,,1080,280,RGB,JPEG,33.6767578125,253.9053240740741,15.479278629585117,237.15406746031746,61.560704167587346,b875833239b577d5301c15ddfeb91b67,1111011111101111111000111000000011000001110000011111111111111111
image_07.jpeg,..\dataset\AI\gemini\9\image_07.jpeg,1,9,Gemini,reference_based,Yes,1,,,1080,280,RGB,JPEG,34.541015625,253.46276455026455,18.205083590792377,236.62434854497354,62.486195727432325,8ab0a3d1f4e5b764dd689076a7381578,1110111111100011100000111000001110001011111110111111001111111111
image_08.jpeg,..\dataset\AI\gemini\9\image_08.jpeg,1,9,Gemini,reference_based,Yes,1,,,1080,280,RGB,JPEG,36.1435546875,253.01405423280423,20.87316432615038,235.80524801587302,63.66888831699374,54712fac1bb6bdca7ef1059f64f24ec2,1110001111101011100000011000000111001001111111111111001111111111
image_09.jpeg,..\dataset\AI\gemini\9\image_09.jpeg,1,9,Gemini,reference_based,Yes,1,,,1080,280,RGB,JPEG,34.1328125,253.62212301587303,17.567683737332022,236.83888227513228,61.8136175949868,59927368609a1845474266d1a6531740,1110001111100011110000011100000111000001111110011111101111111111
image_01.png,..\dataset\AI\qwen\55\image_01.png,1,55,QN,reference_based,Yes,1,,,416,309,RGB,PNG,126.6015625,250.1037842190016,6.721838265924383,233.4561862086134,55.12012923893667,8b37fbefa781e10f53c4ff67d45d3fc4,1111111111111111110111111000000010000000111111111111111111111111
image_02.png,..\dataset\AI\qwen\55\image_02.png,1,55,QN,reference_based,Yes,1,,,416,309,RGB,PNG,130.2197265625,249.61328502415458,2.5441608174360777,232.22044591735127,56.26688100524645,8a83856c0e20f0a890e93f8727497560,1111111111111111110111111000000010000000111111111111111111111111
image_03.png,..\dataset\AI\qwen\55\image_03.png,1,55,QN,reference_based,Yes,1,,,416,309,RGB,PNG,134.474609375,247.18192431561997,2.1643324849437957,228.65795369678864,59.39778459154614,73956e02d6bc75646429849f9be929d5,1111111111111111110111110000000010000000111111111111111111111111
image_04.png,..\dataset\AI\qwen\55\image_04.png,1,55,QN,reference_based,Yes,1,,,416,309,RGB,PNG,137.23046875,243.03562801932367,3.7171831339069588,224.7873646377894,59.144024195727695,5c0c62d4800c61a5564b19c6e70e831e,1111111111111111110111110000000000000000111111111111111111111111
image_05.png,..\dataset\AI\qwen\55\image_05.png,1,55,QN,reference_based,Yes,1,,,416,310,RGB,PNG,133.3818359375,247.14549839228295,6.043110450388299,229.64694478908189,57.00673835629439,2c4498e86294a22cd0294400a8cec756,1111111111011111100000001000000011111111111111111111111111111111
image_06.png,..\dataset\AI\qwen\55\image_06.png,1,55,QN,reference_based,Yes,1,,,416,310,RGB,PNG,139.4287109375,245.79823151125402,2.3707515918774953,227.720169044665,57.97885839363338,5d5f8560440b472f92f75e79cbb9f041,1111111111011111100000001000000011111111111111111111111111111111
image_07.png,..\dataset\AI\qwen\55\image_07.png,1,55,QN,reference_based,Yes,1,,,416,310,RGB,PNG,139.890625,243.1634646302251,2.573721620583748,224.22207661290324,60.300066390758325,1f05d854755be0a29b850fdaedb4b495,1111111111011111000000001000000011111111111111111111111111111111
image_08.png,..\dataset\AI\qwen\55\image_08.png,1,55,QN,reference_based,Yes,1,,,416,310,RGB,PNG,139.5498046875,239.61503215434084,4.305331968512384,221.51744727047145,59.10787735840358,013b1a25448972ab2b34d5705722a0b4,1111111111011111000000000000000111111111111111111111111111111111
image_09.png,..\dataset\AI\qwen\55\image_09.png,1,55,QN,reference_based,Yes,1,,,416,309,RGB,PNG,136.478515625,241.71598228663447,7.340168243869992,224.01725479213343,58.53039120346349,dde7df76573d8bbc40b5cab3735679b0,1111111111111111110111111000000010000000111111111111111111111111
image_10.png,..\dataset\AI\qwen\55\image_10.png,1,55,QN,reference_based,Yes,1,,,416,309,RGB,PNG,139.8876953125,240.34851046698873,4.01318250919951,221.98483009708738,60.018222536917264,603f02c35b842872fc1635992ee4abd9,1111111111111111110111111000000010000000111111111111111111111111
image_11.png,..\dataset\AI\qwen\55\image_11.png,1,55,QN,reference_based,Yes,1,,,416,309,RGB,PNG,141.0009765625,236.892230273752,4.088801428203225,218.39878174010457,60.580635941117,79d7c201504048407b3a75d9a2540bd0,1111111111111111110111110000000010000000111111111111111111111111
image_12.png,..\dataset\AI\qwen\55\image_12.png,1,55,QN,reference_based,Yes,1,,,416,309,RGB,PNG,143.1962890625,232.11497584541064,6.042847640650242,214.32181198655712,58.89545409481832,17005fea155f6ca1feb4ee17b3b31c4e,1111111111111111110111110000000000000000111111111111111111111111
image_01.png,..\dataset\AI\qwen\56\image_01.png,1,56,QN,reference_based,Yes,1,,,416,309,RGB,PNG,128.9951171875,249.87266505636072,7.84051536203081,236.14772373661935,48.508306594885006,59a9a9f17d191bf4a2e39037cb834fce,1111111111111111111110011111100011000000110000011110111111111111
image_02.png,..\dataset\AI\qwen\56\image_02.png,1,56,QN,reference_based,Yes,1,,,416,309,RGB,PNG,130.9404296875,250.1512882447665,1.4165950362136313,233.68778783918347,54.47894912979305,dd884c260a26ecd1c18a5e6f9aa7234c,1111111111111111111110111111000110000001110000011110111111111111
image_03.png,..\dataset\AI\qwen\56\image_03.png,1,56,QN,reference_based,Yes,1,,,416,309,RGB,PNG,135.33203125,247.3542270531401,1.9106885995086385,232.5431214214588,51.3034966558962,5900b870366ff5dd11902a5ab4272c93,1111111111111111111100111111000110000001100000011101111111111111
image_04.png,..\dataset\AI\qwen\56\image_04.png,1,56,QN,reference_based,Yes,1,,,416,309,RGB,PNG,136.0458984375,242.20523349436394,4.765168676334383,225.04785909882997,58.81844841063868,e0343dfe836e5a292fc908b1cd633723,1111111111111111111101111110001100000011100000111101111111111111
image_05.png,..\dataset\AI\qwen\56\image_05.png,1,56,QN,reference_based,Yes,1,,,416,310,RGB,PNG,131.515625,248.62234726688104,9.858491481834944,230.60296991315136,59.034750555308584,97bc13344751c86a8877d5bee5e207e8,1111111111111111111110011111100011000000110000011110111111111111
image_06.png,..\dataset\AI\qwen\56\image_06.png,1,56,QN,reference_based,Yes,1,,,416,310,RGB,PNG,136.564453125,248.75771704180065,1.8414170231247533,229.6041020471464,59.8439408653648,ee29d1624efddbc278439566bde45725,1111111111111111111110111111000110000001110000011110111111111111
image_07.png,..\dataset\AI\qwen\56\image_07.png,1,56,QN,reference_based,Yes,1,,,416,310,RGB,PNG,138.791015625,245.96012861736335,1.7978243325543393,230.51214330024814,53.20838514917493,c0371e0ddc64fba8ba1a6f2d1023773d,1111111111111111111100111111000110000001100000111101111111111111
image_08.png,..\dataset\AI\qwen\56\image_08.png,1,56,QN,reference_based,Yes,1,,,416,310,RGB,PNG,138.091796875,241.35052250803858,8.896958576585627,222.31001861042185,61.89947259322775,698083946ee3d11caf7ab4b08e23cea4,1111111111111111111101111010001100000011100000111101111111111111
image_09.png,..\dataset\AI\qwen\56\image_09.png,1,56,QN,reference_based,Yes,1,,,416,309,RGB,PNG,137.0869140625,244.97435587761674,6.83015910926621,229.29484067712224,55.012161136727684,3fc2acc9eb8a4ba597d9734d087b2a99,1111111111111001111110001100000011000001111011111111111111111111
image_10.png,..\dataset\AI\qwen\56\image_10.png,1,56,QN,reference_based,Yes,1,,,416,309,RGB,PNG,139.556640625,245.0061996779388,3.360415618043434,226.56788337067462,59.71167366297729,87a379731caff1c4375c69eca06a3478,1111111111111011111100011000000111000001110011011111111111111111
image_11.png,..\dataset\AI\qwen\56\image_11.png,1,56,QN,reference_based,Yes,1,,,416,309,RGB,PNG,143.8544921875,241.23208534621577,3.984970900124821,224.22817867811798,56.346814748154316,9776cc08aee18600f7cadbaa1f7e398a,1111111111110011111100011000000110000001110111111111111111111111
image_12.png,..\dataset\AI\qwen\56\image_12.png,1,56,QN,reference_based,Yes,1,,,416,309,RGB,PNG,142.1904296875,235.0012077294686,9.344411911304029,217.55261233507593,60.019397366990376,8f13859688cba0db67f00e03ef6eddd6,1111111111110111101000110000001110000011110111111111111111111111
image_01.png,..\dataset\AI\qwen\57\image_01.png,1,57,QN,reference_based,Yes,1,,,416,309,RGB,PNG,137.1767578125,241.70942028985507,29.910451829576957,229.16325149365198,56.09102733964041,992a095bfaccc5da675e89bb993ef0ad,1111111111111111111111111111110010000000110000001111011111111111
image_02.png,..\dataset\AI\qwen\57\image_02.png,1,57,QN,reference_based,Yes,1,,,416,309,RGB,PNG,141.662109375,245.62286634460548,5.848672076034841,225.9789721807319,58.07100708587063,ad102ce01c7f27ee6a50494a263ceb99,1111111111111111111111111111110010000000100000001111111111111111
image_03.png,..\dataset\AI\qwen\57\image_03.png,1,57,QN,reference_based,Yes,1,,,416,309,RGB,PNG,151.16015625,236.75269726247987,18.63355826271322,218.97000248941995,60.8123983766111,e493f75705cb8058a7c8a4afdcd52a8d,1111111111111111111111111111110000000000100000001111111111111111
image_04.png,..\dataset\AI\qwen\57\image_04.png,1,57,QN,reference_based,Yes,1,,,416,309,RGB,PNG,145.935546875,230.56553945249598,17.9282153564824,211.23210729400049,61.705333329501535,363604013429c9e2845e2cea8cd70429,1111111111111111111111111111100100000001000000011111111111111111
image_05.png,..\dataset\AI\qwen\57\image_05.png,1,57,QN,reference_based,Yes,1,,,416,310,RGB,PNG,141.9140625,234.7358922829582,36.44981328611847,226.98926023573202,57.88782390157233,391d4d6130a55b361e3289f8d5b3fb64,1111111111111111111111101000000010000000111100111111111111111111
image_06.png,..\dataset\AI\qwen\57\image_06.png,1,57,QN,reference_based,Yes,1,,,416,310,RGB,PNG,146.01171875,237.98058681672026,22.966701065999946,225.51618331265507,58.268479575545825,4b2e3c94104e80be63ec732483a7c044,1111111111111111111111000000000010000000111101111111111111111111
image_07.png,..\dataset\AI\qwen\57\image_07.png,1,57,QN,reference_based,Yes,1,,,416,310,RGB,PNG,154.123046875,224.43299839228297,32.676397563530486,217.72261941687344,61.247201967991046,dd6a5017f0d053e1916cbcc4e88d48ba,1111111111111111111111010000000000000001111001111111111111111111
image_08.png,..\dataset\AI\qwen\57\image_08.png,1,57,QN,reference_based,Yes,1,,,416,310,RGB,PNG,149.05078125,220.08432475884246,32.2804649886223,210.17441066997517,61.832608994061474,f2d46725c5fb0c7f375ab317368e053e,1111111111111111111110010000000100000001101011111111111111111111
image_09.png,..\dataset\AI\qwen\57\image_09.png,1,57,QN,reference_based,Yes,1,,,416,309,RGB,PNG,142.736328125,236.66243961352657,31.745135778227134,224.08689631565846,58.334031258148876,4dea0b923b82b6dbeb8ad3975e31178b,1111111111111110100000001000000011110010111111111111111111111111
image_10.png,..\dataset\AI\qwen\57\image_10.png,1,57,QN,reference_based,Yes,1,,,416,309,RGB,PNG,147.107421875,240.46191626409018,13.179828883700134,223.49306074184716,57.46649927654256,d30b296992727f4217e7753d2bdfa2a0,1111111111111100100000001000000011100110111111111111111111111111
image_11.png,..\dataset\AI\qwen\57\image_11.png,1,57,QN,reference_based,Yes,1,,,416,309,RGB,PNG,154.82421875,229.329307568438,22.27576785428494,213.1842715334827,62.088032739299706,9f4e989afadece75ed19070ac300558f,1111111111111101000000000000000011000101111111111111111111111111
image_12.png,..\dataset\AI\qwen\57\image_12.png,1,57,QN,reference_based,Yes,1,,,416,309,RGB,PNG,154.078125,222.45390499194846,19.688296896139153,201.92863922081156,62.081271366472755,399d3b1cc529d5e18bbbfb6e8478dcd4,1111111111111001000000010000000110101101111111011111111011111111
image_01.png,..\dataset\AI\qwen\58\image_01.png,1,58,QN,reference_based,Yes,1,,,416,309,RGB,PNG,125.8935546875,247.36046698872786,2.210868143099614,236.78149894199652,41.9041828746066,e5b04b130232c162332d513f049b382e,1111111111111111111111111000000010000000111111111111111111111111
image_02.png,..\dataset\AI\qwen\58\image_02.png,1,58,QN,reference_based,Yes,1,,,416,309,RGB,PNG,132.169921875,245.41952495974235,2.1516679894109116,233.67236899427434,44.087691792839166,bf362242080d5a7421889b0e1d49588e,1111111111111111111111111000000010000000111111111111111111111111
image_03.png,..\dataset\AI\qwen\58\image_03.png,1,58,QN,reference_based,Yes,1,,,416,309,RGB,PNG,135.388671875,241.74472624798713,2.7428894248364224,228.3422719068957,49.7257518050061,dac60842228f4d08fada47c097534258,1111111111111111111111111000000010000001111111111111111111111111
image_04.png,..\dataset\AI\qwen\58\image_04.png,1,58,QN,reference_based,Yes,1,,,416,309,RGB,PNG,135.40234375,235.84210950080515,3.9204178432029737,224.02891616878267,47.46015121590912,7f16827d9b0ccc84b5c889c9cc9ce902,1111111111111111111111110000000110000001111111111111111111111111
image_05.png,..\dataset\AI\qwen\58\image_05.png,1,58,QN,reference_based,Yes,1,,,416,310,RGB,PNG,127.8046875,245.73581189710612,1.890091905586244,235.79800713399504,41.43741537234971,3821371fd4a16fbbc2eb023033fed5ac,1111111111111111111111111000000010000000111111111111111111111111
image_06.png,..\dataset\AI\qwen\58\image_06.png,1,58,QN,reference_based,Yes,1,,,416,310,RGB,PNG,136.3193359375,243.23870578778136,2.723714823686643,230.9287143300248,47.46885174938789,be10551526ba4a718652268820882b40,1111111111111111111111111000000010000000111111111111111111111111
image_07.png,..\dataset\AI\qwen\58\image_07.png,1,58,QN,reference_based,Yes,1,,,416,310,RGB,PNG,141.7802734375,239.09778938906751,2.8672608573009604,226.05433467741935,48.51194183813509,d048cdad479641495d79431eb1848207,1111111111111111111111110000000110000001111111111111111111111111
image_08.png,..\dataset\AI\qwen\58\image_08.png,1,58,QN,reference_based,Yes,1,,,416,310,RGB,PNG,138.517578125,233.84007234726687,4.728916008829094,222.71756358560793,44.272982793304564,09d127c5d580d591524ec456a3cadf63,1111111111111111111111110000000100000001111111111111111111111111
image_09.png,..\dataset\AI\qwen\58\image_09.png,1,58,QN,reference_based,Yes,1,,,416,309,RGB,PNG,132.6064453125,242.01678743961352,3.7870127229566837,231.50547672392332,43.63830759746124,d7128c8241f4b6bcd32e0f89d5ccb3a6,1111111111111111111111111000000010000000111111111111111111111111
image_10.png,..\dataset\AI\qwen\58\image_10.png,1,58,QN,reference_based,Yes,1,,,416,309,RGB,PNG,138.9443359375,240.46694847020933,2.992212548894774,227.6581715210356,47.039637731029806,0bab3ace863637c178052c8ab263ab55,1111111111111111111111111000000010000000111111111111111111111111
image_11.png,..\dataset\AI\qwen\58\image_11.png,1,58,QN,reference_based,Yes,1,,,416,309,RGB,PNG,143.140625,235.65636070853463,3.5650764831118074,222.84115944734876,46.783634740547214,96445f08b95c4e23b89c8ff67598cccc,1111111111111111111111111000000010000000111111011111110111111111
image_12.png,..\dataset\AI\qwen\58\image_12.png,1,58,QN,reference_based,Yes,1,,,416,309,RGB,PNG,141.716796875,225.10632045088568,8.674425660237823,213.91749128703012,46.36379159326028,3f0c31e2d11b878961afddb876f18b29,1111111111111111111111111000000100000001111111111111111011111100
image_01.png,..\dataset\AI\qwen\59\image_01.png,1,59,QN,reference_based,Yes,1,,,416,309,RGB,PNG,134.828125,240.05644122383254,34.0534715394636,227.85171614388847,58.50435223793412,bf35704c8eee7261e90862c89328f33d,1111111111011111100000001000000010011111111111111111111111001111
image_02.png,..\dataset\AI\qwen\59\image_02.png,1,59,QN,reference_based,Yes,1,,,416,309,RGB,PNG,134.7470703125,245.49806763285025,26.13749867232263,230.34604493403037,57.805401763959985,21bb81f27191ef771c89de600e4a8b5f,1111111111011111100000001000000010011111111111111111111111011111
image_03.png,..\dataset\AI\qwen\59\image_03.png,1,59,QN,reference_based,Yes,1,,,416,309,RGB,PNG,132.3232421875,246.4101046698873,22.932902253882865,231.85441560866317,55.024436540608356,be57584b2f347ce3186f422c33a39814,1111111111011111100000011000000010011111111111111111111110011111
image_04.png,..\dataset\AI\qwen\59\image_04.png,1,59,QN,reference_based,Yes,1,,,416,309,RGB,PNG,135.0234375,243.10326086956522,22.674197860695955,229.45288772715958,53.89065148429395,982cddfec6af597d6b7279b785eb4f20,1111111111111111000000010000000110111111111111111111111110011111
image_05.png,..\dataset\AI\qwen\59\image_05.png,1,59,QN,reference_based,Yes,1,,,416,310,RGB,PNG,152.9833984375,210.86655948553056,76.63535641460204,211.2207273573201,76.57406180721102,d862230cc6ce65929e1a6ea4450cda6e,1000000010011101111111111111111111111111110011011000000010001101
image_06.png,..\dataset\AI\qwen\59\image_06.png,1,59,QN,reference_based,Yes,1,,,416,310,RGB,PNG,155.9521484375,214.75297427652734,73.63636588141217,212.48528225806453,75.69061162703682,87337848d192aed6aa4a90ddb7dddf7b,1000000010011101111111111111111111111111110001011000000010011111
image_07.png,..\dataset\AI\qwen\59\image_07.png,1,59,QN,reference_based,Yes,1,,,416,310,RGB,PNG,154.2919921875,216.60988745980708,71.75170028562397,212.55264423076923,75.99968546884996,a566b3d072b276d58badd3d80c513eac,1000000110011101101111111111111111111111100000011000000110011111
image_08.png,..\dataset\AI\qwen\59\image_08.png,1,59,QN,reference_based,Yes,1,,,416,310,RGB,PNG,153.6591796875,216.78368167202572,68.42091268901419,211.3336460918114,74.41390438424297,14f3e4bc6cbedaff2544cf4988a5b839,0000000110011001101111111111111111111111100010010000000110111111
image_09.png,..\dataset\AI\qwen\59\image_09.png,1,59,QN,reference_based,Yes,1,,,416,309,RGB,PNG,138.193359375,233.1331723027375,32.05458274255991,220.04480177993528,59.542158439612464,d6b2af5c7072b1583997b2e29ecbcd83,1101111111111111110111111000000010000000100111111111111111111111
image_10.png,..\dataset\AI\qwen\59\image_10.png,1,59,QN,reference_based,Yes,1,,,416,309,RGB,PNG,137.8671875,237.13357487922704,22.49620722958012,222.28846931789894,58.657528714225165,c2d819e07694695cc43f9d431c32018b,1111111111111111110111111000000010000000111111111111111111111111
image_11.png,..\dataset\AI\qwen\59\image_11.png,1,59,QN,reference_based,Yes,1,,,416,309,RGB,PNG,139.595703125,238.44053945249598,18.711237094052024,219.75812173263628,62.56242721960826,62630680a035e57717271f5826d16f44,1111111111111111110111111000000010000001101111111111111111111111
image_12.png,..\dataset\AI\qwen\59\image_12.png,1,59,QN,reference_based,Yes,1,,,416,309,RGB,PNG,134.701171875,235.40938003220612,20.92517342889871,220.98295525267613,57.64252230946376,0fcae19bd1c3661d2603ca133b885133,1111111111111111100111110000000100000001111111111111111111111111
image_01.png,..\dataset\AI\qwen\60\image_01.png,1,60,QN,reference_based,Yes,1,,,416,309,RGB,PNG,128.1015625,243.5774154589372,22.142805371340422,233.32030277570325,49.663121662547994,76eeb8335d468f368971d8c2388f9a34,1111111111111111111111111100000010000000110111111111111111111111
image_02.png,..\dataset\AI\qwen\60\image_02.png,1,60,QN,reference_based,Yes,1,,,416,309,RGB,PNG,128.326171875,248.35177133655395,6.427673357061024,235.01159136171273,49.54325541787049,992bbdf324ce321e736d77e9d6ab73fb,1111111111111111111111111000000010000000100111111111111111111111
image_03.png,..\dataset\AI\qwen\60\image_03.png,1,60,QN,reference_based,Yes,1,,,416,309,RGB,PNG,132.458984375,246.15523349436393,2.1570151034312355,232.057964588001,50.83589913918128,69c4e7d3839dabe30d7b431aa184a2a7,1111111111111111111111111000000100000001101110111111111111111111
image_04.png,..\dataset\AI\qwen\60\image_04.png,1,60,QN,reference_based,Yes,1,,,416,309,RGB,PNG,135.3330078125,236.81900161030595,20.378440732015644,224.9135004356485,52.416710341177584,bd7aa5a49dca831da508e8141ef8b1e0,1111111111111111111111110000000100000001001101111111111111111111
image_05.png,..\dataset\AI\qwen\60\image_05.png,1,60,QN,reference_based,Yes,1,,,416,310,RGB,PNG,151.5712890625,239.56414790996786,34.190919200647365,218.79979838709679,69.23019953210188,21c0850b38158f25a871fe968e0150ff,1100000011000000110111111111111111111111110000001100000011011111
image_06.png,..\dataset\AI\qwen\60\image_06.png,1,60,QN,reference_based,Yes,1,,,416,310,RGB,PNG,152.7470703125,246.4722266881029,13.128512098837396,221.3853287841191,67.67049407242453,1be34886b0cc640d3a050df122ad8884,1100000110000001100111111111111111111111110000011000000110011111
image_07.png,..\dataset\AI\qwen\60\image_07.png,1,60,QN,reference_based,Yes,1,,,416,310,RGB,PNG,155.625,244.2398311897106,12.825354096029661,218.28142834987594,69.04704479228569,cb2c7468d387f4010d5390268f651f11,1000000110000001101111111111111111111111100000011000000110111111
image_08.png,..\dataset\AI\qwen\60\image_08.png,1,60,QN,reference_based,Yes,1,,,416,310,RGB,PNG,157.9755859375,235.34630225080386,26.110144401505842,211.5028070719603,70.3883436957041,e31c8390be881bbe88d34361fe977db0,0000001100000011011111111111111111111111000000110000001101111111
image_09.png,..\dataset\AI\qwen\60\image_09.png,1,60,QN,reference_based,Yes,1,,,416,309,RGB,PNG,136.59765625,237.30454911433173,26.204653406273433,227.4675052900174,52.2682558031758,fa84936efe6eeba4cbd09c8fffa1337d,1111111111111111110000001100000011001111111011111111111111111111
image_10.png,..\dataset\AI\qwen\60\image_10.png,1,60,QN,reference_based,Yes,1,,,416,309,RGB,PNG,133.7490234375,243.18941223832527,7.5841861691135275,229.9141150112024,52.1409533772503,6321b2009b2e0804650c1c375ae85e52,1111111111111111100000001000000010011111111111111111111111111111
image_11.png,..\dataset\AI\qwen\60\image_11.png,1,60,QN,reference_based,Yes,1,,,416,309,RGB,PNG,135.19140625,241.4787037037037,3.5140317661616787,228.34270755538958,51.82562309009043,12dc6e8030369dcbf8280a3d40c3d0ee,1111111111111111100000010000000110111111111111111111111111111111
image_12.png,..\dataset\AI\qwen\60\image_12.png,1,60,QN,reference_based,Yes,1,,,416,309,RGB,PNG,138.3056640625,232.76243961352657,12.042047837036584,220.19681976599452,51.97144749485632,e50cf1c2faaaee2878d4213ee5beb92b,1111111111111111000000010000000100111111111111111111111111111111
image_01.png,..\dataset\AI\qwen\61\image_01.png,1,61,QN,reference_based,Yes,1,,,416,309,RGB,PNG,119.15625,246.8928341384863,1.658539659883909,239.62373973114265,37.75981563156421,ad4eb92a523cd214aa67898dfcb82a59,1111111111111111111111111100001111000011110000111110111111111111
image_02.png,..\dataset\AI\qwen\61\image_02.png,1,61,QN,reference_based,Yes,1,,,416,309,RGB,PNG,127.283203125,248.48502415458938,1.3447043654032027,234.92295245207868,49.38375413748892,23983e7ede37dead7cc72b44fc27c706,1111111111111111111111111000000010000000100000011111111111111111
image_03.png,..\dataset\AI\qwen\61\image_03.png,1,61,QN,reference_based,Yes,1,,,416,309,RGB,PNG,125.2080078125,249.20724637681158,1.295214399342692,235.94087627582772,48.79075253711547,2d5bd55c77f92f8dc4e5364012c86e1b,1111111111111111111111111000000110000001100000011111111111111111
image_04.png,..\dataset\AI\qwen\61\image_04.png,1,61,QN,reference_based,Yes,1,,,416,309,RGB,PNG,126.6533203125,247.41300322061193,5.6530811855561405,234.5890434403784,48.4367675174712,3aa043764b675a0035dd82c94f7bcf41,1111111111111111111111110010000100000001000000111011111111111111
image_05.png,..\dataset\AI\qwen\61\image_05.png,1,61,QN,reference_based,Yes,1,,,416,310,RGB,PNG,134.5263671875,243.78605305466237,8.475437748727494,230.71485732009924,49.38169911941153,4e6005bc4ac7b66c504451292c7d8e49,1111111111111111110100001100000011000000110111111111111111111111
image_06.png,..\dataset\AI\qwen\61\image_06.png,1,61,QN,reference_based,Yes,1,,,416,310,RGB,PNG,134.087890625,245.57057877813506,2.2374162549273877,231.7617943548387,49.92869540039826,940c75c77f931c51a08731b0178197b3,1111111111111111100100011000000010000001110111111111111111111111
image_07.png,..\dataset\AI\qwen\61\image_07.png,1,61,QN,reference_based,Yes,1,,,416,310,RGB,PNG,135.4248046875,245.86386655948553,2.326002152696332,232.16417493796527,49.69289152812474,877985beb5289d8aa08f141d74498fba,1111111111111111100000011000000110000001111111111111111111111111
image_08.png,..\dataset\AI\qwen\61\image_08.png,1,61,QN,reference_based,Yes,1,,,416,310,RGB,PNG,131.7314453125,245.4254421221865,2.184696252227256,231.911817617866,49.27215363662878,8a66ab0ba962e42b9aec3b52967f7ae2,1111111111111111001000010000000110000011101111111111111111111111
image_09.png,..\dataset\AI\qwen\61\image_09.png,1,61,QN,reference_based,Yes,1,,,416,309,RGB,PNG,142.0771484375,236.44746376811594,9.97010313539889,222.25224825740602,51.030965409493774,73b1d2cf273a33ece51b18c2d7367469,1111111111111111110000001100000011000111110111111111111111111111
image_10.png,..\dataset\AI\qwen\61\image_10.png,1,61,QN,reference_based,Yes,1,,,416,309,RGB,PNG,143.9677734375,235.8329307568438,7.118155843924309,220.37364637789395,53.98171232723499,2ca579635c8e30b6a5cb314da3d7414e,1111111111111111100000001000000010001100111111111111111111111111
image_11.png,..\dataset\AI\qwen\61\image_11.png,1,61,QN,reference_based,Yes,1,,,416,309,RGB,PNG,145.22265625,236.2039452495974,7.284860697713178,218.9641445730645,56.13202699045587,24eb5a863daabf65f397b838e7e9c724,1111111111111111100000011000000110001001111111111111111111111111
image_12.png,..\dataset\AI\qwen\61\image_12.png,1,61,QN,reference_based,Yes,1,,,416,309,RGB,PNG,138.5654296875,237.3687198067633,5.845115414302433,224.16005414488424,50.54092782989793,b3b10f24c61fb1f9674cdf03ec98328c,1111111111111111000000010000000110011111111111111111111111111111
image_01.png,..\dataset\AI\qwen\62\image_01.png,1,62,QN,reference_based,Yes,1,,,416,309,RGB,PNG,134.359375,239.6748389694042,11.606502346236768,224.76989202140902,52.66273829591506,725dd990cb4845580822c038e95870d1,1111111111111111111111111111101111000000110000001101111111111111
image_02.png,..\dataset\AI\qwen\62\image_02.png,1,62,QN,reference_based,Yes,1,,,416,309,RGB,PNG,131.4013671875,245.91694847020935,4.982496192162431,230.98808190191684,50.203858575192726,6891966b48a62ae8b49d040591982a89,1111111111111111111111111111001110000001100000011001111111111111
image_03.png,..\dataset\AI\qwen\62\image_03.png,1,62,QN,reference_based,Yes,1,,,416,309,RGB,PNG,132.876953125,244.01143317230273,12.108109287019326,231.34290982076178,48.657539828353734,ec8bcc003af1906b2d8282e5ecd053e0,1111111111111111111111111111011110000001100000011011111111111111
image_04.png,..\dataset\AI\qwen\62\image_04.png,1,62,QN,reference_based,Yes,1,,,416,309,RGB,PNG,134.50390625,240.04057971014493,10.868892024241873,225.04386046801096,51.87611844344395,9994be3dce6c497380402aa2c74f89e9,1111111111111111111111111110011100000011000000010011111111111111
image_05.png,..\dataset\AI\qwen\62\image_05.png,1,62,QN,reference_based,Yes,1,,,416,310,RGB,PNG,138.611328125,235.32845659163988,19.89484600638795,222.62897022332507,54.96211396516882,5fe49c183043f4370c34d0c7b4493d10,1111111111111111111110111100000011000000110111111111111111111111
image_06.png,..\dataset\AI\qwen\62\image_06.png,1,62,QN,reference_based,Yes,1,,,416,310,RGB,PNG,139.0537109375,240.2702572347267,17.6627762598959,227.58074596774193,52.81685263622195,cc3a9c1e2409b78e7a619e90466ef52a,1111111111111111111101111000000110000001100111111111111111111111
image_07.png,..\dataset\AI\qwen\62\image_07.png,1,62,QN,reference_based,Yes,1,,,416,310,RGB,PNG,139.7431640625,237.12327170418007,22.932082832965907,227.38575527295285,51.92840742570615,503bd22c1b26dc8777bf6b8aea620fd6,1111111111111111111101111000000110000001101111011111111111111111
image_08.png,..\dataset\AI\qwen\62\image_08.png,1,62,QN,reference_based,Yes,1,,,416,310,RGB,PNG,138.9765625,234.8609726688103,19.400013782088756,222.2497828784119,54.76878622099994,75706c4c80cd1acdadf7e03b3de3dda2,1111111111111111111001110000001100000001001111011111111111111111
image_09.png,..\dataset\AI\qwen\62\image_09.png,1,62,QN,reference_based,Yes,1,,,416,309,RGB,PNG,141.576171875,231.7750805152979,13.126444978105974,216.40341828478964,54.54725343849144,acba039a61d3d24d2e0e0e8b59c9f40b,1111111111111011110000001100000011011111111111111111111111111111
image_10.png,..\dataset\AI\qwen\62\image_10.png,1,62,QN,reference_based,Yes,1,,,416,309,RGB,PNG,141.625,237.97222222222223,8.265640114044448,222.52624004232013,53.50812035241361,ddb057c73cc27185db21f37fb4e2fcb1,1111111111110111100000011000000110011111111111111111111111111111
image_11.png,..\dataset\AI\qwen\62\image_11.png,1,62,QN,reference_based,Yes,1,,,416,309,RGB,PNG,141.8740234375,235.8101851851852,15.169673778370976,221.89240260144388,53.534317456568694,f2ddbc34146966c5526f6b7035c3f22e,1111111111110111100000011000000110111101111111111111111111111111
image_12.png,..\dataset\AI\qwen\62\image_12.png,1,62,QN,reference_based,Yes,1,,,416,309,RGB,PNG,143.0771484375,231.48607085346217,10.98437475455945,215.72047703510083,54.48596090788648,7daa638e1149a3bc3d53a33901a081a3,1111111111100111000000110000000100111101111111111111110111111111
image_01.png,..\dataset\AI\qwen\63\image_01.png,1,63,QN,reference_based,Yes,1,,,416,309,RGB,PNG,130.654296875,245.53466183574878,24.362516545007697,232.47002582773214,54.707989023203794,ca8931b0756311112d3782106ccf2b24,1111111111111111110011111000000010000000111111111111111111111111
image_02.png,..\dataset\AI\qwen\63\image_02.png,1,63,QN,reference_based,Yes,1,,,416,309,RGB,PNG,132.0322265625,249.59001610305958,5.292600811432607,234.73101817276574,51.09870103395632,64e5f93c0fbb7b89c015648fa9ab73fb,1111111111111111110111111000000010000000111111111111111111111111
image_03.png,..\dataset\AI\qwen\63\image_03.png,1,63,QN,reference_based,Yes,1,,,416,309,RGB,PNG,131.767578125,250.1438808373591,1.649327314778757,234.20846558376897,52.321549584044135,bebe570f7b987bb056b4cadc26138bd7,1111111111111111110111110000000100000001111111111111111111111111
image_04.png,..\dataset\AI\qwen\63\image_04.png,1,63,QN,reference_based,Yes,1,,,416,309,RGB,PNG,130.5625,246.90833333333333,10.98754652061474,231.96724856858353,54.585773251222314,74591ecd8972bef68d50131687147ac9,1111111111111111100111110000000100000001111111111111111111111111
image_05.png,..\dataset\AI\qwen\63\image_05.png,1,63,QN,reference_based,Yes,1,,,416,310,RGB,PNG,132.736328125,243.51945337620577,24.474941730095214,229.91751705955335,56.78922858126229,0f2ddcb8c78918a9fa3e9cb44483f195,1110111110000000100000001111111111111111111111111111111111111111
image_06.png,..\dataset\AI\qwen\63\image_06.png,1,63,QN,reference_based,Yes,1,,,416,310,RGB,PNG,139.5966796875,247.07037781350482,2.5717655086600497,230.34893765508684,54.025008221142365,18a9d8708dd9ec9b482f07c05322a4f2,1111111110000000100000001101111111111111111111111111111111111111
image_07.png,..\dataset\AI\qwen\63\image_07.png,1,63,QN,reference_based,Yes,1,,,416,310,RGB,PNG,140.140625,247.08818327974276,1.9930599634369965,229.4564903846154,56.690344232910384,981ff64e76a34716b6051c4b733145c0,1111111100000001000000011111111111111111111111111111111111111111
image_08.png,..\dataset\AI\qwen\63\image_08.png,1,63,QN,reference_based,Yes,1,,,416,310,RGB,PNG,133.923828125,244.19533762057878,15.604312232706294,228.73108715880895,57.40608519970512,a3485b72d1575ce677310624a007a607,1111111100000001000000011111111111111111111111111111111111111111
image_09.png,..\dataset\AI\qwen\63\image_09.png,1,63,QN,reference_based,Yes,1,,,416,309,RGB,PNG,137.9609375,237.59150563607085,25.683602236057474,224.6926655464277,56.1571397953075,f1d9e52aa18ee10c92d0599c87001af1,1111111111111111111011111000000010000000111111111111111111111111
image_10.png,..\dataset\AI\qwen\63\image_10.png,1,63,QN,reference_based,Yes,1,,,416,309,RGB,PNG,142.6025390625,241.94903381642513,6.358510459704162,225.55852470749315,55.72228755085067,d02e0a6920610cfc6457e2320273da1d,1111111111111111110011011000000010000000111111111111111111111111
image_11.png,..\dataset\AI\qwen\63\image_11.png,1,63,QN,reference_based,Yes,1,,,416,309,RGB,PNG,144.529296875,241.2615539452496,4.97972412244461,224.1027430296241,56.91947070818199,3586cb60b68724ff4e08d4197c909bd7,1111111111111111110110110000000010000001111111111111111111111111
image_12.png,..\dataset\AI\qwen\63\image_12.png,1,63,QN,reference_based,Yes,1,,,416,309,RGB,PNG,140.5244140625,238.3639694041868,10.499122639168505,222.84529810804082,57.17330762506569,1704bff17619410e0922e4970ec4a451,1111111111111111100110110000000100000001111111111111111111111111
image_01.png,..\dataset\AI\qwen\64\image_01.png,1,64,QN,reference_based,Yes,1,,,416,309,RGB,PNG,128.1513671875,248.6921497584541,12.813456074383874,236.72106049290517,47.460052278793114,24a7c59614728b5365be6b48c6edf133,1111111111111111111110011000000010000000111111111111111111111111
image_02.png,..\dataset\AI\qwen\64\image_02.png,1,64,QN,reference_based,Yes,1,,,416,309,RGB,PNG,124.2861328125,251.40857487922705,7.420768755264598,239.29899489668907,45.133252252747155,94ebb3354951661cad4414602216b9b2,1111111111111111111110011000000010000001111111111111111111111111
image_03.png,..\dataset\AI\qwen\64\image_03.png,1,64,QN,reference_based,Yes,1,,,416,309,RGB,PNG,124.689453125,251.36912238325283,4.732117439547851,239.3737630694548,44.42132715637229,8d32e52debbde2e8bb68a07e980e2254,1111111111111111111110111000000100000001111111111111111111111111
image_04.png,..\dataset\AI\qwen\64\image_04.png,1,64,QN,reference_based,Yes,1,,,416,309,RGB,PNG,130.865234375,248.00072463768117,5.678759429104581,234.9843088747822,48.619610719154686,ced2e665a2ac04db3bbca5caa89f3e7f,1111111111111111111110110000000100000001111111111111111111111111
image_05.png,..\dataset\AI\qwen\64\image_05.png,1,64,QN,reference_based,Yes,1,,,416,310,RGB,PNG,155.9140625,244.7281350482315,21.42992497194765,221.18118021091811,66.98661048459643,ee1b8599128920bada301e082b11ad9b,1100000010000000111011111111111111111111110000011000000011101111
image_06.png,..\dataset\AI\qwen\64\image_06.png,1,64,QN,reference_based,Yes,1,,,416,310,RGB,PNG,156.826171875,246.10775723472668,22.941874076185673,221.58180831265508,66.92615966662484,e04fe49283d8c164cf07cdf6feeda1d1,1000000110000001111011111111111111111111110000011000000010001111
image_07.png,..\dataset\AI\qwen\64\image_07.png,1,64,QN,reference_based,Yes,1,,,416,310,RGB,PNG,157.44140625,246.4366961414791,21.173838640696875,222.46674162531016,64.43345116468755,4a6fd71efec2e32a4fa1c0e0f3492052,1000000110000001110111111111111111111111111100011000000111001111
image_08.png,..\dataset\AI\qwen\64\image_08.png,1,64,QN,reference_based,Yes,1,,,416,310,RGB,PNG,158.357421875,243.30434083601287,23.854921845809574,219.15918889578163,68.13332000160689,1bbe46b4e066e712132d52d6ceffda25,1000000100000001110111111111111111111111101100110000000110011111
image_09.png,..\dataset\AI\qwen\64\image_09.png,1,64,QN,reference_based,Yes,1,,,416,309,RGB,PNG,137.9658203125,242.15789049919485,10.405828668020764,229.75703261140154,50.03313577481898,c06ddf7b4edd030ae39ee194de4ba0c5,1111111111111111110110011000000010000001111111111111111111111111
image_10.png,..\dataset\AI\qwen\64\image_10.png,1,64,QN,reference_based,Yes,1,,,416,309,RGB,PNG,136.783203125,245.25571658615138,12.04086521453187,232.0068070077172,50.066431708760874,cbf0e1d17dcd40f4ff40fc9189a379c1,1111111111111111110110011000000010000001111111111111111111111111
image_11.png,..\dataset\AI\qwen\64\image_11.png,1,64,QN,reference_based,Yes,1,,,416,309,RGB,PNG,138.5263671875,244.79384057971015,8.362762666765088,231.95585169280557,49.258146368396744,54208ea4bde53d1cecdf662e8aa4ba8d,1111111111111111111110011000000100000001111111111111111111111111
image_12.png,..\dataset\AI\qwen\64\image_12.png,1,64,QN,reference_based,Yes,1,,,416,309,RGB,PNG,138.9560546875,241.8437198067633,5.558796109083452,228.66370270102067,49.867653541253254,dee36977b1fa7c327707db786ed12648,1111111111111111111100110000000100010001111111111111111111111111
image_01.png,..\dataset\AI\qwen\65\image_01.png,1,65,QN,reference_based,Yes,1,,,416,309,RGB,PNG,126.939453125,246.78027375201287,7.504686496434206,233.5430358476475,51.78040828484593,6f951ea710733558d71d59ef22a7b11e,1111111111111111110011111000000010000000111111111111111111111111
image_02.png,..\dataset\AI\qwen\65\image_02.png,1,65,QN,reference_based,Yes,1,,,416,309,RGB,PNG,129.5625,245.63703703703703,4.971584011314604,233.88209484690069,49.969824027469684,65173a10d15844df972e247ca56116cc,1111111111111111110111111000000010000000111111111111111111111111
image_03.png,..\dataset\AI\qwen\65\image_03.png,1,65,QN,reference_based,Yes,1,,,416,309,RGB,PNG,131.4873046875,242.30563607085347,6.225284823464389,229.4439491535972,53.22462437964123,8bf8e5048ea5939209b3e79aa41027c1,1111111111111111110111111000000000000001111111111111111111111111
image_04.png,..\dataset\AI\qwen\65\image_04.png,1,65,QN,reference_based,Yes,1,,,416,309,RGB,PNG,134.5458984375,238.21356682769726,4.827999839148951,223.75177371172518,54.09158482387397,a6b430f0fb2678a9f1d83f5b4231baff,1111111111111111110111111000000100000001111111111111111111111111
image_05.png,..\dataset\AI\qwen\65\image_05.png,1,65,QN,reference_based,Yes,1,,,416,310,RGB,PNG,128.861328125,246.15024115755628,6.232662120816516,232.19903846153846,52.930962389441454,abe23006378776ca3754582d9e6bfd69,1111111111111111110011111000000010000000111111111111111111111111
image_06.png,..\dataset\AI\qwen\65\image_06.png,1,65,QN,reference_based,Yes,1,,,416,310,RGB,PNG,132.451171875,244.44975884244374,5.939909431767345,232.6946339950372,50.03225887766832,8099f55b0715cbcfff1f75856ecd5a74,1111111111111111110011111000000010000000111111111111111111111111
image_07.png,..\dataset\AI\qwen\65\image_07.png,1,65,QN,reference_based,Yes,1,,,416,310,RGB,PNG,134.53125,240.82680868167202,6.750100388110604,229.14195099255582,50.86053702495267,ee064df0187205a3f250b56fe1516a99,1111111111111111110111011000000010000001111111111111111111111111
image_08.png,..\dataset\AI\qwen\65\image_08.png,1,65,QN,reference_based,Yes,1,,,416,310,RGB,PNG,135.33984375,237.44099678456593,5.153049011891961,224.05972394540942,52.2288193031844,1f81b6dbec6c2138964694781399d468,1111111111111111100111110000000100000001111111111111111111111111
image_09.png,..\dataset\AI\qwen\65\image_09.png,1,65,QN,reference_based,Yes,1,,,416,309,RGB,PNG,132.697265625,243.3044685990338,7.165072016682559,227.5071648618372,55.37729289524593,7421550cb0cac5a4064cda077af76f15,1111111111111111110011011000000010000100111111111111111111111111
image_10.png,..\dataset\AI\qwen\65\image_10.png,1,65,QN,reference_based,Yes,1,,,416,309,RGB,PNG,131.537109375,242.1617149758454,4.910189342347037,230.32002271595718,48.85663928553931,9abda8b38568df51f2424032ec6fbcbb,1111111111111111110011011000000010000001111111111111111111111111
image_11.png,..\dataset\AI\qwen\65\image_11.png,1,65,QN,reference_based,Yes,1,,,416,309,RGB,PNG,136.306640625,238.24247181964574,6.013058094025079,222.8131845904904,57.092465899514366,1f74540847c652956e30dd4415f1ea4e,1111111111111111100011011000000000000001111111111111111111111111
image_12.png,..\dataset\AI\qwen\65\image_12.png,1,65,QN,reference_based,Yes,1,,,416,309,RGB,PNG,139.751953125,234.2352657004831,4.60570564043247,216.58110841423948,58.04928180832843,d54f48e4a7b05f9b3847726cb7ea0425,1111111111111111100110010000000100001001111111111111111111111111
image_01.png,..\dataset\AI\qwen\66\image_01.png,1,66,QN,reference_based,Yes,1,,,416,309,RGB,PNG,130.7724609375,243.05797101449275,25.258764300397928,235.0372712845407,44.41154610928047,d40d74143c5ed43880b74c5fa16ad48e,1111111111111111111011111100111111000000110000001111111111111111
image_02.png,..\dataset\AI\qwen\66\image_02.png,1,66,QN,reference_based,Yes,1,,,416,309,RGB,PNG,131.701171875,246.66988727858293,15.871623007604057,236.15419622852875,44.29637478456446,a89ea86277f836cf6fd15889bc353043,1111111111111111111011111100111110000000100000001111111111111111
image_03.png,..\dataset\AI\qwen\66\image_03.png,1,66,QN,reference_based,Yes,1,,,416,309,RGB,PNG,135.51171875,244.5378421900161,2.4181981515950697,231.3348425441872,47.36636319213134,9232ece51c7e4878845293c1f1ead197,1111111111111111110111111001111110000000100000011111111111111111
image_04.png,..\dataset\AI\qwen\66\image_04.png,1,66,QN,reference_based,Yes,1,,,416,309,RGB,PNG,138.3818359375,235.2635265700483,6.245091325444542,221.45515154344037,50.30454655001129,e130d42b29531d8977612b2eaef5f4eb,1111111111111111100111111001111100000001000000011111111111111111
image_05.png,..\dataset\AI\qwen\66\image_05.png,1,66,QN,reference_based,Yes,1,,,416,310,RGB,PNG,133.4091796875,240.83199356913184,26.949019791633653,232.5595688585608,46.99089670763177,81f58004f95f50b0def1c8bb5770bf91,1111111111111111110011111100000011000000111111111111111111111111
image_06.png,..\dataset\AI\qwen\66\image_06.png,1,66,QN,reference_based,Yes,1,,,416,310,RGB,PNG,137.205078125,244.6003617363344,15.600814911861589,233.4429202853598,46.09138112882659,a821239843d38ae92e07fe64caceb166,1111111111111111110011111000000010000000111111111111111111111111
image_07.png,..\dataset\AI\qwen\66\image_07.png,1,66,QN,reference_based,Yes,1,,,416,310,RGB,PNG,139.5830078125,242.94823151125402,2.3628907083183517,229.94800713399505,47.21277568488128,a9711eeeb76abcb10bd9063a38fdf206,1111111111111111100111111000000010000001111111111111111111111111
image_08.png,..\dataset\AI\qwen\66\image_08.png,1,66,QN,reference_based,Yes,1,,,416,310,RGB,PNG,140.4521484375,234.86901125401928,5.605327721160439,221.203861662531,50.4392114784368,627ed4a7ee669a884108d4b0537cd61a,1111111111111111100111110000000100000001111111111111111111111111
image_09.png,..\dataset\AI\qwen\66\image_09.png,1,66,QN,reference_based,Yes,1,,,416,309,RGB,PNG,137.1640625,234.73099838969404,28.946102207044625,225.88684808314662,49.575424704883794,38c5b14df17c89714a25b3066577ff7c,1111111111101111110000001100000011000111111111111111111111111111
image_10.png,..\dataset\AI\qwen\66\image_10.png,1,66,QN,reference_based,Yes,1,,,416,309,RGB,PNG,140.34765625,239.19581320450885,18.63601430482431,227.65036874533234,49.766129633719146,f1d084d12a6bd3d0dcf185d7d6761320,1111111111001111110010001000000011001111111111111111111111111111
image_11.png,..\dataset\AI\qwen\66\image_11.png,1,66,QN,reference_based,Yes,1,,,416,309,RGB,PNG,141.51171875,238.25374396135265,3.866687759248204,224.25126026885735,50.317993716244814,fbb7b61883e973f066564c62c2be7168,1111111111011111100000001000000110011111111111111111111111111111
image_12.png,..\dataset\AI\qwen\66\image_12.png,1,66,QN,reference_based,Yes,1,,,416,309,RGB,PNG,143.3095703125,228.2707729468599,7.8300403736375905,214.5765574433657,51.26878838273772,d8c4d4a20a5613ee91e19cfd5d0ef91a,1111111110011111000000010000000111111111111111111111111111111111
image_01.png,..\dataset\AI\qwen\67\image_01.png,1,67,QN,reference_based,Yes,1,,,416,309,RGB,PNG,137.6201171875,242.82934782608694,21.735779408592293,227.4211787403535,57.35556383488607,797809d129f384b9c6285c292bb4314d,1111111111111111110000001000000011000111111111111111111111110111
image_02.png,..\dataset\AI\qwen\67\image_02.png,1,67,QN,reference_based,Yes,1,,,416,309,RGB,PNG,140.0673828125,244.34331723027375,15.495773916969696,230.44495270102067,53.89689522554109,bd20db0a86417e2f7933a6bbc8ea0b99,1111111111111111100001011000000010000101111111111111111111111111
image_03.png,..\dataset\AI\qwen\67\image_03.png,1,67,QN,reference_based,Yes,1,,,416,309,RGB,PNG,138.7509765625,240.40801127214172,28.932627474857977,230.89433190191684,54.12164702763526,49063bde2edda14ceb2b5d515b052eea,1111111111111111100000011000000110000111111111111111111111110111
image_04.png,..\dataset\AI\qwen\67\image_04.png,1,67,QN,reference_based,Yes,1,,,416,309,RGB,PNG,134.09375,246.34947665056362,15.189311535131884,233.38998319641524,49.63801692788453,8084a551a772b547d2168cc13d59f95a,1111111111111111100000010000000110001011111111111111111111101111
image_05.png,..\dataset\AI\qwen\67\image_05.png,1,67,QN,reference_based,Yes,1,,,416,310,RGB,PNG,160.498046875,237.26450964630226,33.03603232461674,209.0824209057072,76.89294268750662,17ac0a8f5db264ff438a387513c8a706,1100000010000000111111111111111111111111111101111000000011000101
image_06.png,..\dataset\AI\qwen\67\image_06.png,1,67,QN,reference_based,Yes,1,,,416,310,RGB,PNG,169.5009765625,231.39847266881029,43.04906978371103,207.66347704714642,77.77018677368191,2f5e10572706f8675673954c3dd5940f,1000000110000001111110111111111111111111111001111000000110000001
image_07.png,..\dataset\AI\qwen\67\image_07.png,1,67,QN,reference_based,Yes,1,,,416,310,RGB,PNG,169.6357421875,232.9739951768489,35.57694221428121,216.0578086228288,65.46974089600042,a08aea3e9159bab78c45b3879f2895ce,1000000110000001111111111111111111111111111001111000000110000111
image_08.png,..\dataset\AI\qwen\67\image_08.png,1,67,QN,reference_based,Yes,1,,,416,310,RGB,PNG,158.408203125,242.75719453376206,18.458616061892506,225.38882599255584,50.0322641016186,56b86fa11d86952b550118f5eb0d880f,1000000100000001111111111111111111111111111011110000000110001011
image_09.png,..\dataset\AI\qwen\67\image_09.png,1,67,QN,reference_based,Yes,1,,,416,309,RGB,PNG,143.49609375,236.47709339774556,12.390338566008872,220.66622323873537,56.443612269027426,3e7676101f1958d2270529039a64e5cb,1111111111111111111101111000000010000000111101111111111111111111
image_10.png,..\dataset\AI\qwen\67\image_10.png,1,67,QN,reference_based,Yes,1,,,416,309,RGB,PNG,148.7060546875,235.35314009661835,19.119183206096846,219.8501213592233,59.94138575173165,0978a95d84677608d9916db238377824,1111111111111111111101111000000010000000111110111111111111111111
image_11.png,..\dataset\AI\qwen\67\image_11.png,1,67,QN,reference_based,Yes,1,,,416,309,RGB,PNG,148.1416015625,233.61900161030596,24.495502422665385,222.947963343291,55.99501211152497,5c2b961718194ea030cdaf823864ae35,1111111111111111111001111000000110000001111111111111111111111111
image_12.png,..\dataset\AI\qwen\67\image_12.png,1,67,QN,reference_based,Yes,1,,,416,309,RGB,PNG,141.2333984375,240.5392109500805,4.812665324489993,225.79158887229275,52.58040556961621,83a17966cc861bec56cf5835582f3adc,1111111111111111111011110000000100000001111111111111111111111111
image_01.png,..\dataset\AI\qwen\68\image_01.png,1,68,QN,reference_based,Yes,1,,,416,309,RGB,PNG,132.0322265625,250.4126006441224,1.3955048607440583,230.96030931043066,57.28227858886645,fabe4a0b7bb5ebcf73ce787fcfca6418,1111111111101111110011111001100010000000101000011001111111001111
image_02.png,..\dataset\AI\qwen\68\image_02.png,1,68,QN,reference_based,Yes,1,,,416,309,RGB,PNG,137.3916015625,250.1354267310789,1.2588243191692103,227.6777368060742,60.65167857844133,98e727ad34876454aed034733551c8ac,1111111111111111100011111000010110000001100000011011111111011111
image_03.png,..\dataset\AI\qwen\68\image_03.png,1,68,QN,reference_based,Yes,1,,,416,309,RGB,PNG,137.3935546875,248.54609500805154,1.6793385566206889,227.98086258401793,58.92403149083126,7f91058c15d31cc7b6eab9210c6cea73,1111111111011111100111110000000100000001000000111011111111111111
image_04.png,..\dataset\AI\qwen\68\image_04.png,1,68,QN,reference_based,Yes,1,,,416,309,RGB,PNG,140.822265625,236.476731078905,40.894616612667804,223.50448095593725,62.43320562119257,8f6452609b6d3df87f44387802399832,1111111110011111001111110000001100000011010010110110111110111111
image_05.png,..\dataset\AI\qwen\68\image_05.png,1,68,QN,reference_based,Yes,1,,,416,310,RGB,PNG,135.822265625,249.4005225080386,6.967713187135006,228.16163151364765,60.79399701059528,58ae99323988e69a653d211d5a3fe80e,1111111111001111110111111000000010000001100111111100111111111111
image_06.png,..\dataset\AI\qwen\68\image_06.png,1,68,QN,reference_based,Yes,1,,,416,310,RGB,PNG,136.7734375,249.65799839228296,1.3665578062927077,228.0839097394541,60.22495200048594,c3fbc1fd8076b13a5b0d1b0a801ec869,1111111111001111100111111000000010000001101001111101111111111111
image_07.png,..\dataset\AI\qwen\68\image_07.png,1,68,QN,reference_based,Yes,1,,,416,310,RGB,PNG,140.4892578125,248.12403536977493,1.532305217145639,226.2644773573201,61.549430048201764,b95fb852bf380bfbd3371317ce7289b5,1111111110011111101111110000000100000001001001111011111111111111
image_08.png,..\dataset\AI\qwen\68\image_08.png,1,68,QN,reference_based,Yes,1,,,416,310,RGB,PNG,142.2109375,237.12652733118972,39.242189349194874,223.65887096774193,62.351585264158075,86fbcff09683048c0b7c7218bf9b754e,1111111110011111001111110000001100000011010011111011111111111111
image_09.png,..\dataset\AI\qwen\68\image_09.png,1,68,QN,reference_based,Yes,1,,,416,309,RGB,PNG,138.3232421875,247.6841384863124,10.753881354812405,226.04964058999252,61.92636544633156,84ad55d6a9d6586b13985a2b1ba4552d,1110111111000111100000001000000010010101110111111111111111111111
image_10.png,..\dataset\AI\qwen\68\image_10.png,1,68,QN,reference_based,Yes,1,,,416,309,RGB,PNG,140.6474609375,248.59770531400966,1.4658054839243984,227.19686644261887,59.715082068116416,c5a19a17a76e75106361bbb12f143816,1100111110011111100000011000000110100111100111111111111111111111
image_11.png,..\dataset\AI\qwen\68\image_11.png,1,68,QN,reference_based,Yes,1,,,416,309,RGB,PNG,142.4482421875,246.6757648953301,2.369803073031858,225.30293907144636,61.19254227414288,24146a8fe5f7a9ab08865f8f1c6f24d1,1101111110111111000000010000000100101111101111111111111111111111
image_12.png,..\dataset\AI\qwen\68\image_12.png,1,68,QN,reference_based,Yes,1,,,416,309,RGB,PNG,144.041015625,237.5061191626409,33.21400081041776,221.82693085636046,61.91068272727338,a507434d48cb68ed2f87c0c44636f648,1001111100111111000000110000001101001111001111111111111111111111
image_01.png,..\dataset\AI\qwen\69\image_01.png,1,69,QN,reference_based,Yes,1,,,416,309,RGB,PNG,131.87109375,244.42004830917875,19.63763641395809,234.46566156335575,47.24452497001102,1de3d91bc01dd61dbf068725b434a86c,1111111111111111111111111110001110000000100100111111111111111111
image_02.png,..\dataset\AI\qwen\69\image_02.png,1,69,QN,reference_based,Yes,1,,,416,309,RGB,PNG,128.8681640625,249.81968599033817,5.673061798989143,238.8924726163804,41.860895548818,cda43c5e5e1d4ee5317633fa2dd5227e,1111111111111111111111111110001010000000101001111111111111111111
image_03.png,..\dataset\AI\qwen\69\image_03.png,1,69,QN,reference_based,Yes,1,,,416,309,RGB,PNG,130.5205078125,248.87661030595814,1.620008878871735,236.44824340303708,46.35510076636656,9aa2989a9c22271cdb41c9a289b688e4,1111111111111111111101111100000000000000101001111111111111111111
image_04.png,..\dataset\AI\qwen\69\image_04.png,1,69,QN,reference_based,Yes,1,,,416,309,RGB,PNG,133.70703125,241.44166666666666,9.018069789565205,229.95088063231267,48.91901691689236,e916562dd73d89882f95f6c5af1e3502,1111111111111111111111111100000000000000011001111111111111111111
image_05.png,..\dataset\AI\qwen\69\image_05.png,1,69,QN,reference_based,Yes,1,,,416,310,RGB,PNG,133.7607421875,243.3523311897106,21.92373644354311,233.23280086848635,48.65976385343193,4d521be0cce9a38c47c7908d90d2dbf8,1111111111111111111110111110000010000000101101111111111111111111
image_06.png,..\dataset\AI\qwen\69\image_06.png,1,69,QN,reference_based,Yes,1,,,416,310,RGB,PNG,132.59765625,247.89059485530547,7.55095817900396,236.11117400744416,45.763686197651744,29ad885b480d7fc034ea0fcd9c3d4b11,1111111111111111111111111000000000000000111101111111111111111111
image_07.png,..\dataset\AI\qwen\69\image_07.png,1,69,QN,reference_based,Yes,1,,,416,310,RGB,PNG,134.3681640625,246.5865353697749,2.274100024709208,233.46481079404467,49.418975556910056,37a10d44e4b6db41f11ab9ddc14aef3c,1111111111111111111101111100000000000000111001111111111111111111
image_08.png,..\dataset\AI\qwen\69\image_08.png,1,69,QN,reference_based,Yes,1,,,416,310,RGB,PNG,135.517578125,240.4567926045016,9.03819501525808,228.79609181141439,49.05891989437281,f2b4a6f1eee5b7611bb29aea0e448e9a,1111111111111111111111111100000100000000111001111111111111111111
image_09.png,..\dataset\AI\qwen\69\image_09.png,1,69,QN,reference_based,Yes,1,,,416,309,RGB,PNG,139.615234375,235.6218196457327,22.853132723366837,226.58923792631316,47.28512763667509,5174cb0b93b0ce7d7702cf39fd803e5f,1111111111111111111100111000000010000000111111111111111101111111
image_10.png,..\dataset\AI\qwen\69\image_10.png,1,69,QN,reference_based,Yes,1,,,416,309,RGB,PNG,136.38671875,240.92057165861513,8.928951733618575,229.38918969380134,47.31279222584246,a2acdb75103fad2d697f3a0a9016c4eb,1111111111111111111111111000000010000000111111111111111111111111
image_11.png,..\dataset\AI\qwen\69\image_11.png,1,69,QN,reference_based,Yes,1,,,416,309,RGB,PNG,142.1533203125,236.02334943639292,8.886428835292719,223.5391928055763,49.632786511627636,884acff876f47cefc687edd40099e225,1111111111111111111001110000000000000000111111111111111111111001
image_12.png,..\dataset\AI\qwen\69\image_12.png,1,69,QN,reference_based,Yes,1,,,416,309,RGB,PNG,141.662109375,228.76771336553946,15.854722021885802,219.59978684341547,48.035485431181826,263e08ee31fd9eb347d01b788dcbd5fc,1111111111111111111111110000000000000000111111111111111011111100
image_01.png,..\dataset\AI\qwen\70\image_01.png,1,70,QN,reference_based,Yes,1,,,416,309,RGB,PNG,138.0859375,243.1487922705314,10.848696026053323,226.67430607418473,56.85020188583296,7bb2e43c847331eb8a918ee58a7bea4f,1111111111111111111111111100000010000000110111011111111111111111
image_02.png,..\dataset\AI\qwen\70\image_02.png,1,70,QN,reference_based,Yes,1,,,416,309,RGB,PNG,132.701171875,248.65024154589372,1.6358909600339993,232.17544187204382,54.68279168607063,72cb646447d607a4adfa38d14106788a,1111111111111111111111111000000110000000101110011111111111111111
image_03.png,..\dataset\AI\qwen\70\image_03.png,1,70,QN,reference_based,Yes,1,,,416,309,RGB,PNG,137.1025390625,248.99186795491144,1.478786622973004,230.41746016928056,56.204184468124836,4a6827d2cb010c4c6e189716396c017f,1111111111111111111111111000000100000001101010001110111111111111
image_04.png,..\dataset\AI\qwen\70\image_04.png,1,70,QN,reference_based,Yes,1,,,416,309,RGB,PNG,144.619140625,243.30458937198068,10.393190893122547,223.2475416977844,60.722293328529624,afa14931eccf7eccbe82e96c5fc5720f,1111111111111111111111110000001100000001110000011100111111111111
image_05.png,..\dataset\AI\qwen\70\image_05.png,1,70,QN,reference_based,Yes,1,,,416,310,RGB,PNG,141.9140625,240.29525723472668,15.645421754595429,223.07916408188586,59.44665428300133,3e679b8d6e910816971847be560a3610,1111111111111111110011011000000010000000111110111111111111111111
image_06.png,..\dataset\AI\qwen\70\image_06.png,1,70,QN,reference_based,Yes,1,,,416,310,RGB,PNG,138.109375,244.91905144694533,14.247763080497805,229.19165632754343,55.974915801576266,cf352b84a3537944b6ef382a33de6a10,1111111111111111110010011000000010000001111111111111111111111111
image_07.png,..\dataset\AI\qwen\70\image_07.png,1,70,QN,reference_based,Yes,1,,,416,310,RGB,PNG,138.1123046875,246.32319131832799,2.072773847578257,229.379202853598,55.80836557340646,8813cc1e05079344a451766f9248b9a1,1111111111111111100110010000000110000001111111111111111111111111
image_08.png,..\dataset\AI\qwen\70\image_08.png,1,70,QN,reference_based,Yes,1,,,416,310,RGB,PNG,139.3154296875,241.10245176848875,12.298393240742623,224.66571805210918,56.829077487436926,a5530d1bbf5199599044fe7807a3d22f,1111111111111111100100110000000100000001111111111111111111111111
image_09.png,..\dataset\AI\qwen\70\image_09.png,1,70,QN,reference_based,Yes,1,,,416,309,RGB,PNG,144.7607421875,233.10962157809985,11.167485910612164,215.73998008464028,59.47962230088649,46e6fe33f64cc304547119a4e3eaa527,1111111111111111110000001000000010000100111111111111111111111111
image_10.png,..\dataset\AI\qwen\70\image_10.png,1,70,QN,reference_based,Yes,1,,,416,309,RGB,PNG,144.9697265625,239.3505233494364,4.2415920107533545,220.53485965894947,60.154533472764626,1354108b7b9801f006f913409e7d9830,1111111111111111100000011000000010000000111111111111111111111111
image_11.png,..\dataset\AI\qwen\70\image_11.png,1,70,QN,reference_based,Yes,1,,,416,309,RGB,PNG,141.14453125,239.8750805152979,4.00847218134565,222.14248039581778,58.81161588858892,6778dcac594ecf27ca8aec18acf6c8f9,1111111111111111100000010000000110101111111111111111111111111111
image_12.png,..\dataset\AI\qwen\70\image_12.png,1,70,QN,reference_based,Yes,1,,,416,309,RGB,PNG,143.1298828125,233.54537037037036,12.75841244306417,217.04729897933782,57.97210537870617,eae8344546384878d613fe218f4dc122,1111111111111111000000010000000101111111111111111111111111111111
image_01.png,..\dataset\AI\qwen\71\image_01.png,1,71,QN,reference_based,Yes,1,,,416,309,RGB,PNG,127.9296875,250.6762077294686,1.6376058037399204,237.4434357107294,47.9248334914291,bef238d006000454a3529d1227bbb9c7,1111111111111111111111111110000011000000110000011101111111111111
image_02.png,..\dataset\AI\qwen\71\image_02.png,1,71,QN,reference_based,Yes,1,,,416,309,RGB,PNG,132.953125,248.4849838969404,4.141073082171142,235.37267394822007,48.9304213270546,f7cdaa9b74778aec0fd4fa61d1ccc742,1111111111111111111111111111000110000001110000011101111111111111
image_03.png,..\dataset\AI\qwen\71\image_03.png,1,71,QN,reference_based,Yes,1,,,416,309,RGB,PNG,139.8505859375,244.18409822866346,5.689429695291253,230.6132297112273,50.34541087314161,49462a0bd3f2572426e6ef4d31dc6578,1111111111111111111111111111000110000001110000011101111111111111
image_04.png,..\dataset\AI\qwen\71\image_04.png,1,71,QN,reference_based,Yes,1,,,416,309,RGB,PNG,141.53125,238.31477455716586,5.395022821589528,223.62470438137913,53.057899275027395,8d3c7d2c56f3d41f511c4ff7e05cd47d,1111111111111111111111111111001100000011100000111001111111111111
image_05.png,..\dataset\AI\qwen\71\image_05.png,1,71,QN,reference_based,Yes,1,,,416,310,RGB,PNG,132.0419921875,247.59240353697749,6.784224786911501,235.3752248759305,48.86781004493417,37fd742ada066f3262370958f72db17d,1111111111111111111100111100000010000001110111111111111111111111
image_06.png,..\dataset\AI\qwen\71\image_06.png,1,71,QN,reference_based,Yes,1,,,416,310,RGB,PNG,143.7568359375,244.05450160771704,9.513601060453253,232.26912220843673,49.81872862187426,fcd6e7a7f4735f4586553160de877885,1111111111111111111110011000000111000001110111111111111111111111
image_07.png,..\dataset\AI\qwen\71\image_07.png,1,71,QN,reference_based,Yes,1,,,416,310,RGB,PNG,149.5712890625,238.7625,12.837056382971214,227.05815756823822,51.83612558905568,120a11d3bf0d642f447ae8c9cfe67f19,1111111111111111111100011000000110000001110101111111111111111111
image_08.png,..\dataset\AI\qwen\71\image_08.png,1,71,QN,reference_based,Yes,1,,,416,310,RGB,PNG,143.3701171875,234.79887459807074,10.56377730816154,221.46522952853599,54.33153014765487,49ccd2692ad9a58683369aa49cb4b897,1111111111111111111100110000000110000011100111111111111111111111
image_09.png,..\dataset\AI\qwen\71\image_09.png,1,71,QN,reference_based,Yes,1,,,416,309,RGB,PNG,136.96484375,244.77644927536232,3.4411525263470697,229.60957337565347,53.21650199224142,daa7dd6b207f5ecce6488e38c00d3daa,1111111111111111110000001000000111000001111111111111111111111111
image_10.png,..\dataset\AI\qwen\71\image_10.png,1,71,QN,reference_based,Yes,1,,,416,309,RGB,PNG,144.0068359375,242.2239533011272,5.765789592155407,228.25825398307194,52.05152564282864,8a480197713193efedb2053da6e71f38,1111111111111111100000011000000111000011111111111111111111111111
image_11.png,..\dataset\AI\qwen\71\image_11.png,1,71,QN,reference_based,Yes,1,,,416,309,RGB,PNG,148.0947265625,236.83433977455718,8.302972005813325,223.29123101817277,51.62130770369669,eec6207ae20f846623c015acc1952d9d,1111111111111111100000011000000110010011111111111111111111111111
image_12.png,..\dataset\AI\qwen\71\image_12.png,1,71,QN,reference_based,Yes,1,,,416,309,RGB,PNG,148.4150390625,230.5337761674718,7.541996381068928,217.44908358227534,49.01776015441238,58b09a8cb54c61eb328508382f535033,1111111111111111000000110000001110000111111111111111110011111101
image_01.png,..\dataset\AI\qwen\72\image_01.png,1,72,QN,reference_based,Yes,1,,,416,309,RGB,PNG,134.66796875,247.02858293075684,13.351596348192034,231.74958768981827,55.65960294200781,eeb6d663b8c67252dbffd91f1b6a890c,1111111111111111000000001000000011111110111111111111111111111111
image_02.png,..\dataset\AI\qwen\72\image_02.png,1,72,QN,reference_based,Yes,1,,,416,309,RGB,PNG,137.04296875,247.7071658615137,13.136291515096312,231.47325429424944,57.33096101141569,7c39f193caa0f265be203bedc8d5873a,1111111111111111000000001000000011111110111111111111111111111111
image_03.png,..\dataset\AI\qwen\72\image_03.png,1,72,QN,reference_based,Yes,1,,,416,309,RGB,PNG,135.154296875,249.07314814814814,5.7776433808277865,233.76401854617873,52.87077688338409,147d0d98ef54fab7708299af021bb7d5,1111111111111111000000011000000011111100111111111111111111111111
image_04.png,..\dataset\AI\qwen\72\image_04.png,1,72,QN,reference_based,Yes,1,,,416,309,RGB,PNG,134.15625,249.2138888888889,4.779605628617286,234.10519355240228,51.37624659317637,c62a917d71e324ed7ac0a45d3d161d53,1111111111011111000000010000000111111100111111111111111111111111
image_05.png,..\dataset\AI\qwen\72\image_05.png,1,72,QN,reference_based,Yes,1,,,416,310,RGB,PNG,162.912109375,229.8738344051447,51.061549835779,218.17704714640197,64.9143770409579,f583682690929913b1ce5a8291eec143,1100111110000000110111101111111111111111111111111000000110000000
image_06.png,..\dataset\AI\qwen\72\image_06.png,1,72,QN,reference_based,Yes,1,,,416,310,RGB,PNG,158.6640625,229.46744372990355,58.86513334744181,215.48238213399503,75.91669065745707,55bc426c8431b8b69aea29706b398a8a,1100111110000000110111001111111111111111111111111000000110000000
image_07.png,..\dataset\AI\qwen\72\image_07.png,1,72,QN,reference_based,Yes,1,,,416,310,RGB,PNG,161.330078125,232.13737942122185,50.9786895286512,219.4027062655087,67.24450746752166,680a1b597088350daf9f777037201033,1100111110000001111111011111111111111111111111111000000110000001
image_08.png,..\dataset\AI\qwen\72\image_08.png,1,72,QN,reference_based,Yes,1,,,416,310,RGB,PNG,155.5595703125,232.8032154340836,54.13393853728075,219.21336848635235,71.44328127367595,35c55998351c469a3da67eeba774cd4b,1101111100000001101111011111111111111111111111111000000100000001
image_09.png,..\dataset\AI\qwen\72\image_09.png,1,72,QN,reference_based,Yes,1,,,416,309,RGB,PNG,145.9375,228.96771336553945,35.138641960973395,222.13231267114762,58.01960862194853,36a664495f7600f6e97661cb17fc899a,1111111011111111111111111100111110000000100000001111111011111111
image_10.png,..\dataset\AI\qwen\72\image_10.png,1,72,QN,reference_based,Yes,1,,,416,309,RGB,PNG,145.826171875,231.8311191626409,37.2789915413719,222.77414737366195,59.870470964855336,e6ef6d3fc3645eba1cd0a3dba824a6cc,1111111011111111111111111100111110000000100000001111111111111111
image_11.png,..\dataset\AI\qwen\72\image_11.png,1,72,QN,reference_based,Yes,1,,,416,309,RGB,PNG,144.0673828125,238.76316425120774,27.03128569662633,228.2375373412995,56.623777569964304,455d6fc9109a62d66dd54c0023b4f330,1111110011111111111111111100111100000001100001001111111111111111
image_12.png,..\dataset\AI\qwen\72\image_12.png,1,72,QN,reference_based,Yes,1,,,416,309,RGB,PNG,139.8486328125,241.4849033816425,31.188472014269436,229.62798730395818,56.82534584630341,a8d9870131fc844623d93317830dbf43,1111110111111111111111111101111100000001100000011111111111111111
image_01.png,..\dataset\AI\qwen\73\image_01.png,1,73,QN,reference_based,Yes,1,,,416,309,RGB,PNG,134.06640625,242.01082930756843,35.40315092313796,227.2383775205377,61.81880594741479,e3a9cb878cc5f1d787d7b8fdd268086e,1111111111111111100001111000000010000000110111111111111111001111
image_02.png,..\dataset\AI\qwen\73\image_02.png,1,73,QN,reference_based,Yes,1,,,416,309,RGB,PNG,134.22265625,243.55229468599035,35.94490890537765,230.50694703759024,58.127700375484096,f6d16a734517dcd7c8c2d2a198864b83,1111111111011111100011111000000010000000110111111111111111001111
image_03.png,..\dataset\AI\qwen\73\image_03.png,1,73,QN,reference_based,Yes,1,,,416,309,RGB,PNG,133.974609375,245.31187600644122,29.58499103784321,228.04575865073437,61.774098001028555,41a6315b79f608dc55328994107babb3,1111111111111111100011111000000010000001101111111111111110001111
image_04.png,..\dataset\AI\qwen\73\image_04.png,1,73,QN,reference_based,Yes,1,,,416,309,RGB,PNG,135.462890625,240.76421095008052,32.22301139101153,224.20604617874037,63.929254118531006,020ea3ecd7196f77058184d78a2361d2,1111111111111111000011110000000110000001101111111111111110011111
image_05.png,..\dataset\AI\qwen\73\image_05.png,1,73,QN,reference_based,Yes,1,,,416,310,RGB,PNG,160.044921875,229.83685691318328,55.67899816000386,205.4150666873449,82.7952986243643,2057cde6fb8cc36d48f06d0a704231d3,1000001011000000110110111111111111111111110001111000000011000001
image_06.png,..\dataset\AI\qwen\73\image_06.png,1,73,QN,reference_based,Yes,1,,,416,310,RGB,PNG,160.3818359375,236.3514469453376,47.85793509213028,210.43734491315138,78.27898832730305,0db23921e8b0694bb0d98b5af8cd0717,1000001010000000110110111111111111111111100001111000000011000001
image_07.png,..\dataset\AI\qwen\73\image_07.png,1,73,QN,reference_based,Yes,1,,,416,310,RGB,PNG,159.1220703125,238.29461414790995,43.960112583156416,209.4256358560794,79.11566110611084,295915c3c278528f2673c9b82b3d1c03,1000000110000001100110111111111111111111100011111000000110010011
image_08.png,..\dataset\AI\qwen\73\image_08.png,1,73,QN,reference_based,Yes,1,,,416,310,RGB,PNG,160.978515625,233.72540192926044,44.87001857544344,203.49403691066996,82.51634723250547,4f510b691f093eada5ecdaa21d0a67a4,0000000110000001101101111111111111111111000011110000000110000011
image_09.png,..\dataset\AI\qwen\73\image_09.png,1,73,QN,reference_based,Yes,1,,,416,309,RGB,PNG,139.2421875,237.45950080515297,24.87371102010786,218.53925504107542,64.36201814350434,bb8ba6fa112fd02bcb8af59967d33b46,1111111111111111110001111000000010000000110110111111111111111111
image_10.png,..\dataset\AI\qwen\73\image_10.png,1,73,QN,reference_based,Yes,1,,,416,309,RGB,PNG,137.564453125,241.46030595813204,23.089086432896075,222.86733725416977,63.06943080192469,a6d1b0bdf83bea5edd9080235730e13d,1111111111111111100001111000000010000000100110111111111111111111
image_11.png,..\dataset\AI\qwen\73\image_11.png,1,73,QN,reference_based,Yes,1,,,416,309,RGB,PNG,136.6748046875,243.10893719806762,11.234417040757092,221.73863424197162,63.7502384405077,e4a77384b66d0aea6f19a4c2382036c6,1111111111111111100011111000000010000001101111111111111111111111
image_12.png,..\dataset\AI\qwen\73\image_12.png,1,73,QN,reference_based,Yes,1,,,416,309,RGB,PNG,140.31640625,237.85390499194847,11.955807685306866,217.0722554144884,63.13261571096848,897bf4ea979054f45d0654bb7b3b8f1f,1111111111111111000011110000000100000001101111111111111111111111
image_01.png,..\dataset\AI\qwen\74\image_01.png,1,74,QN,reference_based,Yes,1,,,416,309,RGB,PNG,129.6708984375,248.0263687600644,2.706032865143479,228.08829661438884,61.98364168989104,627726f16331a4c8240dd382e91b72da,1111111111111111111111111100000110000000100000011111111111111111
image_02.png,..\dataset\AI\qwen\74\image_02.png,1,74,QN,reference_based,Yes,1,,,416,309,RGB,PNG,128.2216796875,250.85829307568437,1.1725385639000923,232.09553927059994,58.10562019375062,f8beb1a7706a69919c7ccf0ff09cd5ec,1111111111111111111111111000000110000000100000011111111111111111
image_03.png,..\dataset\AI\qwen\74\image_03.png,1,74,QN,reference_based,Yes,1,,,416,309,RGB,PNG,129.4765625,250.46690821256038,1.3845361534951446,231.6710853871048,57.65569599742856,a2074fa61939e1ecfa9366b05185333f,1111111111111111111111111000000110000000100000011111111111111111
image_04.png,..\dataset\AI\qwen\74\image_04.png,1,74,QN,reference_based,Yes,1,,,416,309,RGB,PNG,134.2490234375,245.899154589372,3.681778161241943,225.99957213094348,61.92039819075953,6eb6ca139b33c96eb0f91b22331a50a5,1111111111111111111111111000000100000001000000011111111111111111
image_05.png,..\dataset\AI\qwen\74\image_05.png,1,74,QN,reference_based,Yes,1,,,416,310,RGB,PNG,132.1279296875,246.64103697749195,4.441388128352582,226.8386011166253,62.23057502860246,25a340fd0bb1f01e515dad2928d61e90,1111111111111111111111111100011110000000100000001111111111111111
image_06.png,..\dataset\AI\qwen\74\image_06.png,1,74,QN,reference_based,Yes,1,,,416,310,RGB,PNG,133.36328125,249.1359726688103,1.3092087345060852,228.5730226426799,61.191080585751784,da0464ce69e72bc6f8242eb970b05587,1111111111111111111111111100010110000000100000001111111111111111
image_07.png,..\dataset\AI\qwen\74\image_07.png,1,74,QN,reference_based,Yes,1,,,416,310,RGB,PNG,132.1064453125,248.76121382636657,1.5285647196596723,229.15045750620348,59.954206940351725,9074a608a16be8c99c9288507a966d0d,1111111111111111111111111100010110000000100000011111111111111111
image_08.png,..\dataset\AI\qwen\74\image_08.png,1,74,QN,reference_based,Yes,1,,,416,310,RGB,PNG,134.1923828125,244.8817122186495,3.5214711137025816,224.88870192307692,62.803540914392045,368bb0786281d061fea4bf97f660218e,1111111111111111111111111000011100000001000000011111111111111111
image_09.png,..\dataset\AI\qwen\74\image_09.png,1,74,QN,reference_based,Yes,1,,,416,309,RGB,PNG,137.9462890625,239.2080112721417,8.788204393597196,220.1007437142146,62.08647309975162,66104f6463842c6117cd640a68436e5d,1111111111111111111111111100000010000000100000011111111111111111
image_10.png,..\dataset\AI\qwen\74\image_10.png,1,74,QN,reference_based,Yes,1,,,416,309,RGB,PNG,135.4111328125,243.78538647342995,3.7058995448864582,224.24313075678367,62.22434371672834,3bced26d452e061ed97f147700073d85,1111111111111111111111111000000110000000100000011111111111111111
image_11.png,..\dataset\AI\qwen\74\image_11.png,1,74,QN,reference_based,Yes,1,,,416,309,RGB,PNG,136.2509765625,243.10398550724636,4.1422103786560625,224.00426313169032,61.36745834104342,5814416eb645f059a2cc99116975213d,1111111111111111111111111000000110000000100000011111111111111111
image_12.png,..\dataset\AI\qwen\74\image_12.png,1,74,QN,reference_based,Yes,1,,,416,309,RGB,PNG,139.51171875,237.12673107890498,7.193946088806033,218.53921614388847,61.64758657767421,180a943f49f085b9c32a0350d512d9bb,1111111111111111111111111000000100000001000000011111111111111111
image_01.png,..\dataset\AI\qwen\75\image_01.png,1,75,QN,reference_based,Yes,1,,,416,309,RGB,PNG,133.884765625,246.60728663446054,1.947768874309261,238.63079568085635,31.14611247272692,329a1ad05156e5aa4b4558f5df3dfe97,1111111111111111111111111111111111000000110000001101111111110011
image_02.png,..\dataset\AI\qwen\75\image_02.png,1,75,QN,reference_based,Yes,1,,,416,309,RGB,PNG,134.1201171875,247.42334943639293,4.263418040346371,234.21085387104804,47.72840730264634,47e245326e3590c0004fa6988d98fda8,1111111111111111111111111111111110000001100000011010011111111111
image_03.png,..\dataset\AI\qwen\75\image_03.png,1,75,QN,reference_based,Yes,1,,,416,309,RGB,PNG,138.24609375,247.1823268921095,1.968259012140993,231.9164644012945,52.55433229704157,c166e1da6bb53039912ef6366a584dc6,1111111111111111111111111111111110000001000000011110111111111111
image_04.png,..\dataset\AI\qwen\75\image_04.png,1,75,QN,reference_based,Yes,1,,,416,309,RGB,PNG,138.591796875,242.86111111111111,22.722610375480613,229.05559185959672,56.158951063710795,ed106ef160bb1d40f6f82630eba08ac7,1111111111111111111111111111111100000001000000010010111111111111
image_05.png,..\dataset\AI\qwen\75\image_05.png,1,75,QN,reference_based,Yes,1,,,416,310,RGB,PNG,139.3232421875,244.87399517684887,8.671918438750268,235.18836073200993,35.34298770406969,3394d3b089f4afbeffb05172f2029fcc,1111111111111111111111111100000011000000100100101111111111111111
image_06.png,..\dataset\AI\qwen\75\image_06.png,1,75,QN,reference_based,Yes,1,,,416,310,RGB,PNG,137.2880859375,245.32885852090033,10.47483448744987,233.1183080024814,47.87455627744715,0112b76a7099111e9ab66a0e9bf9b671,1111111111111111111111111000000110000001000001111111111111111111
image_07.png,..\dataset\AI\qwen\75\image_07.png,1,75,QN,reference_based,Yes,1,,,416,310,RGB,PNG,142.5107421875,245.82471864951768,1.5618877968579366,226.47767524813895,58.59342829784569,03c1185d9c901ed48b0d797cf4142c54,1111111111111111111111111000000100000001000001111111111111111111
image_08.png,..\dataset\AI\qwen\75\image_08.png,1,75,QN,reference_based,Yes,1,,,416,310,RGB,PNG,139.62890625,241.3503617363344,23.83257931248456,228.119773573201,55.52953143586926,973c20244cb20b4fe23ba8a8a0bd0d0c,1111111111111111111111110000001100000001001011111111111111111111
image_09.png,..\dataset\AI\qwen\75\image_09.png,1,75,QN,reference_based,Yes,1,,,416,309,RGB,PNG,137.345703125,242.8552737520129,2.6467151361671615,233.48342201891958,38.41009654773198,8121be68b967c62023543089f9f0b6cb,1111111111111111110000011100000011000000111111111111111111111111
image_10.png,..\dataset\AI\qwen\75\image_10.png,1,75,QN,reference_based,Yes,1,,,416,309,RGB,PNG,144.4501953125,244.35322061191627,1.7547823124857482,228.1809730520289,50.32790899761125,4f78d17d31ff7159d266995b47e34b52,1111111111111111110000011000000110000111111111111111111111111111
image_11.png,..\dataset\AI\qwen\75\image_11.png,1,75,QN,reference_based,Yes,1,,,416,309,RGB,PNG,144.0537109375,243.5859500805153,1.751356692629698,226.82458924570574,55.11731432125359,ee8619ad37c8d9aa1328b53f02078886,1111111111111111100000010000000100000111111111111111111111111111
image_12.png,..\dataset\AI\qwen\75\image_12.png,1,75,QN,reference_based,Yes,1,,,416,309,RGB,PNG,141.2314453125,237.07202093397746,26.41488941929112,222.90943956933035,59.67030864381237,1f376926068bb1d165ca858ee1d587ff,1111111111111111100000110000000100000011111111111111111111111111
image_01.png,..\dataset\AI\qwen\76\image_01.png,1,76,QN,reference_based,Yes,1,,,416,309,RGB,PNG,136.2294921875,249.90740740740742,1.7661725340890606,229.27975634802092,60.02785705865984,75427c19e411149016e0982e9da38cc8,1111111111111111110010111000000110000001100000011101101111111111
image_02.png,..\dataset\AI\qwen\76\image_02.png,1,76,QN,reference_based,Yes,1,,,416,309,RGB,PNG,138.2451171875,247.9018115942029,2.2154260674090276,227.62811177495644,60.88529800218596,e82900e8ed8b61e73baaed8cc6a6ac79,1111111111111111110111111000000110000001100000011101111111111111
image_03.png,..\dataset\AI\qwen\76\image_03.png,1,76,QN,reference_based,Yes,1,,,416,309,RGB,PNG,141.931640625,244.04891304347825,2.4032115074633826,223.89817494398804,61.28628386635048,8d500d1de291726eb96af7e6de2db29c,1111111111111111110111111000000110000001100000111111111111111111
image_04.png,..\dataset\AI\qwen\76\image_04.png,1,76,QN,reference_based,Yes,1,,,416,309,RGB,PNG,142.5,238.9204106280193,4.119225826473279,219.51236152601444,61.63953752403558,00152b34a6377a212f50036aa0e260c7,1111111111111111100111111000100110000001100000111111111111111111
image_05.png,..\dataset\AI\qwen\76\image_05.png,1,76,QN,reference_based,Yes,1,,,416,310,RGB,PNG,137.8994140625,247.75631028938906,1.944295693290707,227.45973169975187,61.124914361979116,aff265d3a2cc4e59b274916eb03952a7,1111111111011111100000111000000110000001100011111111111111111111
image_06.png,..\dataset\AI\qwen\76\image_06.png,1,76,QN,reference_based,Yes,1,,,416,310,RGB,PNG,144.67578125,244.8097266881029,3.066264722186014,224.86048387096776,60.837626088046015,b2038fe367d20311f3c33f7dc4cc9ee4,1111111111011111100011111000000110000001100001111111111111111111
image_07.png,..\dataset\AI\qwen\76\image_07.png,1,76,QN,reference_based,Yes,1,,,416,310,RGB,PNG,144.1767578125,241.47290996784565,2.4177111538406453,222.95599410669976,59.6988792380383,69fa482da2ea85d5db0f5fc2d6e31d59,1111111111111111111100111000001110000011110100111111111111111111
image_08.png,..\dataset\AI\qwen\76\image_08.png,1,76,QN,reference_based,Yes,1,,,416,310,RGB,PNG,142.447265625,237.50164790996786,3.2166913737126688,218.82193703473945,60.70399008102006,6b288c9cfe8bfd3835e9ba8708a9523e,1111111110011111100011111000000110000011100000111111111111111111
image_09.png,..\dataset\AI\qwen\76\image_09.png,1,76,QN,reference_based,Yes,1,,,416,309,RGB,PNG,143.0693359375,243.68856682769726,4.7820903171196605,221.85010580034853,64.20320885766823,5bd0153ae92dad35928be219925e13ff,1111111111010111100000011000000110000001110111111111111111111111
image_10.png,..\dataset\AI\qwen\76\image_10.png,1,76,QN,reference_based,Yes,1,,,416,309,RGB,PNG,142.1181640625,241.44190821256038,5.740356940818244,224.04714339058998,57.74798554933604,e417b000e86bf0aaa901763a23f70873,1111111111111111100000011000000111000001111111011111111111111111
image_11.png,..\dataset\AI\qwen\76\image_11.png,1,76,QN,reference_based,Yes,1,,,416,309,RGB,PNG,148.2470703125,237.81630434782608,3.5504688671066384,214.94208986806075,65.89492170143482,9471629551778896b6ba610421960333,1111111111011011100000011000001110000011110110111111111111111111
image_12.png,..\dataset\AI\qwen\76\image_12.png,1,76,QN,reference_based,Yes,1,,,416,309,RGB,PNG,144.181640625,231.9304347826087,5.405757469645296,214.2272062484441,59.20127452976834,04df65fe6b813641aa8658d75ab806d1,1111111111111111100000011000000110000011111110111111111111111111
image_01.png,..\dataset\AI\qwen\77\image_01.png,1,77,QN,reference_based,Yes,1,,,416,309,RGB,PNG,129.966796875,250.4787037037037,4.0219943532114595,235.79524520786657,48.447327773369004,fc3ab96509dc3c555e15ae5d0ea294ab,1111111111111111111111001000000010000001111111011111111111111111
image_02.png,..\dataset\AI\qwen\77\image_02.png,1,77,QN,reference_based,Yes,1,,,416,309,RGB,PNG,139.193359375,247.95507246376812,2.3796969054690056,230.67338810057257,54.27835573886428,c7ec29618c1e73409c28fd59d9d6261e,1111111111111111110110011000000110000001111110111111111111111111
image_03.png,..\dataset\AI\qwen\77\image_03.png,1,77,QN,reference_based,Yes,1,,,416,309,RGB,PNG,141.06640625,244.0814814814815,2.444563140630622,224.59413897186954,60.34488276847017,971834718a20fa31320123f05a766b96,1111111111111111101100010000000110000001111110111111111111111111
image_04.png,..\dataset\AI\qwen\77\image_04.png,1,77,QN,reference_based,Yes,1,,,416,309,RGB,PNG,150.0908203125,236.66549919484703,19.663265931318435,215.56906584515806,64.34523224282835,97b320b4bf2ef06c3cd083dacfdeaf4f,1111111111111111001000010000000100000011111000111111111111111111
image_05.png,..\dataset\AI\qwen\77\image_05.png,1,77,QN,reference_based,Yes,1,,,416,310,RGB,PNG,134.849609375,248.5622186495177,3.863380751779629,231.09665787841192,53.6725732194893,5aafe2e27fe22f535db5c2380a99bed8,1111111111111111110110001000000011000001111111111111111111111111
image_06.png,..\dataset\AI\qwen\77\image_06.png,1,77,QN,reference_based,Yes,1,,,416,310,RGB,PNG,145.7099609375,245.68002411575563,2.5350253205094853,227.38125775434244,57.30218235924958,9a229404e5d1ca41fc5dd528c5b4fc0c,1111111111111011100000011000000110000001111110111111111111111111
image_07.png,..\dataset\AI\qwen\77\image_07.png,1,77,QN,reference_based,Yes,1,,,416,310,RGB,PNG,150.33984375,240.86756430868166,2.9870071294731715,219.46426799007443,63.198333097875434,bc29360b7db9efae72732c9056bdece8,1111111111111011100000010000000110000001111111111111111111111111
image_08.png,..\dataset\AI\qwen\77\image_08.png,1,77,QN,reference_based,Yes,1,,,416,310,RGB,PNG,145.9501953125,234.98846463022508,14.303252290973242,215.46218207196029,61.63861735818814,6f1123217f856e94cec3e14975c8821b,1111111111111011000000010000000100000011111111111111111111111111
image_09.png,..\dataset\AI\qwen\77\image_09.png,1,77,QN,reference_based,Yes,1,,,416,309,RGB,PNG,139.4482421875,245.12701288244767,3.256025470750904,225.6415001867065,58.40214101199151,515d94f2208b46eacb0d77e8b91f90ad,1111111111111111111111001000000010000000111110011111111111111111
image_10.png,..\dataset\AI\qwen\77\image_10.png,1,77,QN,reference_based,Yes,1,,,416,309,RGB,PNG,146.8251953125,241.62157809983896,3.511717412366646,221.65744025392084,60.54631491189088,ef8a484f990f13a22cd5f4210439cdd0,1111111111111011110010011000000110000001100100011111111111111111
image_11.png,..\dataset\AI\qwen\77\image_11.png,1,77,QN,reference_based,Yes,1,,,416,309,RGB,PNG,151.837890625,235.645692431562,4.177265452690966,212.34325211600697,66.0929394861255,c1694a002b12da1b37fcecd5a3b5851f,1111111111111111111000011000000110000001111100111111111111111111
image_12.png,..\dataset\AI\qwen\77\image_12.png,1,77,QN,reference_based,Yes,1,,,416,309,RGB,PNG,151.3203125,227.7572463768116,12.10050869236565,206.8084080159323,64.47047271722298,eba935be7b2dde066ae231663f261106,1111111111111111111000010000000100000001111110111111111111111111
image_01.png,..\dataset\AI\qwen\78\image_01.png,1,78,QN,reference_based,Yes,1,,,416,309,RGB,PNG,136.177734375,240.61537842190017,34.883126308062884,228.65435181727656,58.57706470834472,0dd9d2eace4a5302b6ca433aebdd70df,1111111111111111100111011000000010000001110111111111111110111101
image_02.png,..\dataset\AI\qwen\78\image_02.png,1,78,QN,reference_based,Yes,1,,,416,309,RGB,PNG,136.294921875,242.91574074074074,35.03282831570296,232.25617687328852,53.746582735182486,7faeb0caa5eb65a4976b4fba1b290b4a,1111111111111111100110011000000110000001110111111111111110111101
image_03.png,..\dataset\AI\qwen\78\image_03.png,1,78,QN,reference_based,Yes,1,,,416,309,RGB,PNG,135.5673828125,242.84380032206118,34.96992263273104,231.20786656708987,55.60896227848473,01e9463163b57c3928765213d01d9bc7,1111111111111111101110010000000110000001111111111111111110111001
image_04.png,..\dataset\AI\qwen\78\image_04.png,1,78,QN,reference_based,Yes,1,,,416,309,RGB,PNG,138.5693359375,237.67073268921095,39.1938049277276,226.12141367936272,60.60542894765548,c4f93a030cdc29b187177a766e51b998,1111111111111111001110110000000100000001111111111111111100111011
image_05.png,..\dataset\AI\qwen\78\image_05.png,1,78,QN,reference_based,Yes,1,,,416,310,RGB,PNG,161.6015625,234.45534565916398,45.8181635960522,210.9918734491315,76.73759333667934,b2e4656a096fc3542239c19a84053942,1001100110000001110111111111111111111111100111011000000110001001
image_06.png,..\dataset\AI\qwen\78\image_06.png,1,78,QN,reference_based,Yes,1,,,416,310,RGB,PNG,161.330078125,238.73930868167201,40.483951981134766,214.77793889578163,73.3164106802307,1bae3238f7976076547dff937d7be731,1001100110000001110111111111111111111111100110011000000110011011
image_07.png,..\dataset\AI\qwen\78\image_07.png,1,78,QN,reference_based,Yes,1,,,416,310,RGB,PNG,162.5078125,238.65470257234728,40.25563238227349,213.51427574441686,74.59134197790092,f2c4671652c7e9e65d56958f7cd6fcc2,1001000110000001100111111111111111111111101110111000000110010011
image_08.png,..\dataset\AI\qwen\78\image_08.png,1,78,QN,reference_based,Yes,1,,,416,310,RGB,PNG,163.06640625,234.17986334405145,42.53830036628244,209.00616470223326,77.35071259918621,59c173d53abc6fc8f56b5a1bcd3ab7d1,0001001100000001101111111111111111111111001110110000000100010011
image_09.png,..\dataset\AI\qwen\78\image_09.png,1,78,QN,reference_based,Yes,1,,,416,309,RGB,PNG,145.765625,238.17958937198068,17.13963428073771,221.15201798605923,60.27215372844368,76deb4fa52ec7ba3e01f7b0650311bcb,1111111111111111101111011000100110000000100011111111111111111111
image_10.png,..\dataset\AI\qwen\78\image_10.png,1,78,QN,reference_based,Yes,1,,,416,309,RGB,PNG,142.7578125,241.7884460547504,14.001706941055184,222.74190938511327,62.89705738344912,2f77b34db203c3a75d4d469fb1deb689,1111111111111111101111011000000110000000100111111111111111111111
image_11.png,..\dataset\AI\qwen\78\image_11.png,1,78,QN,reference_based,Yes,1,,,416,309,RGB,PNG,142.8828125,242.05535426731078,10.896801980077143,223.1599141150112,61.60056426965299,139d91c26cf13d268a482c1396f5baff,1111111111111111101110010000000100000001100111111111111111111111
image_12.png,..\dataset\AI\qwen\78\image_12.png,1,78,QN,reference_based,Yes,1,,,416,309,RGB,PNG,144.818359375,237.362077294686,11.127473719098456,220.07399022902663,59.38205844729989,2f44888ae5ead4defbbb3216f36337a1,1111111111111111001110110000000100000001101111111111111111111111
image_01.png,..\dataset\AI\qwen\79\image_01.png,1,79,QN,reference_based,Yes,1,,,501,171,RGBA,PNG,54.4755859375,254.00193166727033,0.36408369242080185,238.4037072054721,57.21464828491018,a1312d519d93a2598196c5649a96a72f,1111111111111111110111111000000110000001110011011111111111111111
image_02.png,..\dataset\AI\qwen\79\image_02.png,1,79,QN,reference_based,Yes,1,,,501,171,RGBA,PNG,57.28515625,254.01086562839552,0.32483840900484023,234.52281402108065,63.29351798241011,b586e44e71b992eeec89c02550618c15,1111111111111111111110111011100110000000100000011111111111111111
image_03.png,..\dataset\AI\qwen\79\image_03.png,1,79,QN,reference_based,Yes,1,,,501,171,RGBA,PNG,52.130859375,254.02058432934928,0.28715306754777076,236.62041997875593,60.2218109992356,859aee86902a24b41e9b470c885b730e,1111111111111111111110111011100110000001100000011111111111111111
image_04.png,..\dataset\AI\qwen\79\image_04.png,1,79,QN,reference_based,Yes,1,,,501,171,RGBA,PNG,57.794921875,253.9092116382953,0.42890368006708657,235.53992599596128,61.791610404463185,ac4704b1ef4f89934a660177ae396d55,1111111111111111111110111111101110000001100000011111111111111111
image_05.png,..\dataset\AI\qwen\79\image_05.png,1,79,QN,reference_based,Yes,1,,,501,170,RGBA,PNG,52.81640625,253.94187454589488,0.3245989350568663,236.865786074909,59.682000518337794,43f65b2396c2310e673c89897619d31b,1111111111111111110111111000000111000001100011011011111111111111
image_06.png,..\dataset\AI\qwen\79\image_06.png,1,79,QN,reference_based,Yes,1,,,501,170,RGBA,PNG,50.7099609375,252.85050859772343,15.344991100045823,235.13151344370084,62.49599314787125,75c8296e31c851f685df620394bbfd33,1111111111111111111111011000000010000000111111111111111111111111
image_07.png,..\dataset\AI\qwen\79\image_07.png,1,79,QN,reference_based,Yes,1,,,501,170,RGBA,PNG,50.01171875,253.87054976992007,4.63981967114839,235.09327227897145,62.550277726715805,d12f21c9e4c446ac6e40e53349682491,1111111111111111111110111000000010000000110001011111111111111111
image_08.png,..\dataset\AI\qwen\79\image_08.png,1,79,QN,reference_based,Yes,1,,,501,170,RGBA,PNG,50.8896484375,253.8782392831194,0.3800978827638216,235.72294235059294,61.51555494112092,6f3c231002595a0791b10a8f74c5c978,1111111111111111111110111000000110000001100001011111111111111111
image_09.png,..\dataset\AI\qwen\79\image_09.png,1,79,QN,reference_based,Yes,1,,,501,171,RGBA,PNG,50.0126953125,251.67203911626223,23.076777913990167,234.8933828249933,63.02995682047376,35e2c734fa94b78364ba73961acaecb9,1111111111111111111111111000000010000000110111111111111111111111
image_10.png,..\dataset\AI\qwen\79\image_10.png,1,79,QN,reference_based,Yes,1,,,501,171,RGBA,PNG,53.9365234375,248.58541591210914,34.59202962549717,235.02577301537275,62.80225719238837,b053cb114fed027435b30569a2079767,1111111111111111111111011000000010000000111111111111111111111111
image_11.png,..\dataset\AI\qwen\79\image_11.png,1,79,QN,reference_based,Yes,1,,,501,171,RGBA,PNG,50.8642578125,253.03591693830737,14.611293465727865,234.45726091676298,63.795821893155185,35ddb02eea1258d4cfaf52832e4f0a00,1111111111111111111110111000000010000000111111111111111111111111
image_12.png,..\dataset\AI\qwen\79\image_12.png,1,79,QN,reference_based,Yes,1,,,501,171,RGBA,PNG,51.5244140625,254.06519377037304,0.5892304186793654,234.90657281927372,62.94290857347162,1f39ba3001011dee0b890f73d958a98b,1111111111111011111110111000000000000000111101111111111111111111
0001.jpeg,..\dataset\AI\gpt\0001.jpeg,1,NA,GPT,generic,No,0,,,1080,280,RGB,JPEG,42.0732421875,254.15558862433863,0.6003458968373402,248.05809854497355,33.33390754796405,38da122723ebef3af1fbe59aa829cb4b,1111111111111111110111111010000110000011110001111111111111111111
0002.jpeg,..\dataset\AI\gpt\0002.jpeg,1,NA,GPT,generic,No,0,,,1080,280,RGB,JPEG,40.740234375,254.11084656084657,0.6071237792532369,248.3546593915344,32.66605017107959,e7f73d4f07d7b066df39f8bdae4a4e8f,1111111111111111100111111001001110000011100101111111111111111111
0003.jpeg,..\dataset\AI\gpt\0003.jpeg,1,NA,GPT,generic,No,0,,,1080,280,RGB,JPEG,43.52734375,254.15092592592592,0.5981998478812036,247.52838955026456,34.28856440651739,ae0c61580a5c04ec2676b90e4c6b05cb,1111111111111111100111111000110110000001100000111111111111111111
0004.jpeg,..\dataset\AI\gpt\0004.jpeg,1,NA,GPT,generic,No,0,,,1080,280,RGB,JPEG,42.4990234375,254.12867063492064,0.6131102553125646,248.26857142857142,32.284185549329294,36621d95c9886d5f05a63432aad959f2,1111111111111111110111111100000110000001100111111011111111111111
0005.jpeg,..\dataset\AI\gpt\0005.jpeg,1,NA,GPT,generic,No,0,,,1080,280,RGB,JPEG,44.4697265625,254.04041005291006,0.6161843597414204,247.45082671957672,34.466650682031315,88f373c6d6f69a68332b26e7badfb673,1111111111011111101111111000000010000011111111111101111111111111
0006.jpeg,..\dataset\AI\gpt\0006.jpeg,1,NA,GPT,generic,No,0,,,1080,280,RGB,JPEG,39.482421875,254.14107142857142,0.6112695308474025,249.17302248677248,29.67140306389163,7cd122b35d2ff9c3538cb5c64c109671,1111111111101111111011111100000110000111101111111111111111111111
0007.jpeg,..\dataset\AI\gpt\0007.jpeg,1,NA,GPT,generic,No,0,,,1080,280,RGB,JPEG,41.8408203125,254.14598214285715,0.6005415829089735,248.56665013227513,31.12362960299826,3fc6d16cae4dd42932bc56aa2a994fad,1111111111011111100000011000000110011111110111111111111111111111
0008.jpeg,..\dataset\AI\gpt\0008.jpeg,1,NA,GPT,generic,No,0,,,1080,280,RGB,JPEG,43.240234375,254.1049437830688,0.5946315414776447,247.56396494708994,34.12364115974102,810c579568d313dfb5f01f373a8d633d,1111111111111111101100111000000110010011101111111111111111111111
0009.jpeg,..\dataset\AI\gpt\0009.jpeg,1,NA,GPT,generic,No,0,,,1080,280,RGB,JPEG,45.09375,254.14750330687832,0.6013807277847947,247.3046726190476,34.21024227595195,94975bd4e64dd5763011f28d0474ba13,1111111111011111100100011000001110001111111111111111111111111111
0010.jpeg,..\dataset\AI\gpt\0010.jpeg,1,NA,GPT,generic,No,0,,,1080,280,RGB,JPEG,44.1826171875,253.6167328042328,0.6204179445832619,247.98483134920636,31.911950386206662,1934ce1a57c8c63844eaeed958d0730e,1111111111111111110111111000000110000001100100111111111111111111
0011.jpeg,..\dataset\AI\gpt\0011.jpeg,1,NA,GPT,generic,No,0,,,1080,280,RGB,JPEG,43.7607421875,253.5808201058201,0.6198458286025386,247.83997023809525,32.209796558054876,dfd81decefe0a73bb743b2425d4b1a70,1111111111111111100111110001000110000011100111111111111111111111
0012.jpeg,..\dataset\AI\gpt\0012.jpeg,1,NA,GPT,generic,No,0,,,1080,280,RGB,JPEG,47.5595703125,253.70753968253968,0.6065526491164339,246.8909986772487,34.80264963507364,d80af564b61cbcb58b1c877e8f058c83,1111111111111111110111111000000110000011100001111111111111111111
0013.jpeg,..\dataset\AI\gpt\0013.jpeg,1,NA,GPT,generic,No,0,,,1080,280,RGB,JPEG,44.265625,253.5945767195767,0.6286667724484675,248.10343584656084,31.57290147013064,798f0c7bfbd9559e63b55581a36b297b,1111111111111111100111001000000110000111100111111011111111111111
0014.jpeg,..\dataset\AI\gpt\0014.jpeg,1,NA,GPT,generic,No,0,,,1080,280,RGB,JPEG,47.44140625,253.55930886243385,0.6311897086096941,247.17207671957672,33.702588186208196,90a1ee65708c301a4ecdc9df3eb0c1cb,1111111111001111101111011000000010000011111011111111111111111111
0015.jpeg,..\dataset\AI\gpt\0015.jpeg,1,NA,GPT,generic,No,0,,,1080,280,RGB,JPEG,45.970703125,253.65262896825396,0.6352347448923997,247.74422619047618,32.640453673344496,aa6fea33c96c5418c63ab7f553b9af0b,1111111111011111110111001100000110000011001111111111111111111111
0016.jpeg,..\dataset\AI\gpt\0016.jpeg,1,NA,GPT,generic,No,0,,,1080,280,RGB,JPEG,45.1103515625,253.60935846560847,0.628057377884462,247.61839947089948,32.95432338825953,b2a22dcb783320832155c0c43d67ae2e,1111111110011101100100010000001110001111111111111111111111111111
0017.jpeg,..\dataset\AI\gpt\0017.jpeg,1,NA,GPT,generic,No,0,,,1080,280,RGB,JPEG,43.94921875,253.51612103174602,0.6420592747834452,248.05835978835978,31.215877564542705,9983906147159bc796664cc518f9aacd,1111111110111111100000011000001110110111111111111111111111111111
0018.jpeg,..\dataset\AI\gpt\0018.jpeg,1,NA,GPT,generic,No,0,,,1080,280,RGB,JPEG,46.486328125,253.6099041005291,0.6278831310467156,247.4364914021164,33.08073469050054,3f83a637aa9b2c237f6ec93ae99263d0,1111111111011011100100001000000100001111111111111111111111111111
0019.jpeg,..\dataset\AI\gpt\0019.jpeg,1,NA,GPT,generic,No,0,,,1080,280,RGB,JPEG,42.001953125,254.02089947089948,0.6015245054315248,248.50438492063492,31.859912768540845,48fda097d6332305169f34d592433277,1111111111111111110011111001100110000011100001111101111111111111
0020.jpeg,..\dataset\AI\gpt\0020.jpeg,1,NA,GPT,generic,No,0,,,1080,280,RGB,JPEG,41.904296875,254.02099867724868,0.6005031466185498,247.81776785714285,34.08669282999337,705263b40906337669ee777e4ba929df,1111111111111111110110011100001110000111100111111101111111111111
0021.jpeg,..\dataset\AI\gpt\0021.jpeg,1,NA,GPT,generic,No,0,,,1080,280,RGB,JPEG,42.6728515625,254.06400462962964,0.603550425714938,248.46111772486773,31.724747322335524,58d3d48b57a9396985f140bf79ae02ad,1111111111001111100011111010000001000001000011111011111111111111
0022.jpeg,..\dataset\AI\gpt\0022.jpeg,1,NA,GPT,generic,No,0,,,1080,280,RGB,JPEG,40.337890625,253.99277447089946,0.6187096473371443,248.82829365079365,31.018469830624234,8018d3b979edf93e991f4ddc5dc53808,1111111111111111100111111011000110000011100011111011111111111111
0023.jpeg,..\dataset\AI\gpt\0023.jpeg,1,NA,GPT,generic,No,0,,,1080,280,RGB,JPEG,43.9765625,253.95722552910053,0.618154875787109,248.19993716931216,32.02223767452679,eb93096f6285ddb51707db4738a1ad88,1111111111011111100111110011010100000001000011111111111111111111
0024.jpeg,..\dataset\AI\gpt\0024.jpeg,1,NA,GPT,generic,No,0,,,1080,280,RGB,JPEG,42.25390625,254.0673611111111,0.6242398927278194,248.7066865079365,31.030150557971837,c81272859b06ffc19c0767aba89cbf91,1111111111011111110011111100000010000011100111111011111111111111
0025.jpeg,..\dataset\AI\gpt\0025.jpeg,1,NA,GPT,generic,No,0,,,1080,280,RGB,JPEG,41.1396484375,254.04325396825396,0.598676444972304,248.40849537037036,32.0252323828866,ad587c4e8abc9424a985f1ee5e503278,1111111111111111110000111000001110001111111111111111111111111111
0026.jpeg,..\dataset\AI\gpt\0026.jpeg,1,NA,GPT,generic,No,0,,,1080,280,RGB,JPEG,39.451171875,254.01327711640212,0.5949014312380156,249.61696097883598,27.92970029831628,859b99b1f141b85db2126889b0be0f57,1111111110011111101110011000001110000111101111111111111111111111
0027.jpeg,..\dataset\AI\gpt\0027.jpeg,1,NA,GPT,generic,No,0,,,1080,280,RGB,JPEG,42.3837890625,254.0633267195767,0.5966099482001245,248.80594907407408,30.19004103514528,92d0b7dfa0e074ee97acd1b5c7f256ed,1111111111001111100011101000000110000011111111111111111111111111
0028.jpeg,..\dataset\AI\gpt\0028.jpeg,1,NA,GPT,generic,No,0,,,1080,280,RGB,JPEG,44.8837890625,253.81407076719577,0.6428306513497589,246.45075396825396,37.104531422415704,ad24288611d46ac61c5648eccbdaaf43,1111111111111111110111111100000110000001100011111111111111111111
0029.jpeg,..\dataset\AI\gpt\0029.jpeg,1,NA,GPT,generic,No,0,,,1080,280,RGB,JPEG,44.6298828125,253.75843253968253,0.6524361577147223,247.07828042328043,35.32828154146031,1c0f5adff09b9f935bfa580f71e8b7e3,1111111111111111110111111000000111000001100011111111111111111111
0030.jpeg,..\dataset\AI\gpt\0030.jpeg,1,NA,GPT,generic,No,0,,,1080,280,RGB,JPEG,44.919921875,253.83913690476192,0.618925011944521,247.42690806878306,34.08414213195307,ffb68e4ee990ced4d7ded55d3a42cea7,1111111111111111110101111100000010000001111111111111111111111111
0031.jpeg,..\dataset\AI\gpt\0031.jpeg,1,NA,GPT,generic,No,0,,,1080,280,RGB,JPEG,42.537109375,253.8403439153439,0.6409777899622433,247.5374007936508,34.26987147041295,33d8ee0135d5a802c1ef75d34d53eef9,1111111111111111110111111100000110000001100111111111111111111111
0032.jpeg,..\dataset\AI\gpt\0032.jpeg,1,NA,GPT,generic,No,0,,,1080,280,RGB,JPEG,45.0693359375,253.73971560846562,0.6698658742553062,246.9090376984127,35.68849228830031,55e0be362399f55f888ba58e54ad07ad,1111111111111111110111111100001110000001100011111111111111111111
0033.jpeg,..\dataset\AI\gpt\0033.jpeg,1,NA,GPT,generic,No,0,,,1080,280,RGB,JPEG,43.6953125,253.6477347883598,0.6673853971185798,247.6632804232804,33.07409630083836,34b6a2648afd0540d2e55126b14debe1,1111111111111111110111111000000111000001100111111101111111111111
0034.jpeg,..\dataset\AI\gpt\0034.jpeg,1,NA,GPT,generic,No,0,,,1080,280,RGB,JPEG,42.5634765625,253.83619378306878,0.6202887486971624,247.69942791005292,33.52125949747491,2b9ed4bb3c7306ddb1c60bc18508d40b,1111111111111111100000010000000010011111111111111111111111111111
0035.jpeg,..\dataset\AI\gpt\0035.jpeg,1,NA,GPT,generic,No,0,,,1080,280,RGB,JPEG,43.7939453125,253.75064484126983,0.6369164884663184,247.49178571428573,33.748437921704465,65146a40ec107f93becd1c4485b49964,1111111110111111100000111000000010011011101111111111111111111111
0036.jpeg,..\dataset\AI\gpt\0036.jpeg,1,NA,GPT,generic,No,0,,,1080,280,RGB,JPEG,41.505859375,253.74499007936507,0.6304390581065207,248.3810582010582,30.99679525066144,149f12dc40db4914e64288bc9615d49f,1111111111111111110100011100000111001111111011111111111111111111
0037.jpeg,..\dataset\AI\gpt\0037.jpeg,1,NA,GPT,generic,No,0,,,1080,280,RGB,JPEG,44.2783203125,253.23197751322752,0.6032780203726268,246.4554894179894,35.57576668032251,c48253a404600d19dfc7d737f6703800,1111111111111111111111111100000110000011100011111011111111111111
0038.jpeg,..\dataset\AI\gpt\0038.jpeg,1,NA,GPT,generic,No,0,,,1080,280,RGB,JPEG,43.55859375,253.24613095238095,0.6184724558286082,247.02703373015873,33.9733405829911,8ca291376c4efb4584d686bdeaebf205,1111111111111111110111011100000110000011100111111011111111111111
0039.jpeg,..\dataset\AI\gpt\0039.jpeg,1,NA,GPT,generic,No,0,,,1080,280,RGB,JPEG,45.28125,253.28034060846562,0.6815286004213047,246.52574404761904,35.224653143726826,7a4c785dc407305f44b84fa2459dd433,1111111111111111110111111000000010000001100111111111111111111111
0040.jpeg,..\dataset\AI\gpt\0040.jpeg,1,NA,GPT,generic,No,0,,,1080,280,RGB,JPEG,41.8525390625,253.21193783068784,0.6273287420741466,247.27926256613756,33.32894324044755,b1223f4c863eedd5ebb6fef2d1eb5283,1111111111111111100111111000000110000011100111111111111111111111
0041.jpeg,..\dataset\AI\gpt\0041.jpeg,1,NA,GPT,generic,No,0,,,1080,280,RGB,JPEG,45.705078125,253.21836970899471,0.6348950988908975,246.5762533068783,34.892828533270816,bb55c47402e8b3b7d7d4bff816016b32,1111111111111111100111111001001110000000100001111111111111111111
0042.jpeg,..\dataset\AI\gpt\0042.jpeg,1,NA,GPT,generic,No,0,,,1080,280,RGB,JPEG,47.203125,253.20846560846562,2.9710175915400607,246.05622023809525,36.231967746336956,2c35311e1e6a3a6cdb5e2db983508e6b,1111111111111111110111111111000110000000100011111111111111111111
0043.jpeg,..\dataset\AI\gpt\0043.jpeg,1,NA,GPT,generic,No,0,,,1080,280,RGB,JPEG,43.5576171875,253.25166997354498,0.6021391998120235,247.1337632275132,33.42070252701109,aa195139cafc0dae35594ce6c944645c,1111111111011111110000011000000110001111111111111111111111111111
0044.jpeg,..\dataset\AI\gpt\0044.jpeg,1,NA,GPT,generic,No,0,,,1080,280,RGB,JPEG,41.9931640625,253.19186507936507,0.6272261625961559,247.63291335978835,31.98664733679217,44afc3ee3212a571a85e68dcbc6d6771,1111111111111111100111111000000110000011110111111111111111111111
0045.jpeg,..\dataset\AI\gpt\0045.jpeg,1,NA,GPT,generic,No,0,,,1080,280,RGB,JPEG,41.4375,253.24616402116402,0.6270879153040172,247.84036706349207,31.549473360259263,b56a272ab142c9320a65573db484ce9f,1111111111111111110110011000000110000011101111111111111111111111
0046.jpeg,..\dataset\AI\gpt\0046.jpeg,1,NA,GPT,generic,No,0,,,1080,280,RGB,JPEG,46.591796875,253.8113095238095,0.6273720105684878,246.6140310846561,35.90409117057202,95e75250a81efb03dd3b1ff4dbdc1d32,1111111111111111111110011110000110000001100111111111111111111111
0047.jpeg,..\dataset\AI\gpt\0047.jpeg,1,NA,GPT,generic,No,0,,,1080,280,RGB,JPEG,44.646484375,253.7558697089947,0.6418807138005641,247.5712996031746,33.350753618107156,03e04c1c6c85ce82380391422825587a,1111111111111111100111111010000110000011100011111111111111111111
0048.jpeg,..\dataset\AI\gpt\0048.jpeg,1,NA,GPT,generic,No,0,,,1080,280,RGB,JPEG,42.2646484375,253.8311507936508,0.631064648841851,248.47004298941798,30.817662395783366,5d21b596af062bca6cb852de46884a65,1111111111111111110111111100000010000001100111111111111111111111
0049.jpeg,..\dataset\AI\gpt\0049.jpeg,1,NA,GPT,generic,No,0,,,1080,280,RGB,JPEG,45.21484375,253.81974206349207,0.6302140705653906,247.52544312169312,33.61758613220993,1309f4255483200fddf0b11e8c35c425,1111111111011111100100011000001110001111100111111011111111111111
0050.jpeg,..\dataset\AI\gpt\0050.jpeg,1,NA,GPT,generic,No,0,,,1080,280,RGB,JPEG,47.4951171875,253.3004794973545,8.819711331508561,246.93334325396825,34.83681161907574,52f8b290fe2c3e4db67ea3b7fab4847b,1111111111111111100111111000000010000001000011111111111111111111
0051.jpeg,..\dataset\AI\gpt\0051.jpeg,1,NA,GPT,generic,No,0,,,1080,280,RGB,JPEG,42.96875,253.759375,0.6583205792289769,248.15347222222223,31.678366748018746,92ab5a3b98900fa5c9a9c189965ced5a,1111111111111111111111111100000111000000110011111111111111111111
0052.jpeg,..\dataset\AI\gpt\0052.jpeg,1,NA,GPT,generic,No,0,,,1080,280,RGB,JPEG,44.1962890625,253.80190145502647,0.6163499472577696,247.9901851851852,32.082380364615815,654e7e8279595065bbaba59a20dbbfac,1111111111001111110000001000001110000111111111111111111111111111
0053.jpeg,..\dataset\AI\gpt\0053.jpeg,1,NA,GPT,generic,No,0,,,1080,280,RGB,JPEG,44.5322265625,253.47652116402116,5.879703256497961,247.50459986772486,33.41432489922319,644b5bec0ac98b659d743e6c2a583c66,1111111111011111110010011000000010001111101111111111111111111111
0054.jpeg,..\dataset\AI\gpt\0054.jpeg,1,NA,GPT,generic,No,0,,,1080,280,RGB,JPEG,44.7646484375,253.76362433862434,0.6289527590878707,247.8775892857143,32.060141056852544,22308c986de4ebb6e644eadb87d68258,1111111111001111110110001100000111000111111111111111111111111111
0055.jpeg,..\dataset\AI\gpt\0055.jpeg,1,NA,GPT,generic,No,0,,,1080,280,RGB,JPEG,42.7880859375,253.84174933862434,0.6131061804382876,248.08300264550263,31.64847580237869,df212e0533f5e1df6e1f4ecc1707f652,1111111111111111110111111101000110000011100001111011111111111111
0056.jpeg,..\dataset\AI\gpt\0056.jpeg,1,NA,GPT,generic,No,0,,,1080,280,RGB,JPEG,44.6533203125,253.77756283068783,0.6150739938232648,247.72558531746031,32.53617844124971,55cb94b6377e10b766b3089c8cf3d196,1111111111111111110111011000000110000011100111111111111111111111
0057.jpeg,..\dataset\AI\gpt\0057.jpeg,1,NA,GPT,generic,No,0,,,1080,280,RGB,JPEG,40.7548828125,253.85972222222222,0.6198049079328972,248.74086970899472,29.838636427403667,3f3042dd9efe6381b98b5128ca17bd55,1111111111111111110111111100000110000001110011111111111111111111
0058.jpeg,..\dataset\AI\gpt\0058.jpeg,1,NA,GPT,generic,No,0,,,1080,280,RGB,JPEG,46.1533203125,253.82718253968255,0.6183871311144352,247.44639550264552,33.14520408455106,f4623dd00a641cc81fac6f0a1e1c2b96,1111111111111111100110011000000110000011100111111111111111111111
0059.jpeg,..\dataset\AI\gpt\0059.jpeg,1,NA,GPT,generic,No,0,,,1080,280,RGB,JPEG,40.5751953125,253.7099867724868,0.6266138949704246,248.81294973544973,29.61760711278716,704dcbecdec46eb4af2ea337fa9282fa,1111111111111111111111111011000110000001100011111111111111111111
0060.jpeg,..\dataset\AI\gpt\0060.jpeg,1,NA,GPT,generic,No,0,,,1080,280,RGB,JPEG,43.646484375,253.78298611111111,0.6406724506021294,247.90938822751323,31.94831661211521,aac63e6962994723006c1e5a92d9b317,1111111111011111110111111000000010000011101111111011111111111111
0061.jpeg,..\dataset\AI\gpt\0061.jpeg,1,NA,GPT,generic,No,0,,,1080,280,RGB,JPEG,45.2412109375,253.81587301587302,0.618411863204677,247.6360052910053,32.68860103279817,8536d14ebf72d279a1901550f276f084,1111111111011111100100011000001110001111111111111111111111111111
0062.jpeg,..\dataset\AI\gpt\0062.jpeg,1,NA,GPT,generic,No,0,,,1080,280,RGB,JPEG,44.2880859375,253.73449074074074,0.6279487622906939,247.80136243386244,32.3816984162917,a88812640c412a1afb266637dc2064a2,1111111111111111110000011000000110001111101111111111111111111111
0063.jpeg,..\dataset\AI\gpt\0063.jpeg,1,NA,GPT,generic,No,0,,,1080,280,RGB,JPEG,44.078125,253.8027943121693,0.6305301341098287,248.28507275132276,30.809830543669467,2cec97a4e26d48946447024091084698,1111111111001111110000001000000110000111111111111111111111111111
0064.jpeg,..\dataset\AI\gpt\0064.jpeg,1,NA,GPT,generic,No,0,,,1080,280,RGB,JPEG,43.6474609375,253.8667824074074,0.6198553586252413,247.83253637566136,31.986332981465537,50f12e119e247b6894e8ff7f18be1de6,1111111111111111110111111101000110000011100011110111111111111111
0065.jpeg,..\dataset\AI\gpt\0065.jpeg,1,NA,GPT,generic,No,0,,,1080,280,RGB,JPEG,43.66015625,253.80077711640212,0.6217848981618652,247.77031084656085,32.27487854695715,e22d7a4cb6ad794c25f86180e4ccf72d,1111111111011111110000011100000110001111101111111111111111111111
0066.jpeg,..\dataset\AI\gpt\0066.jpeg,1,NA,GPT,generic,No,0,,,1080,280,RGB,JPEG,47.3662109375,253.70479497354498,5.426811942088058,246.6306283068783,35.31056356401587,9b955e347b13b63a1d09f8ffdb747efe,1111111111011111110111111010000011000001100011111011111111111111
0067.jpeg,..\dataset\AI\gpt\0067.jpeg,1,NA,GPT,generic,No,0,,,1080,280,RGB,JPEG,42.84375,253.85891203703704,0.6283520745283685,247.93866402116402,32.24501644876768,e1ce0505a41db1d4a1817798a8823c81,1111111111111111110111111000000010000011000111111111111111111111
0068.jpeg,..\dataset\AI\gpt\0068.jpeg,1,NA,GPT,generic,No,0,,,1080,280,RGB,JPEG,43.544921875,253.75016534391534,0.6342698582501538,247.93287698412698,31.800242687390462,89bf95e0fa3572cb0287a6784f6e9c4a,1111111111111111100111111000000110000001000111111111111111111111
0069.jpeg,..\dataset\AI\gpt\0069.jpeg,1,NA,GPT,generic,No,0,,,1080,280,RGB,JPEG,42.875,253.7799603174603,0.6446733297795092,248.00084325396824,31.61444507683847,07a46daee350525c6a56b3c8ad17fcc9,1111111111111111110111111100000010000001101111111011111111111111
0070.jpeg,..\dataset\AI\gpt\0070.jpeg,1,NA,GPT,generic,No,0,,,1080,280,RGB,JPEG,45.0322265625,253.84135251322752,0.6173845211037005,247.4297023809524,33.128730777887505,3a370c79a5e97d9d5e92281a0c1b3841,1111111110011111101110011000000010000111111111111111111111111111
0071.jpeg,..\dataset\AI\gpt\0071.jpeg,1,NA,GPT,generic,No,0,,,1080,280,RGB,JPEG,43.3857421875,253.54305555555555,6.184005925605091,248.0221164021164,31.711468624871962,ecc773db20ffcd36d699c38c77ffc754,1111111111111111110110011000000010000011101111111111111111111111
0072.jpeg,..\dataset\AI\gpt\0072.jpeg,1,NA,GPT,generic,No,0,,,1080,280,RGB,JPEG,43.353515625,253.83085317460316,0.6231006586605853,248.18059854497355,30.985077585429366,5c448c91de064849547e32d71f583ea8,1111111111101111110001111100000111000011100111111111111111111111
0073.jpeg,..\dataset\AI\gpt\0073.jpeg,1,NA,GPT,generic,No,0,,,1080,280,RGB,JPEG,38.0517578125,254.1664517195767,0.5992076246435,249.08478835978835,31.110393771480684,737cc9512b4dd66b8271bf545b4f818f,1111111111111111110100111100001110000111111011111111111111111111
0074.jpeg,..\dataset\AI\gpt\0074.jpeg,1,NA,GPT,generic,No,0,,,1080,280,RGB,JPEG,41.3623046875,254.10697751322752,0.6022150400984685,247.9172585978836,34.58296044584674,9fcb8d1235551ce89f998f52c30f2e66,1111111111001111110010111100001110000111110101111111111111111111
0075.jpeg,..\dataset\AI\gpt\0075.jpeg,1,NA,GPT,generic,No,0,,,1080,280,RGB,JPEG,37.890625,254.15750661375662,0.590035085459043,249.25137566137568,30.470276490873974,b31b71746385d43d22b4e5d44b7ced40,1111111111111111110111111100000111000011110111111111111111111111
0076.jpeg,..\dataset\AI\gpt\0076.jpeg,1,NA,GPT,generic,No,0,,,1080,280,RGB,JPEG,41.4912109375,254.12291666666667,0.6066245502016939,248.1089417989418,33.67698868470322,7a674d88ac9660ac419cdecf00d1f881,1111111111111111100111111000001100000011101001111111111111111111
0077.jpeg,..\dataset\AI\gpt\0077.jpeg,1,NA,GPT,generic,No,0,,,1080,280,RGB,JPEG,39.6806640625,254.0511574074074,0.6018286587411465,248.17194444444445,33.69186967108566,796e67ff10ce129d0414ba231ea7cf41,1111111111011111100111111100000111000011110111111111111111111111
0078.jpeg,..\dataset\AI\gpt\0078.jpeg,1,NA,GPT,generic,No,0,,,1080,280,RGB,JPEG,37.9248046875,254.12248677248678,0.5985904130783133,249.30748015873016,30.064158130573613,59cc9889a9ab5cdf9e62e2d382cd6ac9,1111111111111111110011111100000111000001100011111111111111111111
0079.jpeg,..\dataset\AI\gpt\0079.jpeg,1,NA,GPT,generic,No,0,,,1080,280,RGB,JPEG,36.7861328125,254.15401785714286,0.5975357749345432,250.08252314814814,27.58941461968709,4de929b1b1a999fc992799429a8f62ce,1111111111110111111000111000011110001111100111111011111111111111
0080.jpeg,..\dataset\AI\gpt\0080.jpeg,1,NA,GPT,generic,No,0,,,1080,280,RGB,JPEG,37.5205078125,254.08761574074074,0.5965997705390571,249.67221560846562,28.66477114877623,ce25f831d43a244d11c0f31b5e504310,1111111111001111100111111000000110000111111111111111111111111111
0081.jpeg,..\dataset\AI\gpt\0081.jpeg,1,NA,GPT,generic,No,0,,,1080,280,RGB,JPEG,36.5224609375,254.14869378306878,0.6013899905896802,249.51631944444443,29.57775889037775,d9be35a6a74c86f3d485afa62cc7dd79,1111111111101111110111111100000111000011110111111111111111111111
0082.jpeg,..\dataset\AI\gpt\0082.jpeg,1,NA,GPT,generic,No,0,,,1080,280,RGB,JPEG,46.7138671875,245.72625661375662,4.97332152513292,241.86719246031745,28.745016897136495,e832459b7828cc0e05dec3c41141cc50,1111111111111111110011111101100111000011100001111011111111111111
0083.jpeg,..\dataset\AI\gpt\0083.jpeg,1,NA,GPT,generic,No,0,,,1080,280,RGB,JPEG,47.1552734375,245.90087632275132,3.4924350254029934,242.60651785714285,26.70878289702265,43d71af0aced2fcb399eb8288adccbcc,1111111111111111110011111000000110000111100011111111111111111111
0084.jpeg,..\dataset\AI\gpt\0084.jpeg,1,NA,GPT,generic,No,0,,,1080,280,RGB,JPEG,49.099609375,245.77118055555556,4.709059095118157,242.03641203703702,27.5304349421755,6f9c766b7c7ffc3f9c3b83757c6e314f,1111111111101111111011111100000010000011100111111111111111111111
0085.jpeg,..\dataset\AI\gpt\0085.jpeg,1,NA,GPT,generic,No,0,,,1080,280,RGB,JPEG,49.400390625,244.33835978835978,8.551576525198119,240.8493783068783,30.32659350179346,3332319582988ac735dd9662434b9bd8,1111111111101111110011111110000111000001100001111111111111111111
0086.jpeg,..\dataset\AI\gpt\0086.jpeg,1,NA,GPT,generic,No,0,,,1080,280,RGB,JPEG,50.986328125,244.59826388888888,7.816505076794093,240.62934193121694,32.542004553305695,c22eb5ae5716afef45723987f371d29c,1111111111011111110111111000010110000001100001111111111111111111
0087.jpeg,..\dataset\AI\gpt\0087.jpeg,1,NA,GPT,generic,No,0,,,1080,280,RGB,JPEG,51.3486328125,244.0213458994709,8.089103081599657,240.42011243386244,31.426031617353026,fa66aa6200f7ca0838a34e7a038f60b5,1111111111111111110111011000000111000111100001111011111111111111
0088.jpeg,..\dataset\AI\gpt\0088.jpeg,1,NA,GPT,generic,No,0,,,1080,280,RGB,JPEG,47.59375,243.9104332010582,8.442340436619846,241.99638227513228,25.63445838103053,106e49935df96df087b803f310c97e32,1111111111111111111111111100001110000111100011111111111111111111
0089.jpeg,..\dataset\AI\gpt\0089.jpeg,1,NA,GPT,generic,No,0,,,1080,280,RGB,JPEG,50.7666015625,243.92493386243387,7.83792629590024,241.31625992063493,28.947236074549874,af5792d7103b1a4d208fdc86344cf6d1,1111111111011111100111111001111110000001110001111101111111111111
0090.jpeg,..\dataset\AI\gpt\0090.jpeg,1,NA,GPT,generic,No,0,,,1080,280,RGB,JPEG,48.2001953125,243.4914847883598,8.599973866648883,241.23147156084656,27.908205936873333,94f45841d3529de2e9725f59740f2f27,1111111111101111111011011100000111000111110101111101111111111111
0091.jpeg,..\dataset\AI\gpt\0091.jpeg,1,NA,GPT,generic,No,0,,,1080,280,RGB,JPEG,46.404296875,246.89059193121693,4.5801017590401205,242.7448015873016,29.60359231584843,855209b401a900e0c57eedadb617c2cb,1111111111111111110011011110000111000011110011111111111111111111
0092.jpeg,..\dataset\AI\gpt\0092.jpeg,1,NA,GPT,generic,No,0,,,1080,280,RGB,JPEG,42.5126953125,246.98458994708994,3.3267684307214664,243.00730158730158,28.500290300555246,8a3107686f6ea2a35cc2e969bacd4a33,1111111111111111110000111000011111001111111111111111111111111111
0093.jpeg,..\dataset\AI\gpt\0093.jpeg,1,NA,GPT,generic,No,0,,,1080,280,RGB,JPEG,46.412109375,245.76658399470898,5.706124103621854,241.92018518518518,30.320311154145912,2bad9694954c7e5a0feda1157fa6dbe0,1111111111101111110011111110000110000001100011111011111111111111
0094.jpeg,..\dataset\AI\gpt\0094.jpeg,1,NA,GPT,generic,No,0,,,1080,280,RGB,JPEG,48.2373046875,243.9448082010582,8.730813970958739,240.8533697089947,31.18654537862438,5d5350ea9b9962d2c9cff71e0db112b4,1111111111101111110011111111001111000011100011111111111111111111
0095.jpeg,..\dataset\AI\gpt\0095.jpeg,1,NA,GPT,generic,No,0,,,1080,280,RGB,JPEG,46.7978515625,244.85284391534393,7.18165918744633,241.5790873015873,30.83666576522481,4efa6157bb3e7901a2c232fd47d1eabf,1111111111001111110011111000111111000001110001111111111111111111
0096.jpeg,..\dataset\AI\gpt\0096.jpeg,1,NA,GPT,generic,No,0,,,1080,280,RGB,JPEG,47.0458984375,244.57478505291004,8.803150878913723,241.93566468253968,30.530978573140985,e083960da5f557e5f6a07a44df4bce0f,1111111111011111111111111100000111000001110001111110111111111111
0097.jpeg,..\dataset\AI\gpt\0097.jpeg,1,NA,GPT,generic,No,0,,,1080,280,RGB,JPEG,46.9931640625,243.67334656084657,9.50886754986911,241.64912698412698,29.511330158152003,acb244c52b1c5277ed8b3e7043990ad1,1111111111111111110111111000000110000111100111111111111111111111
0098.jpeg,..\dataset\AI\gpt\0098.jpeg,1,NA,GPT,generic,No,0,,,1080,280,RGB,JPEG,48.7275390625,244.08905423280424,8.11220130940797,241.2169708994709,30.326072963813836,ee0ae80e4f6aa5d8058f8f5f76d0f656,1111111111101111110011111100000111000011111111111101111111111111
0099.jpeg,..\dataset\AI\gpt\0099.jpeg,1,NA,GPT,generic,No,0,,,1080,280,RGB,JPEG,47.33203125,243.6526951058201,9.538438544438721,241.39098544973544,30.383640813032002,164f34173bba10b19e8efb71c171fbf0,1111111111111111111011111100010111000011100001111101111111111111
0100.jpeg,..\dataset\AI\gpt\0100.jpeg,1,NA,GPT,generic,No,0,,,1080,280,RGB,JPEG,48.65625,246.00324074074075,5.773610607296738,241.8043187830688,30.346847283997583,a1be18939fe743c2122b1931a9d1503b,1111111111111111111111111100000110000011100011111111111111111111
0101.jpeg,..\dataset\AI\gpt\0101.jpeg,1,NA,GPT,generic,No,0,,,1080,280,RGB,JPEG,49.86328125,246.13364748677247,5.401953043355036,241.42213624338623,31.865007854936962,bba59901293f668bd5878f7e6badfcf8,1111111111011111110111011000001110000011101111111111111111111111
0102.jpeg,..\dataset\AI\gpt\0102.jpeg,1,NA,GPT,generic,No,0,,,1080,280,RGB,JPEG,49.072265625,246.95426587301588,1.1137332606474435,241.93751653439153,30.756701552559974,eb510af200db7d3de7e463acaae3e2ab,1111111111111111111011111110000111000011100001111001111111111111
0103.jpeg,..\dataset\AI\gpt\0103.jpeg,1,NA,GPT,generic,No,0,,,1080,280,RGB,JPEG,54.13671875,243.91507936507938,9.509148553400163,240.58858465608466,32.674628675899484,f7434a09d1d4690772f37ac8bb9c3a2e,1111111111111111100111111010000110000011100111111111111111111111
0104.jpeg,..\dataset\AI\gpt\0104.jpeg,1,NA,GPT,generic,No,0,,,1080,280,RGB,JPEG,48.75390625,244.12460317460318,9.283732100876053,241.9673511904762,28.606794865807494,1b7bc9da18a78b11f1c7fca213901ada,1111111111111111111011111100000110000011110011111111111111111111
0105.jpeg,..\dataset\AI\gpt\0105.jpeg,1,NA,GPT,generic,No,0,,,1080,280,RGB,JPEG,52.1806640625,245.13194444444446,7.665000555820144,241.5974933862434,30.676486722443162,96bdc8d995e090be19227b36af6c1007,1111111111111111110011111101001111000001100011111111111111111111
0106.jpeg,..\dataset\AI\gpt\0106.jpeg,1,NA,GPT,generic,No,0,,,1080,280,RGB,JPEG,49.03515625,243.69996693121692,10.382067618795135,241.86053902116402,28.588581793588773,c802998980a31d5834b38ad089197cb0,1111111111111111111000111000001110000011111111111111111111111111
0107.jpeg,..\dataset\AI\gpt\0107.jpeg,1,NA,GPT,generic,No,0,,,1080,280,RGB,JPEG,51.7490234375,243.89699074074073,9.908538629371918,241.32549603174604,30.294570089976393,9ed15520bad2d2b2fdc954444dba85cd,1111111111011111101100011100001110001111111111111111111111111111
0108.jpeg,..\dataset\AI\gpt\0108.jpeg,1,NA,GPT,generic,No,0,,,1080,280,RGB,JPEG,48.8955078125,244.77440476190475,8.57799184483968,242.0190443121693,28.795379376304197,ee989e4c8de17841ee4471d9c0c7ecf1,1111111111101111111000011100001111000111110111111111111111111111
0109.jpeg,..\dataset\AI\gpt\0109.jpeg,1,NA,GPT,generic,No,0,,,1080,280,RGB,JPEG,43.306640625,254.2080687830688,0.5926922482106504,246.68463293650794,38.26178940409902,4b8e29097fd0e1b99276b6dd5c1a83a7,1111111111001111110111111000001110000011111101111111111111111111
0110.jpeg,..\dataset\AI\gpt\0110.jpeg,1,NA,GPT,generic,No,0,,,1080,280,RGB,JPEG,43.0791015625,254.16782407407408,0.6059475074199755,247.57590277777777,34.84145704444585,18faf08f78f8417d8293055b49602d11,1111111111011111100111111000001110000001100110111111111111111111
0111.jpeg,..\dataset\AI\gpt\0111.jpeg,1,NA,GPT,generic,No,0,,,1080,280,RGB,JPEG,40.5361328125,254.20335648148148,0.5883278057749245,248.2943353174603,33.51969210653139,2da77a848310530683f7d989d581c370,1111111111111111110011111100000111000011110011111111111111111111
0112.jpeg,..\dataset\AI\gpt\0112.jpeg,1,NA,GPT,generic,No,0,,,1080,280,RGB,JPEG,40.3896484375,254.17609126984127,0.5978442862582322,247.80490410052911,35.260013255984916,a56a4babfcf2ec428524d74e2205107f,1111111110011111100111111000001110000111110011111111111111111111
0113.jpeg,..\dataset\AI\gpt\0113.jpeg,1,NA,GPT,generic,No,0,,,1080,280,RGB,JPEG,41.5185546875,254.1215939153439,0.6082245818557147,247.68958664021164,34.496792601095486,7e8bbeeb210ae382a2549c11971acd76,1111111111111111110111111000001111000001111100111111111111111111
0114.jpeg,..\dataset\AI\gpt\0114.jpeg,1,NA,GPT,generic,No,0,,,1080,280,RGB,JPEG,40.7470703125,254.18546626984127,0.5966261077815946,248.43387235449737,32.640372558923005,c586a47864cd079fc7a7dffd110d10ff,1111111111011111110111111100111111000001100000111111111111111111
0115.jpeg,..\dataset\AI\gpt\0115.jpeg,1,NA,GPT,generic,No,0,,,1080,280,RGB,JPEG,42.3203125,254.19877645502646,0.5984203944938403,247.14558862433861,37.02487528583046,0ce11235dcf1c1d4bde643a9882feece,1111111111111111111100111000010100000001111011111111111111111111
0116.jpeg,..\dataset\AI\gpt\0116.jpeg,1,NA,GPT,generic,No,0,,,1080,280,RGB,JPEG,42.7958984375,254.1367724867725,0.5905256434222976,247.31484126984128,35.64331690960761,e4e4152a44a6e06104025c93eb61b1e9,1111111111111111101111111000011110000001111000111111111111111111
0117.jpeg,..\dataset\AI\gpt\0117.jpeg,1,NA,GPT,generic,No,0,,,1080,280,RGB,JPEG,38.7470703125,254.19242724867726,0.589319226558833,248.72248015873015,32.10079250677619,6131f179c8e38710e1c78dbd383a369c,1111111111011111100111111000111110000001111110111111111111111111
0118.jpeg,..\dataset\AI\gpt\0118.jpeg,1,NA,GPT,generic,No,0,,,1080,280,RGB,JPEG,45.6435546875,253.7500496031746,0.6763984613317109,246.67439814814816,36.268389177628094,2af6bcc164765b0a38e99f24f720b3eb,1111111111111111110111111100000110000001100001111111111111111111
0119.jpeg,..\dataset\AI\gpt\0119.jpeg,1,NA,GPT,generic,No,0,,,1080,280,RGB,JPEG,42.1611328125,253.7147652116402,0.6501477073983055,248.1001421957672,32.27127484116424,dcfc6ec1ec3cd657654e13c3df0c82ae,1111111111111111110111111001001110000001110010111111111111111111
0120.jpeg,..\dataset\AI\gpt\0120.jpeg,1,NA,GPT,generic,No,0,,,1080,280,RGB,JPEG,42.58203125,253.63779761904763,0.6744534658228606,247.89357473544973,32.79275683005193,61f6ea65fc4e43c10d084ee944d6385d,1111111111111111110111111000001110000001100111111111111111111111
0121.jpeg,..\dataset\AI\gpt\0121.jpeg,1,NA,GPT,generic,No,0,,,1080,280,RGB,JPEG,43.0478515625,253.68592923280423,0.6421486771483942,247.86616732804234,32.64518784159071,4b733c8387e11c8e8bc34411190a2bfd,1111111111111111111101111000000110000011111111111111111111111111
0122.jpeg,..\dataset\AI\gpt\0122.jpeg,1,NA,GPT,generic,No,0,,,1080,280,RGB,JPEG,42.4931640625,253.5647156084656,0.6321509314031231,247.8531712962963,32.42556696576554,af3f4beeee0c8922430a414a1d48ebff,1111111111111111101111111000000110000001111111111111111111111111
0123.jpeg,..\dataset\AI\gpt\0123.jpeg,1,NA,GPT,generic,No,0,,,1080,280,RGB,JPEG,49.982421875,253.49250992063492,0.6500992877217219,245.57984457671958,37.67717563720783,7b08e84b405d8685cac586abe05599e2,1111111111111111111100011000000110000001111111111111111111111111
0124.jpeg,..\dataset\AI\gpt\0124.jpeg,1,NA,GPT,generic,No,0,,,1080,280,RGB,JPEG,44.6025390625,253.44050925925927,0.7017781685104375,247.2701355820106,33.70043400753813,f8119e207339669c1995060db92a2277,1111111110111111100000111000000110011111111111111111111111111111
0125.jpeg,..\dataset\AI\gpt\0125.jpeg,1,NA,GPT,generic,No,0,,,1080,280,RGB,JPEG,46.880859375,253.22599206349207,0.6712040590058292,246.2041302910053,35.928650462802835,3ef3cb2668d434a844914d03a4946011,1111111110111111010000111000000111011111111111111111111111111111
0126.jpeg,..\dataset\AI\gpt\0126.jpeg,1,NA,GPT,generic,No,0,,,1080,280,RGB,JPEG,47.2890625,253.24227843915344,0.6582164607818044,245.9911111111111,36.52407764348377,619449844d76fbf9b4ca995b3bad1688,1111111110111111100000011000000110011111111111111111111111111111
0127.jpeg,..\dataset\AI\gpt\0127.jpeg,1,NA,GPT,generic,No,0,,,1080,280,RGB,JPEG,43.404296875,253.8548941798942,0.614401558035452,247.64593915343914,33.52431693714456,f566a97a97a2b74401e6c25bd447222b,1111111111111111111111111000000100000011001111111111111111111111
0128.jpeg,..\dataset\AI\gpt\0128.jpeg,1,NA,GPT,generic,No,0,,,1080,280,RGB,JPEG,41.5146484375,253.85120701058202,0.6030128814452864,248.53335978835977,30.978025230434405,ce8c0586fdfccd26212f341d41bef912,1111111111111111100111111000000110000001100111111111111111111111
0129.jpeg,..\dataset\AI\gpt\0129.jpeg,1,NA,GPT,generic,No,0,,,1080,280,RGB,JPEG,45.2060546875,253.9181712962963,0.5956193386580937,247.12785383597884,34.90722159763602,3781da79685c76d1d7af72a9a1dc7791,1111111111111111100111111010000010000001100011111111111111111111
0130.jpeg,..\dataset\AI\gpt\0130.jpeg,1,NA,GPT,generic,No,0,,,1080,280,RGB,JPEG,45.7236328125,253.76916335978837,0.6131858225230009,246.72349867724867,35.89234374273376,d9f1e806a08dc75e6e8d8ae7ed880853,1111111111011111101111111000001110000001111111111111111111111111
0131.jpeg,..\dataset\AI\gpt\0131.jpeg,1,NA,GPT,generic,No,0,,,1080,280,RGB,JPEG,44.1435546875,253.71496362433862,0.5982124209080443,247.53270171957672,33.5769302756387,47daa23d159480c976b8cfedc7437890,1111111111111111101111111000000110000001101111111111111111111111
0132.jpeg,..\dataset\AI\gpt\0132.jpeg,1,NA,GPT,generic,No,0,,,1080,280,RGB,JPEG,46.2060546875,253.81565806878308,0.6094191740041409,247.08552248677248,34.79081365827459,6ba5d7d2b96933092232e3f1f50a4814,1111111111011111100111111000000010000001101111111111111111111111
0133.jpeg,..\dataset\AI\gpt\0133.jpeg,1,NA,GPT,generic,No,0,,,1080,280,RGB,JPEG,42.408203125,253.48622685185185,0.7076038139615602,247.59541005291004,32.93313146733173,666e35e08943d63d55c28f1d345c31e1,1111111111111111100000011000000110111111111111111111111111111111
0134.jpeg,..\dataset\AI\gpt\0134.jpeg,1,NA,GPT,generic,No,0,,,1080,280,RGB,JPEG,44.8095703125,253.3197585978836,0.6823452553840498,246.77996362433862,34.51952796382415,9f49dcede0ca03daec74d5462224558c,1111111110011111100110011000000110001111111111111111111111111111
0135.jpeg,..\dataset\AI\gpt\0135.jpeg,1,NA,GPT,generic,No,0,,,1080,280,RGB,JPEG,41.0234375,253.37534722222222,0.668848645351928,248.07948743386243,31.311648628212488,235c516005c78a61a6cf13919ce908e9,1111111111011111101100111000000011001011111111111111111111111111
0136.jpeg,..\dataset\AI\gpt\0136.jpeg,1,NA,GPT,generic,No,0,,,1080,280,RGB,JPEG,44.533203125,253.69500661375662,0.6303355849797058,247.19508267195766,34.50245900714124,1f20da6a8950193277d0cadbdf5fd9d1,1111111111111111100111111000000110000011100011111011111111111111
0137.jpeg,..\dataset\AI\gpt\0137.jpeg,1,NA,GPT,generic,No,0,,,1080,280,RGB,JPEG,43.8076171875,253.51987433862433,0.5860496711145323,247.4312996031746,33.442658950252195,3a3d1cca6707e9be5c8fbeab3f3afede,1111111111011111100111111000001110000001100111111111111111111111
0138.jpeg,..\dataset\AI\gpt\0138.jpeg,1,NA,GPT,generic,No,0,,,1080,280,RGB,JPEG,44.37890625,253.5511574074074,0.6232079995255546,246.99929232804232,34.67981463546185,6264d9785ef1a5177144246bd0e38690,1111111111111111111111111100000110000001100111111111111111111111
0139.jpeg,..\dataset\AI\gpt\0139.jpeg,1,NA,GPT,generic,No,0,,,1080,280,RGB,JPEG,45.2021484375,253.66469907407406,0.6393903206922278,247.06160714285716,34.859788041306516,f0b217626591361279b14eb28b035e15,1111111110011111101111111000000110000001101111111111111111111111
0140.jpeg,..\dataset\AI\gpt\0140.jpeg,1,NA,GPT,generic,No,0,,,1080,280,RGB,JPEG,44.1943359375,253.47058531746032,0.6457747193033352,247.4212533068783,33.673938237435785,9499014cd03d0259974e0a34e62ac8e1,1111111111111111101111111000000110000011111111111111111111111111
0141.jpeg,..\dataset\AI\gpt\0141.jpeg,1,NA,GPT,generic,No,0,,,1080,280,RGB,JPEG,42.9990234375,253.3479332010582,0.6666101371138763,247.5711937830688,32.61870351518266,b288d75f3fb8d5c204056c0946062154,1111111111011111110111111100000110000001101111111111111111111111
0142.jpeg,..\dataset\AI\gpt\0142.jpeg,1,NA,GPT,generic,No,0,,,1080,280,RGB,JPEG,43.314453125,253.22190806878308,0.7984646705853615,247.34868055555555,33.376979746958945,f5be0f6f62145d37bd5f6b17abd4b0b4,1111111110111111100000111000000110011111111111111111111111111111
0143.jpeg,..\dataset\AI\gpt\0143.jpeg,1,NA,GPT,generic,No,0,,,1080,280,RGB,JPEG,45.8095703125,252.8857638888889,0.7262525977825723,246.45175595238095,35.04498744091787,6085860abc9d02bcb6bca1225e886299,1111111110111111001000111000000110011111111111111111111111111111
0144.jpeg,..\dataset\AI\gpt\0144.jpeg,1,NA,GPT,generic,No,0,,,1080,280,RGB,JPEG,45.1083984375,252.94584986772486,0.74541874968432,246.7312533068783,34.18140140196475,0ad34d63a6acbd834e254cdd29b7e0dc,1111111111011111101000011000000110001111111111111111111111111111
0145.jpeg,..\dataset\AI\gpt\0145.jpeg,1,NA,GPT,generic,No,0,,,1080,280,RGB,JPEG,45.212890625,253.92319775132276,0.6117815616283173,246.01720568783068,38.652987859914504,cce76c66e14249eb2c443c17118588ef,1111111111111111110111111000000110000011100111111011111111111111
0146.jpeg,..\dataset\AI\gpt\0146.jpeg,1,NA,GPT,generic,No,0,,,1080,280,RGB,JPEG,44.9091796875,253.84836309523808,0.6127548863138756,246.48771164021164,37.17490363279137,48459ba0ce0f839e73e0eb928beb6011,1111111111011111110110011000001100000011011111111111111111111111
0147.jpeg,..\dataset\AI\gpt\0147.jpeg,1,NA,GPT,generic,No,0,,,1080,280,RGB,JPEG,44.5205078125,253.91746031746032,0.6033685465141936,246.50833994708995,37.62550518946879,5424afafca36a9404e6f76323612ae8b,1111111111111111110100111000000110001111011111110111111111111111
0148.jpeg,..\dataset\AI\gpt\0148.jpeg,1,NA,GPT,generic,No,0,,,1080,280,RGB,JPEG,45.181640625,253.8837136243386,0.5929641195633255,246.5763492063492,36.986872280083915,09df23fb29a537f577a54fc7f83a8c3c,1111111111011111100111111000000110000011101111111111111111111111
0149.jpeg,..\dataset\AI\gpt\0149.jpeg,1,NA,GPT,generic,No,0,,,1080,280,RGB,JPEG,43.3544921875,253.7569113756614,0.5975605037465161,247.9886474867725,32.40738339894084,6e81fb27e996d94f1b8e6caa905ba286,1111111111111111110111111100000110000001100111111111111111111111
0150.jpeg,..\dataset\AI\gpt\0150.jpeg,1,NA,GPT,generic,No,0,,,1080,280,RGB,JPEG,46.353515625,253.73819444444445,0.6071195059183079,246.16162037037037,37.90609345717287,68d016039d44a299560e63981b07e220,1111111111111111110010011000000110001111101111111011111111111111
0151.jpeg,..\dataset\AI\gpt\0151.jpeg,1,NA,GPT,generic,No,0,,,1080,280,RGB,JPEG,43.310546875,253.84247685185184,0.6038933011494315,247.64921296296296,33.87347251542995,bb3b19d8987b20cd5d33c51693299369,1111111111111111110000011000001110011111111111111111111111111111
0152.jpeg,..\dataset\AI\gpt\0152.jpeg,1,NA,GPT,generic,No,0,,,1080,280,RGB,JPEG,46.4775390625,253.77943121693121,0.6074604037254495,246.3902810846561,36.94332243952521,3cfb1fc16aa135c1186960aa09ccdd5b,1111111111011111100010011000000110001011101111111111111111111111
0153.jpeg,..\dataset\AI\gpt\0153.jpeg,1,NA,GPT,generic,No,0,,,1080,280,RGB,JPEG,48.0947265625,253.5861607142857,0.6623747824893371,246.0352876984127,36.71528326570539,1e631f58dc5132267c99ff551e94d1ec,1111111111001111100010011000000110001011101111111111111111111111
0154.jpeg,..\dataset\AI\gpt\0154.jpeg,1,NA,GPT,generic,No,0,,,1080,280,RGB,JPEG,47.599609375,253.66954365079366,0.6296979440494552,246.58915343915345,35.76373993295904,dc99ffe7eead2443ddaa15605b112e42,1111111111111111110111111000001110000001100111111111111111111111
0155.jpeg,..\dataset\AI\gpt\0155.jpeg,1,NA,GPT,generic,No,0,,,1080,280,RGB,JPEG,43.013671875,253.6760085978836,0.6263132826057615,247.96882605820105,32.282520165126634,9e8dfbc7d94d5e748094909b5d03202c,1111111111111111111111111011011110000001100000111111111111111111
0156.jpeg,..\dataset\AI\gpt\0156.jpeg,1,NA,GPT,generic,No,0,,,1080,280,RGB,JPEG,44.0849609375,253.75353835978837,0.5959553209429987,247.69032076719577,33.232340283284096,3e4b41b2d2324d258515a3e1c7b7caf1,1111111111111111110111111010001110000000100000111111111111111111
0157.jpeg,..\dataset\AI\gpt\0157.jpeg,1,NA,GPT,generic,No,0,,,1080,280,RGB,JPEG,44.3154296875,253.53632605820107,0.651237523239768,247.7698974867725,32.58613371317759,994373bc2246c124e75c1ac52fb4d985,1111111111011111100111111000000110000011100111111111111111111111
0158.jpeg,..\dataset\AI\gpt\0158.jpeg,1,NA,GPT,generic,No,0,,,1080,280,RGB,JPEG,43.0361328125,253.44459325396826,0.6340004317984559,247.92020833333333,32.04844494050757,a248423cd7d23560cd322b95134a0b56,1111111110011111100101011000000110000111111111111111111111111111
0159.jpeg,..\dataset\AI\gpt\0159.jpeg,1,NA,GPT,generic,No,0,,,1080,280,RGB,JPEG,45.9130859375,253.5313988095238,0.6680587358525051,247.06025793650792,34.616379983484435,c6b2df2e01d7666292d42dcd96bd7a41,1111111111011111100110111000000010001011100111111111111111111111
0160.jpeg,..\dataset\AI\gpt\0160.jpeg,1,NA,GPT,generic,No,0,,,1080,280,RGB,JPEG,43.720703125,253.46170634920634,0.6575179789216339,247.8507804232804,31.45006638016628,2e09a628622fbcfe7129010d22f8b692,1111111110111111100000011000000110011111111111111111111111111111
0161.jpeg,..\dataset\AI\gpt\0161.jpeg,1,NA,GPT,generic,No,0,,,1080,280,RGB,JPEG,46.36328125,253.2410218253968,6.080489149278797,247.0171726190476,33.88545724018325,ef3548cc48cbe3ba2195d9b5b242303e,1111111110011111011000100000000010011111111111111111111111111111
0162.jpeg,..\dataset\AI\gpt\0162.jpeg,1,NA,GPT,generic,No,0,,,1080,280,RGB,JPEG,43.3828125,253.2842261904762,0.6300477613975795,247.4061111111111,32.570745564425984,76abf127bffaaf502a5b77fe529791a0,1111111111011111100100111000000010001011111111111111111111111111
0163.jpeg,..\dataset\AI\gpt\0163.jpeg,1,NA,GPT,generic,No,0,,,1080,280,RGB,JPEG,45.130859375,253.74804894179894,0.6665273884166069,247.53961309523808,33.176552201635886,616a3d96d0f5587b2785fa33326bc060,1111111111111111100111111000001110000001100111111111111111111111
0164.jpeg,..\dataset\AI\gpt\0164.jpeg,1,NA,GPT,generic,No,0,,,1080,280,RGB,JPEG,41.208984375,253.76661706349208,0.590808116348919,248.4858697089947,30.693359329806714,d60eee3e5bbc99351391129b4c29446e,1111111111111111110111111000000110000001100111111111111111111111
0165.jpeg,..\dataset\AI\gpt\0165.jpeg,1,NA,GPT,generic,No,0,,,1080,280,RGB,JPEG,43.83984375,253.75828373015872,0.5995389246268333,248.179375,31.318242057756226,0526751024dd5cbdd36ac0b1b00b7dd0,1111111111011111100111111000000110000001000111111111111111111111
0166.jpeg,..\dataset\AI\gpt\0166.jpeg,1,NA,GPT,generic,No,0,,,1080,280,RGB,JPEG,46.189453125,253.73002645502646,0.5843510390734915,247.46723875661377,33.05660386331397,70394c22fd6203212305995181a5147a,1111111111111111100111111011001110000000100011111111111111111111
0167.jpeg,..\dataset\AI\gpt\0167.jpeg,1,NA,GPT,generic,No,0,,,1080,280,RGB,JPEG,45.09375,253.68227513227512,0.586564167151241,247.53919973544973,33.05586597791764,428ef69b0e1e1f7cba035481d8b6ad58,1111111111111111100111111010001010000000100011111111111111111111
0168.jpeg,..\dataset\AI\gpt\0168.jpeg,1,NA,GPT,generic,No,0,,,1080,280,RGB,JPEG,45.654296875,253.6479828042328,0.624080724768084,247.43618386243386,32.9749496309238,87a0d751cbfc0d2ffefecc2c1ffb2849,1111111111111111110111111001000111000000100001111111111111111111
0169.jpeg,..\dataset\AI\gpt\0169.jpeg,1,NA,GPT,generic,No,0,,,1080,280,RGB,JPEG,47.2705078125,253.47425595238096,0.6811657029766393,246.71591931216932,34.81008469647122,3ae1d9d4c8c03cf927ab232ae9883fa7,1111111111111111100100111000000010000111111111111111111111111111
0170.jpeg,..\dataset\AI\gpt\0170.jpeg,1,NA,GPT,generic,No,0,,,1080,280,RGB,JPEG,43.8642578125,253.27673611111112,0.6515050202982057,247.60231150793652,32.29130391932742,0d0fe9c4000931c1bc8a92888d374617,1111111111011111100110111000000010000001111111111111111111111111
0171.jpeg,..\dataset\AI\gpt\0171.jpeg,1,NA,GPT,generic,No,0,,,1080,280,RGB,JPEG,42.9599609375,253.33589616402116,0.7342624596072306,247.99287037037038,31.017067467777423,5d99324cf99b6ba118e6882b4a2d8dba,1111111111111111111100111000000010001111111111111111111111111111
0172.jpeg,..\dataset\AI\gpt\0172.jpeg,1,NA,GPT,generic,No,0,,,1080,280,RGB,JPEG,41.1806640625,253.72080026455026,0.6639756360672696,248.8519708994709,29.9022643862923,3efe2158b0846f885701ac31963b2449,1111111111111111110111111000000110000011000111111111111111111111
0173.jpeg,..\dataset\AI\gpt\0173.jpeg,1,NA,GPT,generic,No,0,,,1080,280,RGB,JPEG,42.5869140625,253.47387566137567,0.6843479153150035,247.7214847883598,33.35073938467329,c7367b934f1e4ab99347ddcd78e64ba7,1111111111111111110111111000001110000001100011111111111111111111
0174.jpeg,..\dataset\AI\gpt\0174.jpeg,1,NA,GPT,generic,No,0,,,1080,280,RGB,JPEG,40.939453125,253.45767195767195,0.7065411526052385,248.6015972222222,30.406593930584584,702ad51f394cc89a1036b0006bddca72,1111111111111111111100111100000011001111100111111111111111111111
0175.jpeg,..\dataset\AI\gpt\0175.jpeg,1,NA,GPT,generic,No,0,,,1080,280,RGB,JPEG,41.884765625,253.62098214285714,0.7146979888663381,248.42419312169312,31.47228058333465,aacbcbbad1d94867608b0843b89c9e3f,1111111111011111100101111000000110000011101111111111111111111111
0176.jpeg,..\dataset\AI\gpt\0176.jpeg,1,NA,GPT,generic,No,0,,,1080,280,RGB,JPEG,44.01953125,253.22652116402116,0.7056632688634032,247.4569742063492,33.61232335106,e006aefa23eef870462257832e875ce0,1111111111111111100111111000000110000001001111111011111111111111
0177.jpeg,..\dataset\AI\gpt\0177.jpeg,1,NA,GPT,generic,No,0,,,1080,280,RGB,JPEG,45.88671875,253.1533564814815,0.7097047721846699,246.96015211640213,34.05762700364953,07570c4f4d0830bc46a6ea91a751f243,1111111111011111110000001100000110001111111111111111111111111111
0178.jpeg,..\dataset\AI\gpt\0178.jpeg,1,NA,GPT,generic,No,0,,,1080,280,RGB,JPEG,45.8818359375,253.15813492063492,0.8927952139016733,246.96091931216932,34.15570527537923,3dbbadc5e0e5b8ce9990902f8e5d5d64,1111111111111111111100111000000110000111011111111111111111111111
0179.jpeg,..\dataset\AI\gpt\0179.jpeg,1,NA,GPT,generic,No,0,,,1080,280,RGB,JPEG,40.9677734375,252.68358134920635,0.7578261896544761,247.8570601851852,30.63089120674411,96d6365c16f3b1d05137c8f80a242a37,1111111111111111100000111000000110011111111111111111111111111111
0180.jpeg,..\dataset\AI\gpt\0180.jpeg,1,NA,GPT,generic,No,0,,,1080,280,RGB,JPEG,42.1533203125,252.68973214285714,0.7773967000899555,247.78838624338624,30.672200609883415,d001ef8ac5e396e2e9f5ddcc5b221601,1111111111111111100000101000000110111111111111111111111111111111
0181.jpeg,..\dataset\AI\gpt\0181.jpeg,1,NA,GPT,generic,No,0,,,1080,280,RGB,JPEG,44.921875,253.80591931216932,0.6104507735506831,247.19245701058202,35.200975148945005,fe9e7a98757258212521bc43b931bb4b,1111111111111111110111111001011110000001100000111001111111111111
0182.jpeg,..\dataset\AI\gpt\0182.jpeg,1,NA,GPT,generic,No,0,,,1080,280,RGB,JPEG,42.919921875,253.67949735449736,0.6232565195378549,247.56236772486773,34.072697614083296,295e6f3cec88475e9298d0a46f717fac,1111111111111111110111111100001110000001100011111111111111111111
0183.jpeg,..\dataset\AI\gpt\0183.jpeg,1,NA,GPT,generic,No,0,,,1080,280,RGB,JPEG,41.0615234375,253.801207010582,0.6001668623825999,248.098792989418,32.63155079074137,35da449852e9784380c15e97f0df23cf,1111111111111111111111111100000111000001110111111101111111111111
0184.jpeg,..\dataset\AI\gpt\0184.jpeg,1,NA,GPT,generic,No,0,,,1080,280,RGB,JPEG,42.0849609375,253.6733134920635,0.6274071103725288,248.27286375661376,31.893442632247528,67bc6df3e562ec4d87db4e6079523e4b,1111111111111111110111111001111110000011100000011001111111111111
0185.jpeg,..\dataset\AI\gpt\0185.jpeg,1,NA,GPT,generic,No,0,,,1080,280,RGB,JPEG,43.4794921875,253.64849537037037,0.623746932729675,247.760916005291,33.31652877334086,fecde45fa28dbe6a8e8ecce148387e04,1111111111111111111111111011001110000001100000111111111111111111
0186.jpeg,..\dataset\AI\gpt\0186.jpeg,1,NA,GPT,generic,No,0,,,1080,280,RGB,JPEG,42.1474609375,253.70026455026456,0.6141841354474892,248.43569113756612,31.362795450091603,8c1f7fdb0f587c12869369d9e13f1189,1111111111111111110001111100000011000001110011111111111111111111
0187.jpeg,..\dataset\AI\gpt\0187.jpeg,1,NA,GPT,generic,No,0,,,1080,280,RGB,JPEG,47.947265625,253.41455026455026,0.7148324137506686,246.8285978835979,34.93009874825965,5f454d1cf65adda29ae212862d7d5dc8,1111111111111111111110111100001110000001000110111111111111111111
0188.jpeg,..\dataset\AI\gpt\0188.jpeg,1,NA,GPT,generic,No,0,,,1080,280,RGB,JPEG,43.1279296875,253.26511243386244,0.7487333576098903,248.02443783068784,31.61825860370959,455ff7099f9503644f6af344378d59bf,1111111111111111100111111100000110000011101111111111111111111111
0189.jpeg,..\dataset\AI\gpt\0189.jpeg,1,NA,GPT,generic,No,0,,,1080,280,RGB,JPEG,42.703125,253.2976025132275,0.7404869827578979,248.1651917989418,31.34409410844547,d20ed0b9f857d6aaf9920b38d92f80ab,1111111111111111110000111100000111001011110111111111111111111111
0190.jpeg,..\dataset\AI\gpt\0190.jpeg,1,NA,GPT,generic,No,0,,,1080,280,RGB,JPEG,45.251953125,253.4161541005291,0.7475800624668908,247.68956018518517,32.794910230735695,80f130a48d928728c092ef46d543c16d,1111111111111111111111111001001110000001100001110011111111111111
0191.jpeg,..\dataset\AI\gpt\0191.jpeg,1,NA,GPT,generic,No,0,,,1080,280,RGB,JPEG,45.6357421875,253.52299933862435,0.6845325317591558,247.23109457671958,34.32528846154929,7289255e99af62440b44002353bc9392,1111111111111111111111111010001110000001100100111111111111111111
0192.jpeg,..\dataset\AI\gpt\0192.jpeg,1,NA,GPT,generic,No,0,,,1080,280,RGB,JPEG,46.3603515625,253.52964616402116,1.52875245475577,246.94767526455027,35.11506760780757,e1fc4a36ac47850d9d73cba0ddcf01f5,1111111111111111110111111110001110000000100111111111111111111111
0193.jpeg,..\dataset\AI\gpt\0193.jpeg,1,NA,GPT,generic,No,0,,,1080,280,RGB,JPEG,41.259765625,252.68998015873015,0.7133358363907844,248.07120701058201,29.053447924603987,f02a0db901f9f76daa34d4595e18bace,1111111111111111111111111100001110000001000111111111111111111111
0194.jpeg,..\dataset\AI\gpt\0194.jpeg,1,NA,GPT,generic,No,0,,,1080,280,RGB,JPEG,41.6064453125,253.07666997354497,0.7646008370544319,248.34651785714286,29.564741667154486,a21a679f62cdf9b5a57b04962a4efba0,1111111111111111100111111000011110000001100100111111111111111111
0195.jpeg,..\dataset\AI\gpt\0195.jpeg,1,NA,GPT,generic,No,0,,,1080,280,RGB,JPEG,45.7216796875,253.12357804232803,2.3739463609351468,247.0643716931217,33.413692666448526,7ed2b6d062dc63ca4c0b566b06069850,1111111111111111111110111100000010001001111111111011111111111111
0196.jpeg,..\dataset\AI\gpt\0196.jpeg,1,NA,GPT,generic,No,0,,,1080,280,RGB,JPEG,47.28515625,252.44975198412698,0.8046172999225703,246.2190939153439,34.463033265767876,67ab4364e20a2a4d6b40b8cb77f016e5,1111111111011111100000111000000110010011111111111111111111111111
0197.jpeg,..\dataset\AI\gpt\0197.jpeg,1,NA,GPT,generic,No,0,,,1080,280,RGB,JPEG,43.13671875,252.50322420634922,0.7968955480778693,247.76300925925926,30.565034847519364,8f98b113b96ff064504267d04fcf74cd,1111111111011111100101111000000110000011111111111111111111111111
0198.jpeg,..\dataset\AI\gpt\0198.jpeg,1,NA,GPT,generic,No,0,,,1080,280,RGB,JPEG,45.40234375,252.63048941798942,1.0573046612558832,246.87402777777777,33.23885366410807,02e59d6572213f9252049109f8b6570b,1111111111111111110000001100000110111111111111111111111111111111
